{
    "name": "dmcas_lift",
    "revision": 0,
    "order": 0,
    "parameterMap": {
        "_NObs_": {
            "parameter": "_NObs_",
            "type": "num",
            "label": "Sum of Frequencies",
            "length": 8,
            "order": 9,
            "values": [
                "_NObs_"
            ],
            "preformatted": false
        },
        "_Depth_": {
            "parameter": "_Depth_",
            "type": "num",
            "label": "Depth",
            "length": 8,
            "order": 7,
            "values": [
                "_Depth_"
            ],
            "preformatted": false
        },
        "_CumRespBest_": {
            "parameter": "_CumRespBest_",
            "type": "num",
            "label": "Best Cumulative Captured Response Percentage",
            "length": 8,
            "order": 17,
            "values": [
                "_CumRespBest_"
            ],
            "preformatted": false
        },
        "_formattedPartition_": {
            "parameter": "_formattedPartition_",
            "type": "char",
            "label": "Formatted Partition",
            "length": 12,
            "order": 4,
            "values": [
                "_formattedPartition_"
            ],
            "preformatted": false
        },
        "_Column_": {
            "parameter": "_Column_",
            "type": "char",
            "label": "Analysis Variable",
            "length": 8,
            "order": 5,
            "values": [
                "_Column_"
            ],
            "preformatted": false
        },
        "_RespBest_": {
            "parameter": "_RespBest_",
            "type": "num",
            "label": "Best Captured Response Percentage",
            "length": 8,
            "order": 13,
            "values": [
                "_RespBest_"
            ],
            "preformatted": false
        },
        "_DataRole_": {
            "parameter": "_DataRole_",
            "type": "char",
            "label": "Data Role",
            "length": 10,
            "order": 2,
            "values": [
                "_DataRole_"
            ],
            "preformatted": false
        },
        "_CumResp_": {
            "parameter": "_CumResp_",
            "type": "num",
            "label": "Cumulative Captured Response Percentage",
            "length": 8,
            "order": 16,
            "values": [
                "_CumResp_"
            ],
            "preformatted": false
        },
        "_PctRespBest_": {
            "parameter": "_PctRespBest_",
            "type": "num",
            "label": "Best Response Percentage",
            "length": 8,
            "order": 21,
            "values": [
                "_PctRespBest_"
            ],
            "preformatted": false
        },
        "_Gain_": {
            "parameter": "_Gain_",
            "type": "num",
            "label": "Gain",
            "length": 8,
            "order": 24,
            "values": [
                "_Gain_"
            ],
            "preformatted": false
        },
        "_CumLift_": {
            "parameter": "_CumLift_",
            "type": "num",
            "label": "Cumulative Lift",
            "length": 8,
            "order": 18,
            "values": [
                "_CumLift_"
            ],
            "preformatted": false
        },
        "_Event_": {
            "parameter": "_Event_",
            "type": "char",
            "label": "Event",
            "length": 12,
            "order": 6,
            "values": [
                "_Event_"
            ],
            "preformatted": false
        },
        "_TargetName_": {
            "parameter": "_TargetName_",
            "type": "char",
            "label": "Target Name",
            "length": 6,
            "order": 1,
            "values": [
                "_TargetName_"
            ],
            "preformatted": false
        },
        "_PctResp_": {
            "parameter": "_PctResp_",
            "type": "num",
            "label": "Response Percentage",
            "length": 8,
            "order": 20,
            "values": [
                "_PctResp_"
            ],
            "preformatted": false
        },
        "_GainBest_": {
            "parameter": "_GainBest_",
            "type": "num",
            "label": "Best Gain",
            "length": 8,
            "order": 25,
            "values": [
                "_GainBest_"
            ],
            "preformatted": false
        },
        "_CumLiftBest_": {
            "parameter": "_CumLiftBest_",
            "type": "num",
            "label": "Best Cumulative Lift",
            "length": 8,
            "order": 19,
            "values": [
                "_CumLiftBest_"
            ],
            "preformatted": false
        },
        "_Lift_": {
            "parameter": "_Lift_",
            "type": "num",
            "label": "Lift",
            "length": 8,
            "order": 14,
            "values": [
                "_Lift_"
            ],
            "preformatted": false
        },
        "_CumPctResp_": {
            "parameter": "_CumPctResp_",
            "type": "num",
            "label": "Cumulative Response Percentage",
            "length": 8,
            "order": 22,
            "values": [
                "_CumPctResp_"
            ],
            "preformatted": false
        },
        "_NEventsBest_": {
            "parameter": "_NEventsBest_",
            "type": "num",
            "label": "Best Number of Events",
            "length": 8,
            "order": 11,
            "values": [
                "_NEventsBest_"
            ],
            "preformatted": false
        },
        "_CumPctRespBest_": {
            "parameter": "_CumPctRespBest_",
            "type": "num",
            "label": "Best Cumulative Response Percentage",
            "length": 8,
            "order": 23,
            "values": [
                "_CumPctRespBest_"
            ],
            "preformatted": false
        },
        "_Value_": {
            "parameter": "_Value_",
            "type": "num",
            "label": "Value",
            "length": 8,
            "order": 8,
            "values": [
                "_Value_"
            ],
            "preformatted": false
        },
        "_NEvents_": {
            "parameter": "_NEvents_",
            "type": "num",
            "label": "Number of Events",
            "length": 8,
            "order": 10,
            "values": [
                "_NEvents_"
            ],
            "preformatted": false
        },
        "_LiftBest_": {
            "parameter": "_LiftBest_",
            "type": "num",
            "label": "Best Lift",
            "length": 8,
            "order": 15,
            "values": [
                "_LiftBest_"
            ],
            "preformatted": false
        },
        "_PartInd_": {
            "parameter": "_PartInd_",
            "type": "num",
            "label": "Partition Indicator",
            "length": 8,
            "order": 3,
            "values": [
                "_PartInd_"
            ],
            "preformatted": false
        },
        "_Resp_": {
            "parameter": "_Resp_",
            "type": "num",
            "label": "Captured Response Percentage",
            "length": 8,
            "order": 12,
            "values": [
                "_Resp_"
            ],
            "preformatted": false
        }
    },
    "data": [
        {
            "dataMap": {
                "_NObs_": "0",
                "_Depth_": "0",
                "_CumRespBest_": "0",
                "_formattedPartition_": "           2",
                "_column_": "predict",
                "_RespBest_": "0",
                "_DataRole_": "TEST",
                "_CumResp_": "0",
                "_Event_": "1",
                "_TargetName_": "Maintenance_flag",
                "_NEventsBest_": "0",
                "_Value_": "0",
                "_NEvents_": "0",
                "_PartInd_": "2",
                "_Resp_": "0"
            },
            "rowNumber": 1
        },
        {
            "dataMap": {
                "_NObs_": "125.0",
                "_Depth_": "5.0",
                "_CumRespBest_": "22.5225225225225",
                "_formattedPartition_": "           2",
                "_column_": "predict",
                "_RespBest_": "22.5225225225225",
                "_DataRole_": "TEST",
                "_CumResp_": "13.5135135135135",
                "_PctRespBest_": "100.0",
                "_Gain_": "1.7027027027027",
                "_CumLift_": "2.7027027027027",
                "_Event_": "1",
                "_TargetName_": "Maintenance_flag",
                "_PctResp_": "60.0",
                "_GainBest_": "3.5045045045045",
                "_CumLiftBest_": "4.5045045045045",
                "_Lift_": "2.7027027027027",
                "_CumPctResp_": "60.0",
                "_NEventsBest_": "125.0",
                "_CumPctRespBest_": "100.0",
                "_Value_": "1.0",
                "_NEvents_": "75.0",
                "_LiftBest_": "4.5045045045045",
                "_PartInd_": "2",
                "_Resp_": "13.5135135135135"
            },
            "rowNumber": 2
        },
        {
            "dataMap": {
                "_NObs_": "125.0",
                "_Depth_": "10.0",
                "_CumRespBest_": "45.045045045045",
                "_formattedPartition_": "           2",
                "_column_": "predict",
                "_RespBest_": "22.5225225225225",
                "_DataRole_": "TEST",
                "_CumResp_": "27.027027027027",
                "_PctRespBest_": "100.0",
                "_Gain_": "1.7027027027027",
                "_CumLift_": "2.7027027027027",
                "_Event_": "1",
                "_TargetName_": "Maintenance_flag",
                "_PctResp_": "60.0",
                "_GainBest_": "3.5045045045045",
                "_CumLiftBest_": "4.5045045045045",
                "_Lift_": "2.7027027027027",
                "_CumPctResp_": "60.0",
                "_NEventsBest_": "125.0",
                "_CumPctRespBest_": "100.0",
                "_Value_": "1.0",
                "_NEvents_": "75.0",
                "_LiftBest_": "4.5045045045045",
                "_PartInd_": "2",
                "_Resp_": "13.5135135135135"
            },
            "rowNumber": 3
        },
        {
            "dataMap": {
                "_NObs_": "125.0",
                "_Depth_": "15.0",
                "_CumRespBest_": "67.5675675675675",
                "_formattedPartition_": "           2",
                "_column_": "predict",
                "_RespBest_": "22.5225225225225",
                "_DataRole_": "TEST",
                "_CumResp_": "40.5405405405405",
                "_PctRespBest_": "100.0",
                "_Gain_": "1.7027027027027",
                "_CumLift_": "2.7027027027027",
                "_Event_": "1",
                "_TargetName_": "Maintenance_flag",
                "_PctResp_": "60.0",
                "_GainBest_": "3.5045045045045",
                "_CumLiftBest_": "4.5045045045045",
                "_Lift_": "2.7027027027027",
                "_CumPctResp_": "60.0",
                "_NEventsBest_": "125.0",
                "_CumPctRespBest_": "100.0",
                "_Value_": "1.0",
                "_NEvents_": "75.0",
                "_LiftBest_": "4.5045045045045",
                "_PartInd_": "2",
                "_Resp_": "13.5135135135135"
            },
            "rowNumber": 4
        },
        {
            "dataMap": {
                "_NObs_": "125.0",
                "_Depth_": "20.0",
                "_CumRespBest_": "90.0900900900901",
                "_formattedPartition_": "           2",
                "_column_": "predict",
                "_RespBest_": "22.5225225225225",
                "_DataRole_": "TEST",
                "_CumResp_": "54.054054054054",
                "_PctRespBest_": "100.0",
                "_Gain_": "1.7027027027027",
                "_CumLift_": "2.7027027027027",
                "_Event_": "1",
                "_TargetName_": "Maintenance_flag",
                "_PctResp_": "60.0",
                "_GainBest_": "3.5045045045045",
                "_CumLiftBest_": "4.5045045045045",
                "_Lift_": "2.7027027027027",
                "_CumPctResp_": "60.0",
                "_NEventsBest_": "125.0",
                "_CumPctRespBest_": "100.0",
                "_Value_": "1.0",
                "_NEvents_": "75.0",
                "_LiftBest_": "4.5045045045045",
                "_PartInd_": "2",
                "_Resp_": "13.5135135135135"
            },
            "rowNumber": 5
        },
        {
            "dataMap": {
                "_NObs_": "125.0",
                "_Depth_": "25.0",
                "_CumRespBest_": "100.0",
                "_formattedPartition_": "           2",
                "_column_": "predict",
                "_RespBest_": "9.90990990990991",
                "_DataRole_": "TEST",
                "_CumResp_": "67.5675675675675",
                "_PctRespBest_": "44.0",
                "_Gain_": "1.7027027027027",
                "_CumLift_": "2.7027027027027",
                "_Event_": "1",
                "_TargetName_": "Maintenance_flag",
                "_PctResp_": "60.0",
                "_GainBest_": "3.0",
                "_CumLiftBest_": "4.0",
                "_Lift_": "2.7027027027027",
                "_CumPctResp_": "60.0",
                "_NEventsBest_": "55.0",
                "_CumPctRespBest_": "88.8",
                "_Value_": "1.0",
                "_NEvents_": "75.0",
                "_LiftBest_": "1.98198198198198",
                "_PartInd_": "2",
                "_Resp_": "13.5135135135135"
            },
            "rowNumber": 6
        },
        {
            "dataMap": {
                "_NObs_": "125.0",
                "_Depth_": "30.0",
                "_CumRespBest_": "100.0",
                "_formattedPartition_": "           2",
                "_column_": "predict",
                "_RespBest_": "0.0",
                "_DataRole_": "TEST",
                "_CumResp_": "78.6841139782316",
                "_PctRespBest_": "0.0",
                "_Gain_": "1.62280379927438",
                "_CumLift_": "2.62280379927438",
                "_Event_": "1",
                "_TargetName_": "Maintenance_flag",
                "_PctResp_": "49.3574660633484",
                "_GainBest_": "2.33333333333333",
                "_CumLiftBest_": "3.33333333333333",
                "_Lift_": "2.22330928213281",
                "_CumPctResp_": "58.2262443438914",
                "_NEventsBest_": "0.0",
                "_CumPctRespBest_": "74.0",
                "_Value_": "0.0",
                "_NEvents_": "61.6968325791855",
                "_LiftBest_": "0.0",
                "_PartInd_": "2",
                "_Resp_": "11.116546410664"
            },
            "rowNumber": 7
        },
        {
            "dataMap": {
                "_NObs_": "125.0",
                "_Depth_": "35.0",
                "_CumRespBest_": "100.0",
                "_formattedPartition_": "           2",
                "_column_": "predict",
                "_RespBest_": "0.0",
                "_DataRole_": "TEST",
                "_CumResp_": "80.2127919774978",
                "_PctRespBest_": "0.0",
                "_Gain_": "1.29179405649993",
                "_CumLift_": "2.29179405649993",
                "_Event_": "1",
                "_TargetName_": "Maintenance_flag",
                "_PctResp_": "6.78733031674208",
                "_GainBest_": "1.85714285714285",
                "_CumLiftBest_": "2.85714285714285",
                "_Lift_": "0.30573559985324",
                "_CumPctResp_": "50.8778280542986",
                "_NEventsBest_": "0.0",
                "_CumPctRespBest_": "63.4285714285714",
                "_Value_": "0.0",
                "_NEvents_": "8.4841628959276",
                "_LiftBest_": "0.0",
                "_PartInd_": "2",
                "_Resp_": "1.52867799926623"
            },
            "rowNumber": 8
        },
        {
            "dataMap": {
                "_NObs_": "125.0",
                "_Depth_": "40.0",
                "_CumRespBest_": "100.0",
                "_formattedPartition_": "           2",
                "_column_": "predict",
                "_RespBest_": "0.0",
                "_DataRole_": "TEST",
                "_CumResp_": "81.7414699767641",
                "_PctRespBest_": "0.0",
                "_Gain_": "1.0435367494191",
                "_CumLift_": "2.0435367494191",
                "_Event_": "1",
                "_TargetName_": "Maintenance_flag",
                "_PctResp_": "6.78733031674208",
                "_GainBest_": "1.5",
                "_CumLiftBest_": "2.5",
                "_Lift_": "0.30573559985324",
                "_CumPctResp_": "45.366515837104",
                "_NEventsBest_": "0.0",
                "_CumPctRespBest_": "55.5",
                "_Value_": "0.0",
                "_NEvents_": "8.4841628959276",
                "_LiftBest_": "0.0",
                "_PartInd_": "2",
                "_Resp_": "1.52867799926623"
            },
            "rowNumber": 9
        },
        {
            "dataMap": {
                "_NObs_": "125.0",
                "_Depth_": "45.0",
                "_CumRespBest_": "100.0",
                "_formattedPartition_": "           2",
                "_column_": "predict",
                "_RespBest_": "0.0",
                "_DataRole_": "TEST",
                "_CumResp_": "83.2701479760303",
                "_PctRespBest_": "0.0",
                "_Gain_": "0.85044773280067",
                "_CumLift_": "1.85044773280067",
                "_Event_": "1",
                "_TargetName_": "Maintenance_flag",
                "_PctResp_": "6.78733031674208",
                "_GainBest_": "1.22222222222222",
                "_CumLiftBest_": "2.22222222222222",
                "_Lift_": "0.30573559985324",
                "_CumPctResp_": "41.0799396681749",
                "_NEventsBest_": "0.0",
                "_CumPctRespBest_": "49.3333333333333",
                "_Value_": "0.0",
                "_NEvents_": "8.4841628959276",
                "_LiftBest_": "0.0",
                "_PartInd_": "2",
                "_Resp_": "1.52867799926623"
            },
            "rowNumber": 10
        },
        {
            "dataMap": {
                "_NObs_": "125.0",
                "_Depth_": "50.0",
                "_CumRespBest_": "100.0",
                "_formattedPartition_": "           2",
                "_column_": "predict",
                "_RespBest_": "0.0",
                "_DataRole_": "TEST",
                "_CumResp_": "84.7988259752965",
                "_PctRespBest_": "0.0",
                "_Gain_": "0.69597651950593",
                "_CumLift_": "1.69597651950593",
                "_Event_": "1",
                "_TargetName_": "Maintenance_flag",
                "_PctResp_": "6.78733031674208",
                "_GainBest_": "1.0",
                "_CumLiftBest_": "2.0",
                "_Lift_": "0.30573559985324",
                "_CumPctResp_": "37.6506787330316",
                "_NEventsBest_": "0.0",
                "_CumPctRespBest_": "44.4",
                "_Value_": "0.0",
                "_NEvents_": "8.4841628959276",
                "_LiftBest_": "0.0",
                "_PartInd_": "2",
                "_Resp_": "1.52867799926623"
            },
            "rowNumber": 11
        },
        {
            "dataMap": {
                "_NObs_": "125.0",
                "_Depth_": "55.0",
                "_CumRespBest_": "100.0",
                "_formattedPartition_": "           2",
                "_column_": "predict",
                "_RespBest_": "0.0",
                "_DataRole_": "TEST",
                "_CumResp_": "86.3275039745628",
                "_PctRespBest_": "0.0",
                "_Gain_": "0.56959098135568",
                "_CumLift_": "1.56959098135568",
                "_Event_": "1",
                "_TargetName_": "Maintenance_flag",
                "_PctResp_": "6.78733031674208",
                "_GainBest_": "0.81818181818181",
                "_CumLiftBest_": "1.81818181818181",
                "_Lift_": "0.30573559985324",
                "_CumPctResp_": "34.8449197860962",
                "_NEventsBest_": "0.0",
                "_CumPctRespBest_": "40.3636363636363",
                "_Value_": "0.0",
                "_NEvents_": "8.4841628959276",
                "_LiftBest_": "0.0",
                "_PartInd_": "2",
                "_Resp_": "1.52867799926623"
            },
            "rowNumber": 12
        },
        {
            "dataMap": {
                "_NObs_": "125.0",
                "_Depth_": "60.0",
                "_CumRespBest_": "100.0",
                "_formattedPartition_": "           2",
                "_column_": "predict",
                "_RespBest_": "0.0",
                "_DataRole_": "TEST",
                "_CumResp_": "87.856181973829",
                "_PctRespBest_": "0.0",
                "_Gain_": "0.46426969956381",
                "_CumLift_": "1.46426969956381",
                "_Event_": "1",
                "_TargetName_": "Maintenance_flag",
                "_PctResp_": "6.78733031674208",
                "_GainBest_": "0.66666666666666",
                "_CumLiftBest_": "1.66666666666666",
                "_Lift_": "0.30573559985324",
                "_CumPctResp_": "32.5067873303167",
                "_NEventsBest_": "0.0",
                "_CumPctRespBest_": "37.0",
                "_Value_": "0.0",
                "_NEvents_": "8.4841628959276",
                "_LiftBest_": "0.0",
                "_PartInd_": "2",
                "_Resp_": "1.52867799926623"
            },
            "rowNumber": 13
        },
        {
            "dataMap": {
                "_NObs_": "125.0",
                "_Depth_": "65.0",
                "_CumRespBest_": "100.0",
                "_formattedPartition_": "           2",
                "_column_": "predict",
                "_RespBest_": "0.0",
                "_DataRole_": "TEST",
                "_CumResp_": "89.3848599730952",
                "_PctRespBest_": "0.0",
                "_Gain_": "0.37515169189377",
                "_CumLift_": "1.37515169189377",
                "_Event_": "1",
                "_TargetName_": "Maintenance_flag",
                "_PctResp_": "6.78733031674208",
                "_GainBest_": "0.53846153846153",
                "_CumLiftBest_": "1.53846153846153",
                "_Lift_": "0.30573559985324",
                "_CumPctResp_": "30.5283675600417",
                "_NEventsBest_": "0.0",
                "_CumPctRespBest_": "34.1538461538461",
                "_Value_": "0.0",
                "_NEvents_": "8.4841628959276",
                "_LiftBest_": "0.0",
                "_PartInd_": "2",
                "_Resp_": "1.52867799926623"
            },
            "rowNumber": 14
        },
        {
            "dataMap": {
                "_NObs_": "125.0",
                "_Depth_": "70.0",
                "_CumRespBest_": "100.0",
                "_formattedPartition_": "           2",
                "_column_": "predict",
                "_RespBest_": "0.0",
                "_DataRole_": "TEST",
                "_CumResp_": "90.9135379723615",
                "_PctRespBest_": "0.0",
                "_Gain_": "0.29876482817659",
                "_CumLift_": "1.29876482817659",
                "_Event_": "1",
                "_TargetName_": "Maintenance_flag",
                "_PctResp_": "6.78733031674208",
                "_GainBest_": "0.42857142857142",
                "_CumLiftBest_": "1.42857142857142",
                "_Lift_": "0.30573559985324",
                "_CumPctResp_": "28.8325791855203",
                "_NEventsBest_": "0.0",
                "_CumPctRespBest_": "31.7142857142857",
                "_Value_": "0.0",
                "_NEvents_": "8.4841628959276",
                "_LiftBest_": "0.0",
                "_PartInd_": "2",
                "_Resp_": "1.52867799926623"
            },
            "rowNumber": 15
        },
        {
            "dataMap": {
                "_NObs_": "125.0",
                "_Depth_": "75.0",
                "_CumRespBest_": "100.0",
                "_formattedPartition_": "           2",
                "_column_": "predict",
                "_RespBest_": "0.0",
                "_DataRole_": "TEST",
                "_CumResp_": "92.4422159716277",
                "_PctRespBest_": "0.0",
                "_Gain_": "0.2325628796217",
                "_CumLift_": "1.2325628796217",
                "_Event_": "1",
                "_TargetName_": "Maintenance_flag",
                "_PctResp_": "6.78733031674208",
                "_GainBest_": "0.33333333333333",
                "_CumLiftBest_": "1.33333333333333",
                "_Lift_": "0.30573559985324",
                "_CumPctResp_": "27.3628959276018",
                "_NEventsBest_": "0.0",
                "_CumPctRespBest_": "29.6",
                "_Value_": "0.0",
                "_NEvents_": "8.4841628959276",
                "_LiftBest_": "0.0",
                "_PartInd_": "2",
                "_Resp_": "1.52867799926623"
            },
            "rowNumber": 16
        },
        {
            "dataMap": {
                "_NObs_": "125.0",
                "_Depth_": "80.0",
                "_CumRespBest_": "100.0",
                "_formattedPartition_": "           2",
                "_column_": "predict",
                "_RespBest_": "0.0",
                "_DataRole_": "TEST",
                "_CumResp_": "93.9708939708939",
                "_PctRespBest_": "0.0",
                "_Gain_": "0.17463617463617",
                "_CumLift_": "1.17463617463617",
                "_Event_": "1",
                "_TargetName_": "Maintenance_flag",
                "_PctResp_": "6.78733031674208",
                "_GainBest_": "0.25",
                "_CumLiftBest_": "1.25",
                "_Lift_": "0.30573559985324",
                "_CumPctResp_": "26.076923076923",
                "_NEventsBest_": "0.0",
                "_CumPctRespBest_": "27.75",
                "_Value_": "0.0",
                "_NEvents_": "8.4841628959276",
                "_LiftBest_": "0.0",
                "_PartInd_": "2",
                "_Resp_": "1.52867799926623"
            },
            "rowNumber": 17
        },
        {
            "dataMap": {
                "_NObs_": "125.0",
                "_Depth_": "85.0",
                "_CumRespBest_": "100.0",
                "_formattedPartition_": "           2",
                "_column_": "predict",
                "_RespBest_": "0.0",
                "_DataRole_": "TEST",
                "_CumResp_": "95.4995719701602",
                "_PctRespBest_": "0.0",
                "_Gain_": "0.12352437611953",
                "_CumLift_": "1.12352437611953",
                "_Event_": "1",
                "_TargetName_": "Maintenance_flag",
                "_PctResp_": "6.78733031674208",
                "_GainBest_": "0.17647058823529",
                "_CumLiftBest_": "1.17647058823529",
                "_Lift_": "0.30573559985324",
                "_CumPctResp_": "24.9422411498536",
                "_NEventsBest_": "0.0",
                "_CumPctRespBest_": "26.1176470588235",
                "_Value_": "0.0",
                "_NEvents_": "8.4841628959276",
                "_LiftBest_": "0.0",
                "_PartInd_": "2",
                "_Resp_": "1.52867799926623"
            },
            "rowNumber": 18
        },
        {
            "dataMap": {
                "_NObs_": "125.0",
                "_Depth_": "90.0",
                "_CumRespBest_": "100.0",
                "_formattedPartition_": "           2",
                "_column_": "predict",
                "_RespBest_": "0.0",
                "_DataRole_": "TEST",
                "_CumResp_": "97.0282499694264",
                "_PctRespBest_": "0.0",
                "_Gain_": "0.07809166632696",
                "_CumLift_": "1.07809166632696",
                "_Event_": "1",
                "_TargetName_": "Maintenance_flag",
                "_PctResp_": "6.78733031674208",
                "_GainBest_": "0.11111111111111",
                "_CumLiftBest_": "1.11111111111111",
                "_Lift_": "0.30573559985324",
                "_CumPctResp_": "23.9336349924585",
                "_NEventsBest_": "0.0",
                "_CumPctRespBest_": "24.6666666666666",
                "_Value_": "0.0",
                "_NEvents_": "8.4841628959276",
                "_LiftBest_": "0.0",
                "_PartInd_": "2",
                "_Resp_": "1.52867799926623"
            },
            "rowNumber": 19
        },
        {
            "dataMap": {
                "_NObs_": "125.0",
                "_Depth_": "95.0",
                "_CumRespBest_": "100.0",
                "_formattedPartition_": "           2",
                "_column_": "predict",
                "_RespBest_": "0.0",
                "_DataRole_": "TEST",
                "_CumResp_": "98.5569279686927",
                "_PctRespBest_": "0.0",
                "_Gain_": "0.03744134703887",
                "_CumLift_": "1.03744134703887",
                "_Event_": "1",
                "_TargetName_": "Maintenance_flag",
                "_PctResp_": "6.78733031674208",
                "_GainBest_": "0.05263157894736",
                "_CumLiftBest_": "1.05263157894736",
                "_Lift_": "0.30573559985324",
                "_CumPctResp_": "23.0311979042629",
                "_NEventsBest_": "0.0",
                "_CumPctRespBest_": "23.3684210526315",
                "_Value_": "0.0",
                "_NEvents_": "8.4841628959276",
                "_LiftBest_": "0.0",
                "_PartInd_": "2",
                "_Resp_": "1.52867799926623"
            },
            "rowNumber": 20
        },
        {
            "dataMap": {
                "_NObs_": "118.0",
                "_Depth_": "100.0",
                "_CumRespBest_": "100.0",
                "_formattedPartition_": "           2",
                "_column_": "predict",
                "_RespBest_": "0.0",
                "_DataRole_": "TEST",
                "_CumResp_": "100.0",
                "_PctRespBest_": "0.0",
                "_Gain_": "4.4408920985006e-16",
                "_CumLift_": "1.0",
                "_Event_": "1",
                "_TargetName_": "Maintenance_flag",
                "_PctResp_": "6.78733031674208",
                "_GainBest_": "0.0",
                "_CumLiftBest_": "1.0",
                "_Lift_": "0.28861440626146",
                "_CumPctResp_": "22.2623345367027",
                "_NEventsBest_": "0.0",
                "_CumPctRespBest_": "22.2623345367027",
                "_Value_": "0.0",
                "_NEvents_": "8.00904977375565",
                "_LiftBest_": "0.0",
                "_PartInd_": "2",
                "_Resp_": "1.44307203130732"
            },
            "rowNumber": 21
        }
    ],
    "version": 1,
    "xInteger": false,
    "yInteger": false
}