{
    "name": "dmcas_lift",
    "revision": 0,
    "order": 0,
    "parameterMap": {
        "_NObs_": {
            "parameter": "_NObs_",
            "type": "num",
            "label": "Sum of Frequencies",
            "length": 8,
            "order": 9,
            "values": [
                "_NObs_"
            ],
            "preformatted": false
        },
        "_Depth_": {
            "parameter": "_Depth_",
            "type": "num",
            "label": "Depth",
            "length": 8,
            "order": 7,
            "values": [
                "_Depth_"
            ],
            "preformatted": false
        },
        "_CumRespBest_": {
            "parameter": "_CumRespBest_",
            "type": "num",
            "label": "Best Cumulative Captured Response Percentage",
            "length": 8,
            "order": 17,
            "values": [
                "_CumRespBest_"
            ],
            "preformatted": false
        },
        "_formattedPartition_": {
            "parameter": "_formattedPartition_",
            "type": "char",
            "label": "Formatted Partition",
            "length": 12,
            "order": 4,
            "values": [
                "_formattedPartition_"
            ],
            "preformatted": false
        },
        "_Column_": {
            "parameter": "_Column_",
            "type": "char",
            "label": "Analysis Variable",
            "length": 8,
            "order": 5,
            "values": [
                "_Column_"
            ],
            "preformatted": false
        },
        "_RespBest_": {
            "parameter": "_RespBest_",
            "type": "num",
            "label": "Best Captured Response Percentage",
            "length": 8,
            "order": 13,
            "values": [
                "_RespBest_"
            ],
            "preformatted": false
        },
        "_DataRole_": {
            "parameter": "_DataRole_",
            "type": "char",
            "label": "Data Role",
            "length": 10,
            "order": 2,
            "values": [
                "_DataRole_"
            ],
            "preformatted": false
        },
        "_CumResp_": {
            "parameter": "_CumResp_",
            "type": "num",
            "label": "Cumulative Captured Response Percentage",
            "length": 8,
            "order": 16,
            "values": [
                "_CumResp_"
            ],
            "preformatted": false
        },
        "_PctRespBest_": {
            "parameter": "_PctRespBest_",
            "type": "num",
            "label": "Best Response Percentage",
            "length": 8,
            "order": 21,
            "values": [
                "_PctRespBest_"
            ],
            "preformatted": false
        },
        "_Gain_": {
            "parameter": "_Gain_",
            "type": "num",
            "label": "Gain",
            "length": 8,
            "order": 24,
            "values": [
                "_Gain_"
            ],
            "preformatted": false
        },
        "_CumLift_": {
            "parameter": "_CumLift_",
            "type": "num",
            "label": "Cumulative Lift",
            "length": 8,
            "order": 18,
            "values": [
                "_CumLift_"
            ],
            "preformatted": false
        },
        "_Event_": {
            "parameter": "_Event_",
            "type": "char",
            "label": "Event",
            "length": 12,
            "order": 6,
            "values": [
                "_Event_"
            ],
            "preformatted": false
        },
        "_TargetName_": {
            "parameter": "_TargetName_",
            "type": "char",
            "label": "Target Name",
            "length": 6,
            "order": 1,
            "values": [
                "_TargetName_"
            ],
            "preformatted": false
        },
        "_PctResp_": {
            "parameter": "_PctResp_",
            "type": "num",
            "label": "Response Percentage",
            "length": 8,
            "order": 20,
            "values": [
                "_PctResp_"
            ],
            "preformatted": false
        },
        "_GainBest_": {
            "parameter": "_GainBest_",
            "type": "num",
            "label": "Best Gain",
            "length": 8,
            "order": 25,
            "values": [
                "_GainBest_"
            ],
            "preformatted": false
        },
        "_CumLiftBest_": {
            "parameter": "_CumLiftBest_",
            "type": "num",
            "label": "Best Cumulative Lift",
            "length": 8,
            "order": 19,
            "values": [
                "_CumLiftBest_"
            ],
            "preformatted": false
        },
        "_Lift_": {
            "parameter": "_Lift_",
            "type": "num",
            "label": "Lift",
            "length": 8,
            "order": 14,
            "values": [
                "_Lift_"
            ],
            "preformatted": false
        },
        "_CumPctResp_": {
            "parameter": "_CumPctResp_",
            "type": "num",
            "label": "Cumulative Response Percentage",
            "length": 8,
            "order": 22,
            "values": [
                "_CumPctResp_"
            ],
            "preformatted": false
        },
        "_NEventsBest_": {
            "parameter": "_NEventsBest_",
            "type": "num",
            "label": "Best Number of Events",
            "length": 8,
            "order": 11,
            "values": [
                "_NEventsBest_"
            ],
            "preformatted": false
        },
        "_CumPctRespBest_": {
            "parameter": "_CumPctRespBest_",
            "type": "num",
            "label": "Best Cumulative Response Percentage",
            "length": 8,
            "order": 23,
            "values": [
                "_CumPctRespBest_"
            ],
            "preformatted": false
        },
        "_Value_": {
            "parameter": "_Value_",
            "type": "num",
            "label": "Value",
            "length": 8,
            "order": 8,
            "values": [
                "_Value_"
            ],
            "preformatted": false
        },
        "_NEvents_": {
            "parameter": "_NEvents_",
            "type": "num",
            "label": "Number of Events",
            "length": 8,
            "order": 10,
            "values": [
                "_NEvents_"
            ],
            "preformatted": false
        },
        "_LiftBest_": {
            "parameter": "_LiftBest_",
            "type": "num",
            "label": "Best Lift",
            "length": 8,
            "order": 15,
            "values": [
                "_LiftBest_"
            ],
            "preformatted": false
        },
        "_PartInd_": {
            "parameter": "_PartInd_",
            "type": "num",
            "label": "Partition Indicator",
            "length": 8,
            "order": 3,
            "values": [
                "_PartInd_"
            ],
            "preformatted": false
        },
        "_Resp_": {
            "parameter": "_Resp_",
            "type": "num",
            "label": "Captured Response Percentage",
            "length": 8,
            "order": 12,
            "values": [
                "_Resp_"
            ],
            "preformatted": false
        }
    },
    "data": [
        {
            "dataMap": {
                "_NObs_": "0",
                "_Depth_": "0",
                "_CumRespBest_": "0",
                "_formattedPartition_": "           0",
                "_Column_": "predict",
                "_RespBest_": "0",
                "_DataRole_": "VALIDATE",
                "_CumResp_": "0",
                "_Event_": null,
                "_TargetName_": null,
                "_NEventsBest_": "0",
                "_Value_": "0",
                "_NEvents_": "0",
                "_PartInd_": "0",
                "_Resp_": "0"
            },
            "rowNumber": 1
        },
        {
            "dataMap": {
                "_NObs_": null,
                "_Depth_": null,
                "_CumRespBest_": null,
                "_formattedPartition_": "           0",
                "_column_": "predict",
                "_RespBest_": null,
                "_DataRole_": "VALIDATE",
                "_CumResp_": null,
                "_PctRespBest_": null,
                "_Gain_": null,
                "_CumLift_": null,
                "_Event_": null,
                "_TargetName_": null,
                "_PctResp_": null,
                "_GainBest_": null,
                "_CumLiftBest_": null,
                "_Lift_": null,
                "_CumPctResp_": null,
                "_NEventsBest_": null,
                "_CumPctRespBest_": null,
                "_Value_": null,
                "_NEvents_": null,
                "_LiftBest_": null,
                "_PartInd_": "0",
                "_Resp_": null
            },
            "rowNumber": 2
        },
        {
            "dataMap": {
                "_NObs_": null,
                "_Depth_": null,
                "_CumRespBest_": null,
                "_formattedPartition_": "           0",
                "_column_": "predict",
                "_RespBest_": null,
                "_DataRole_": "VALIDATE",
                "_CumResp_": null,
                "_PctRespBest_": null,
                "_Gain_": null,
                "_CumLift_": null,
                "_Event_": null,
                "_TargetName_": null,
                "_PctResp_": null,
                "_GainBest_": null,
                "_CumLiftBest_": null,
                "_Lift_": null,
                "_CumPctResp_": null,
                "_NEventsBest_": null,
                "_CumPctRespBest_": null,
                "_Value_": null,
                "_NEvents_": null,
                "_LiftBest_": null,
                "_PartInd_": "0",
                "_Resp_": null
            },
            "rowNumber": 3
        },
        {
            "dataMap": {
                "_NObs_": null,
                "_Depth_": null,
                "_CumRespBest_": null,
                "_formattedPartition_": "           0",
                "_column_": "predict",
                "_RespBest_": null,
                "_DataRole_": "VALIDATE",
                "_CumResp_": null,
                "_PctRespBest_": null,
                "_Gain_": null,
                "_CumLift_": null,
                "_Event_": null,
                "_TargetName_": null,
                "_PctResp_": null,
                "_GainBest_": null,
                "_CumLiftBest_": null,
                "_Lift_": null,
                "_CumPctResp_": null,
                "_NEventsBest_": null,
                "_CumPctRespBest_": null,
                "_Value_": null,
                "_NEvents_": null,
                "_LiftBest_": null,
                "_PartInd_": "0",
                "_Resp_": null
            },
            "rowNumber": 4
        },
        {
            "dataMap": {
                "_NObs_": null,
                "_Depth_": null,
                "_CumRespBest_": null,
                "_formattedPartition_": "           0",
                "_column_": "predict",
                "_RespBest_": null,
                "_DataRole_": "VALIDATE",
                "_CumResp_": null,
                "_PctRespBest_": null,
                "_Gain_": null,
                "_CumLift_": null,
                "_Event_": null,
                "_TargetName_": null,
                "_PctResp_": null,
                "_GainBest_": null,
                "_CumLiftBest_": null,
                "_Lift_": null,
                "_CumPctResp_": null,
                "_NEventsBest_": null,
                "_CumPctRespBest_": null,
                "_Value_": null,
                "_NEvents_": null,
                "_LiftBest_": null,
                "_PartInd_": "0",
                "_Resp_": null
            },
            "rowNumber": 5
        },
        {
            "dataMap": {
                "_NObs_": null,
                "_Depth_": null,
                "_CumRespBest_": null,
                "_formattedPartition_": "           0",
                "_column_": "predict",
                "_RespBest_": null,
                "_DataRole_": "VALIDATE",
                "_CumResp_": null,
                "_PctRespBest_": null,
                "_Gain_": null,
                "_CumLift_": null,
                "_Event_": null,
                "_TargetName_": null,
                "_PctResp_": null,
                "_GainBest_": null,
                "_CumLiftBest_": null,
                "_Lift_": null,
                "_CumPctResp_": null,
                "_NEventsBest_": null,
                "_CumPctRespBest_": null,
                "_Value_": null,
                "_NEvents_": null,
                "_LiftBest_": null,
                "_PartInd_": "0",
                "_Resp_": null
            },
            "rowNumber": 6
        },
        {
            "dataMap": {
                "_NObs_": null,
                "_Depth_": null,
                "_CumRespBest_": null,
                "_formattedPartition_": "           0",
                "_column_": "predict",
                "_RespBest_": null,
                "_DataRole_": "VALIDATE",
                "_CumResp_": null,
                "_PctRespBest_": null,
                "_Gain_": null,
                "_CumLift_": null,
                "_Event_": null,
                "_TargetName_": null,
                "_PctResp_": null,
                "_GainBest_": null,
                "_CumLiftBest_": null,
                "_Lift_": null,
                "_CumPctResp_": null,
                "_NEventsBest_": null,
                "_CumPctRespBest_": null,
                "_Value_": null,
                "_NEvents_": null,
                "_LiftBest_": null,
                "_PartInd_": "0",
                "_Resp_": null
            },
            "rowNumber": 7
        },
        {
            "dataMap": {
                "_NObs_": null,
                "_Depth_": null,
                "_CumRespBest_": null,
                "_formattedPartition_": "           0",
                "_column_": "predict",
                "_RespBest_": null,
                "_DataRole_": "VALIDATE",
                "_CumResp_": null,
                "_PctRespBest_": null,
                "_Gain_": null,
                "_CumLift_": null,
                "_Event_": null,
                "_TargetName_": null,
                "_PctResp_": null,
                "_GainBest_": null,
                "_CumLiftBest_": null,
                "_Lift_": null,
                "_CumPctResp_": null,
                "_NEventsBest_": null,
                "_CumPctRespBest_": null,
                "_Value_": null,
                "_NEvents_": null,
                "_LiftBest_": null,
                "_PartInd_": "0",
                "_Resp_": null
            },
            "rowNumber": 8
        },
        {
            "dataMap": {
                "_NObs_": null,
                "_Depth_": null,
                "_CumRespBest_": null,
                "_formattedPartition_": "           0",
                "_column_": "predict",
                "_RespBest_": null,
                "_DataRole_": "VALIDATE",
                "_CumResp_": null,
                "_PctRespBest_": null,
                "_Gain_": null,
                "_CumLift_": null,
                "_Event_": null,
                "_TargetName_": null,
                "_PctResp_": null,
                "_GainBest_": null,
                "_CumLiftBest_": null,
                "_Lift_": null,
                "_CumPctResp_": null,
                "_NEventsBest_": null,
                "_CumPctRespBest_": null,
                "_Value_": null,
                "_NEvents_": null,
                "_LiftBest_": null,
                "_PartInd_": "0",
                "_Resp_": null
            },
            "rowNumber": 9
        },
        {
            "dataMap": {
                "_NObs_": null,
                "_Depth_": null,
                "_CumRespBest_": null,
                "_formattedPartition_": "           0",
                "_column_": "predict",
                "_RespBest_": null,
                "_DataRole_": "VALIDATE",
                "_CumResp_": null,
                "_PctRespBest_": null,
                "_Gain_": null,
                "_CumLift_": null,
                "_Event_": null,
                "_TargetName_": null,
                "_PctResp_": null,
                "_GainBest_": null,
                "_CumLiftBest_": null,
                "_Lift_": null,
                "_CumPctResp_": null,
                "_NEventsBest_": null,
                "_CumPctRespBest_": null,
                "_Value_": null,
                "_NEvents_": null,
                "_LiftBest_": null,
                "_PartInd_": "0",
                "_Resp_": null
            },
            "rowNumber": 10
        },
        {
            "dataMap": {
                "_NObs_": null,
                "_Depth_": null,
                "_CumRespBest_": null,
                "_formattedPartition_": "           0",
                "_column_": "predict",
                "_RespBest_": null,
                "_DataRole_": "VALIDATE",
                "_CumResp_": null,
                "_PctRespBest_": null,
                "_Gain_": null,
                "_CumLift_": null,
                "_Event_": null,
                "_TargetName_": null,
                "_PctResp_": null,
                "_GainBest_": null,
                "_CumLiftBest_": null,
                "_Lift_": null,
                "_CumPctResp_": null,
                "_NEventsBest_": null,
                "_CumPctRespBest_": null,
                "_Value_": null,
                "_NEvents_": null,
                "_LiftBest_": null,
                "_PartInd_": "0",
                "_Resp_": null
            },
            "rowNumber": 11
        },
        {
            "dataMap": {
                "_NObs_": null,
                "_Depth_": null,
                "_CumRespBest_": null,
                "_formattedPartition_": "           0",
                "_column_": "predict",
                "_RespBest_": null,
                "_DataRole_": "VALIDATE",
                "_CumResp_": null,
                "_PctRespBest_": null,
                "_Gain_": null,
                "_CumLift_": null,
                "_Event_": null,
                "_TargetName_": null,
                "_PctResp_": null,
                "_GainBest_": null,
                "_CumLiftBest_": null,
                "_Lift_": null,
                "_CumPctResp_": null,
                "_NEventsBest_": null,
                "_CumPctRespBest_": null,
                "_Value_": null,
                "_NEvents_": null,
                "_LiftBest_": null,
                "_PartInd_": "0",
                "_Resp_": null
            },
            "rowNumber": 12
        },
        {
            "dataMap": {
                "_NObs_": null,
                "_Depth_": null,
                "_CumRespBest_": null,
                "_formattedPartition_": "           0",
                "_column_": "predict",
                "_RespBest_": null,
                "_DataRole_": "VALIDATE",
                "_CumResp_": null,
                "_PctRespBest_": null,
                "_Gain_": null,
                "_CumLift_": null,
                "_Event_": null,
                "_TargetName_": null,
                "_PctResp_": null,
                "_GainBest_": null,
                "_CumLiftBest_": null,
                "_Lift_": null,
                "_CumPctResp_": null,
                "_NEventsBest_": null,
                "_CumPctRespBest_": null,
                "_Value_": null,
                "_NEvents_": null,
                "_LiftBest_": null,
                "_PartInd_": "0",
                "_Resp_": null
            },
            "rowNumber": 13
        },
        {
            "dataMap": {
                "_NObs_": null,
                "_Depth_": null,
                "_CumRespBest_": null,
                "_formattedPartition_": "           0",
                "_column_": "predict",
                "_RespBest_": null,
                "_DataRole_": "VALIDATE",
                "_CumResp_": null,
                "_PctRespBest_": null,
                "_Gain_": null,
                "_CumLift_": null,
                "_Event_": null,
                "_TargetName_": null,
                "_PctResp_": null,
                "_GainBest_": null,
                "_CumLiftBest_": null,
                "_Lift_": null,
                "_CumPctResp_": null,
                "_NEventsBest_": null,
                "_CumPctRespBest_": null,
                "_Value_": null,
                "_NEvents_": null,
                "_LiftBest_": null,
                "_PartInd_": "0",
                "_Resp_": null
            },
            "rowNumber": 14
        },
        {
            "dataMap": {
                "_NObs_": null,
                "_Depth_": null,
                "_CumRespBest_": null,
                "_formattedPartition_": "           0",
                "_column_": "predict",
                "_RespBest_": null,
                "_DataRole_": "VALIDATE",
                "_CumResp_": null,
                "_PctRespBest_": null,
                "_Gain_": null,
                "_CumLift_": null,
                "_Event_": null,
                "_TargetName_": null,
                "_PctResp_": null,
                "_GainBest_": null,
                "_CumLiftBest_": null,
                "_Lift_": null,
                "_CumPctResp_": null,
                "_NEventsBest_": null,
                "_CumPctRespBest_": null,
                "_Value_": null,
                "_NEvents_": null,
                "_LiftBest_": null,
                "_PartInd_": "0",
                "_Resp_": null
            },
            "rowNumber": 15
        },
        {
            "dataMap": {
                "_NObs_": null,
                "_Depth_": null,
                "_CumRespBest_": null,
                "_formattedPartition_": "           0",
                "_column_": "predict",
                "_RespBest_": null,
                "_DataRole_": "VALIDATE",
                "_CumResp_": null,
                "_PctRespBest_": null,
                "_Gain_": null,
                "_CumLift_": null,
                "_Event_": null,
                "_TargetName_": null,
                "_PctResp_": null,
                "_GainBest_": null,
                "_CumLiftBest_": null,
                "_Lift_": null,
                "_CumPctResp_": null,
                "_NEventsBest_": null,
                "_CumPctRespBest_": null,
                "_Value_": null,
                "_NEvents_": null,
                "_LiftBest_": null,
                "_PartInd_": "0",
                "_Resp_": null
            },
            "rowNumber": 16
        },
        {
            "dataMap": {
                "_NObs_": null,
                "_Depth_": null,
                "_CumRespBest_": null,
                "_formattedPartition_": "           0",
                "_column_": "predict",
                "_RespBest_": null,
                "_DataRole_": "VALIDATE",
                "_CumResp_": null,
                "_PctRespBest_": null,
                "_Gain_": null,
                "_CumLift_": null,
                "_Event_": null,
                "_TargetName_": null,
                "_PctResp_": null,
                "_GainBest_": null,
                "_CumLiftBest_": null,
                "_Lift_": null,
                "_CumPctResp_": null,
                "_NEventsBest_": null,
                "_CumPctRespBest_": null,
                "_Value_": null,
                "_NEvents_": null,
                "_LiftBest_": null,
                "_PartInd_": "0",
                "_Resp_": null
            },
            "rowNumber": 17
        },
        {
            "dataMap": {
                "_NObs_": null,
                "_Depth_": null,
                "_CumRespBest_": null,
                "_formattedPartition_": "           0",
                "_column_": "predict",
                "_RespBest_": null,
                "_DataRole_": "VALIDATE",
                "_CumResp_": null,
                "_PctRespBest_": null,
                "_Gain_": null,
                "_CumLift_": null,
                "_Event_": null,
                "_TargetName_": null,
                "_PctResp_": null,
                "_GainBest_": null,
                "_CumLiftBest_": null,
                "_Lift_": null,
                "_CumPctResp_": null,
                "_NEventsBest_": null,
                "_CumPctRespBest_": null,
                "_Value_": null,
                "_NEvents_": null,
                "_LiftBest_": null,
                "_PartInd_": "0",
                "_Resp_": null
            },
            "rowNumber": 18
        },
        {
            "dataMap": {
                "_NObs_": null,
                "_Depth_": null,
                "_CumRespBest_": null,
                "_formattedPartition_": "           0",
                "_column_": "predict",
                "_RespBest_": null,
                "_DataRole_": "VALIDATE",
                "_CumResp_": null,
                "_PctRespBest_": null,
                "_Gain_": null,
                "_CumLift_": null,
                "_Event_": null,
                "_TargetName_": null,
                "_PctResp_": null,
                "_GainBest_": null,
                "_CumLiftBest_": null,
                "_Lift_": null,
                "_CumPctResp_": null,
                "_NEventsBest_": null,
                "_CumPctRespBest_": null,
                "_Value_": null,
                "_NEvents_": null,
                "_LiftBest_": null,
                "_PartInd_": "0",
                "_Resp_": null
            },
            "rowNumber": 19
        },
        {
            "dataMap": {
                "_NObs_": null,
                "_Depth_": null,
                "_CumRespBest_": null,
                "_formattedPartition_": "           0",
                "_column_": "predict",
                "_RespBest_": null,
                "_DataRole_": "VALIDATE",
                "_CumResp_": null,
                "_PctRespBest_": null,
                "_Gain_": null,
                "_CumLift_": null,
                "_Event_": null,
                "_TargetName_": null,
                "_PctResp_": null,
                "_GainBest_": null,
                "_CumLiftBest_": null,
                "_Lift_": null,
                "_CumPctResp_": null,
                "_NEventsBest_": null,
                "_CumPctRespBest_": null,
                "_Value_": null,
                "_NEvents_": null,
                "_LiftBest_": null,
                "_PartInd_": "0",
                "_Resp_": null
            },
            "rowNumber": 20
        },
        {
            "dataMap": {
                "_NObs_": null,
                "_Depth_": null,
                "_CumRespBest_": null,
                "_formattedPartition_": "           0",
                "_column_": "predict",
                "_RespBest_": null,
                "_DataRole_": "VALIDATE",
                "_CumResp_": null,
                "_PctRespBest_": null,
                "_Gain_": null,
                "_CumLift_": null,
                "_Event_": null,
                "_TargetName_": null,
                "_PctResp_": null,
                "_GainBest_": null,
                "_CumLiftBest_": null,
                "_Lift_": null,
                "_CumPctResp_": null,
                "_NEventsBest_": null,
                "_CumPctRespBest_": null,
                "_Value_": null,
                "_NEvents_": null,
                "_LiftBest_": null,
                "_PartInd_": "0",
                "_Resp_": null
            },
            "rowNumber": 21
        },
        {
            "dataMap": {
                "_NObs_": "0",
                "_Depth_": "0",
                "_CumRespBest_": "0",
                "_formattedPartition_": "           1",
                "_column_": "predict",
                "_RespBest_": "0",
                "_DataRole_": "TRAIN",
                "_CumResp_": "0",
                "_Event_": null,
                "_TargetName_": null,
                "_NEventsBest_": "0",
                "_Value_": "0",
                "_NEvents_": "0",
                "_PartInd_": "1",
                "_Resp_": "0"
            },
            "rowNumber": 22
        },
        {
            "dataMap": {
                "_NObs_": 209.0,
                "_Depth_": 5.0,
                "_CumRespBest_": 25.6756756756756,
                "_formattedPartition_": "           1",
                "_column_": "predict",
                "_RespBest_": 25.6756756756756,
                "_DataRole_": "TRAIN",
                "_CumResp_": 19.3024972716184,
                "_PctRespBest_": 100.0,
                "_Gain_": 2.86049945432368,
                "_CumLift_": 3.86049945432368,
                "_Event_": "1",
                "_TargetName_": null,
                "_PctResp_": 75.1781472684085,
                "_GainBest_": 4.13513513513513,
                "_CumLiftBest_": 5.13513513513513,
                "_Lift_": 3.86049945432368,
                "_CumPctResp_": 75.1781472684085,
                "_NEventsBest_": 209.0,
                "_CumPctRespBest_": 100.0,
                "_Value_": 1.0,
                "_NEvents_": 157.122327790973,
                "_LiftBest_": 5.13513513513513,
                "_PartInd_": "1",
                "_Resp_": 19.3024972716184,
                "_Column_": "actual"
            },
            "rowNumber": 23
        },
        {
            "dataMap": {
                "_NObs_": 209.0,
                "_Depth_": 10.0,
                "_CumRespBest_": 51.3513513513513,
                "_formattedPartition_": "           1",
                "_column_": "predict",
                "_RespBest_": 25.6756756756756,
                "_DataRole_": "TRAIN",
                "_CumResp_": 38.6049945432368,
                "_PctRespBest_": 100.0,
                "_Gain_": 2.86049945432368,
                "_CumLift_": 3.86049945432368,
                "_Event_": "1",
                "_TargetName_": null,
                "_PctResp_": 75.1781472684085,
                "_GainBest_": 4.13513513513513,
                "_CumLiftBest_": 5.13513513513513,
                "_Lift_": 3.86049945432368,
                "_CumPctResp_": 75.1781472684085,
                "_NEventsBest_": 209.0,
                "_CumPctRespBest_": 100.0,
                "_Value_": 1.0,
                "_NEvents_": 157.122327790973,
                "_LiftBest_": 5.13513513513513,
                "_PartInd_": "1",
                "_Resp_": 19.3024972716184,
                "_Column_": "actual"
            },
            "rowNumber": 24
        },
        {
            "dataMap": {
                "_NObs_": 209.0,
                "_Depth_": 15.0,
                "_CumRespBest_": 77.027027027027,
                "_formattedPartition_": "           1",
                "_column_": "predict",
                "_RespBest_": 25.6756756756756,
                "_DataRole_": "TRAIN",
                "_CumResp_": 57.9074918148552,
                "_PctRespBest_": 100.0,
                "_Gain_": 2.86049945432368,
                "_CumLift_": 3.86049945432368,
                "_Event_": "1",
                "_TargetName_": null,
                "_PctResp_": 75.1781472684085,
                "_GainBest_": 4.13513513513513,
                "_CumLiftBest_": 5.13513513513513,
                "_Lift_": 3.86049945432368,
                "_CumPctResp_": 75.1781472684085,
                "_NEventsBest_": 209.0,
                "_CumPctRespBest_": 100.0,
                "_Value_": 1.0,
                "_NEvents_": 157.122327790973,
                "_LiftBest_": 5.13513513513513,
                "_PartInd_": "1",
                "_Resp_": 19.3024972716184,
                "_Column_": "actual"
            },
            "rowNumber": 25
        },
        {
            "dataMap": {
                "_NObs_": 209.0,
                "_Depth_": 20.0,
                "_CumRespBest_": 100.0,
                "_formattedPartition_": "           1",
                "_column_": "predict",
                "_RespBest_": 22.9729729729729,
                "_DataRole_": "TRAIN",
                "_CumResp_": 77.2099890864736,
                "_PctRespBest_": 89.4736842105263,
                "_Gain_": 2.86049945432368,
                "_CumLift_": 3.86049945432368,
                "_Event_": "1",
                "_TargetName_": null,
                "_PctResp_": 75.1781472684085,
                "_GainBest_": 4.0,
                "_CumLiftBest_": 5.0,
                "_Lift_": 3.86049945432368,
                "_CumPctResp_": 75.1781472684085,
                "_NEventsBest_": 187.0,
                "_CumPctRespBest_": 97.3684210526316,
                "_Value_": 1.0,
                "_NEvents_": 157.122327790973,
                "_LiftBest_": 4.59459459459459,
                "_PartInd_": "1",
                "_Resp_": 19.3024972716184,
                "_Column_": "actual"
            },
            "rowNumber": 26
        },
        {
            "dataMap": {
                "_NObs_": 209.0,
                "_Depth_": 25.0,
                "_CumRespBest_": 100.0,
                "_formattedPartition_": "           1",
                "_column_": "predict",
                "_RespBest_": 0.0,
                "_DataRole_": "TRAIN",
                "_CumResp_": 79.1196479034316,
                "_PctRespBest_": 0.0,
                "_Gain_": 2.16478591613726,
                "_CumLift_": 3.16478591613726,
                "_Event_": "1",
                "_TargetName_": null,
                "_PctResp_": 7.43761855025763,
                "_GainBest_": 3.0,
                "_CumLiftBest_": 4.0,
                "_Lift_": 0.3819317633916,
                "_CumPctResp_": 61.6300415247783,
                "_NEventsBest_": 0.0,
                "_CumPctRespBest_": 77.8947368421052,
                "_Value_": 0.0,
                "_NEvents_": 15.5446227700384,
                "_LiftBest_": 0.0,
                "_PartInd_": "1",
                "_Resp_": 1.90965881695804,
                "_Column_": "actual"
            },
            "rowNumber": 27
        },
        {
            "dataMap": {
                "_NObs_": 209.0,
                "_Depth_": 30.0,
                "_CumRespBest_": 100.0,
                "_formattedPartition_": "           1",
                "_column_": "predict",
                "_RespBest_": 0.0,
                "_DataRole_": "TRAIN",
                "_CumResp_": 80.5152326773948,
                "_PctRespBest_": 0.0,
                "_Gain_": 1.68384108924649,
                "_CumLift_": 2.68384108924649,
                "_Event_": "1",
                "_TargetName_": null,
                "_PctResp_": 5.43543543543543,
                "_GainBest_": 2.33333333333333,
                "_CumLiftBest_": 3.33333333333333,
                "_Lift_": 0.27911695479263,
                "_CumPctResp_": 52.2642738432212,
                "_NEventsBest_": 0.0,
                "_CumPctRespBest_": 64.9122807017543,
                "_Value_": 0.0,
                "_NEvents_": 11.36006006006,
                "_LiftBest_": 0.0,
                "_PartInd_": "1",
                "_Resp_": 1.39558477396315,
                "_Column_": "actual"
            },
            "rowNumber": 28
        },
        {
            "dataMap": {
                "_NObs_": 209.0,
                "_Depth_": 35.0,
                "_CumRespBest_": 100.0,
                "_formattedPartition_": "           1",
                "_column_": "predict",
                "_RespBest_": 0.0,
                "_DataRole_": "TRAIN",
                "_CumResp_": 81.9108174513579,
                "_PctRespBest_": 0.0,
                "_Gain_": 1.34030907003879,
                "_CumLift_": 2.3403090700388,
                "_Event_": "1",
                "_TargetName_": null,
                "_PctResp_": 5.43543543543543,
                "_GainBest_": 1.85714285714285,
                "_CumLiftBest_": 2.85714285714285,
                "_Lift_": 0.27911695479263,
                "_CumPctResp_": 45.5744397849661,
                "_NEventsBest_": 0.0,
                "_CumPctRespBest_": 55.6390977443609,
                "_Value_": 0.0,
                "_NEvents_": 11.36006006006,
                "_LiftBest_": 0.0,
                "_PartInd_": "1",
                "_Resp_": 1.39558477396315,
                "_Column_": "actual"
            },
            "rowNumber": 29
        },
        {
            "dataMap": {
                "_NObs_": 209.0,
                "_Depth_": 40.0,
                "_CumRespBest_": 100.0,
                "_formattedPartition_": "           1",
                "_column_": "predict",
                "_RespBest_": 0.0,
                "_DataRole_": "TRAIN",
                "_CumResp_": 83.3064022253211,
                "_PctRespBest_": 0.0,
                "_Gain_": 1.08266005563302,
                "_CumLift_": 2.08266005563302,
                "_Event_": "1",
                "_TargetName_": null,
                "_PctResp_": 5.43543543543543,
                "_GainBest_": 1.5,
                "_CumLiftBest_": 2.5,
                "_Lift_": 0.27911695479263,
                "_CumPctResp_": 40.5570642412747,
                "_NEventsBest_": 0.0,
                "_CumPctRespBest_": 48.6842105263158,
                "_Value_": 0.0,
                "_NEvents_": 11.36006006006,
                "_LiftBest_": 0.0,
                "_PartInd_": "1",
                "_Resp_": 1.39558477396315,
                "_Column_": "actual"
            },
            "rowNumber": 30
        },
        {
            "dataMap": {
                "_NObs_": 209.0,
                "_Depth_": 45.0,
                "_CumRespBest_": 100.0,
                "_formattedPartition_": "           1",
                "_column_": "predict",
                "_RespBest_": 0.0,
                "_DataRole_": "TRAIN",
                "_CumResp_": 84.7019869992843,
                "_PctRespBest_": 0.0,
                "_Gain_": 0.88226637776187,
                "_CumLift_": 1.88226637776187,
                "_Event_": "1",
                "_TargetName_": null,
                "_PctResp_": 5.43543543543543,
                "_GainBest_": 1.22222222222222,
                "_CumLiftBest_": 2.22222222222222,
                "_Lift_": 0.27911695479263,
                "_CumPctResp_": 36.6546610406259,
                "_NEventsBest_": 0.0,
                "_CumPctRespBest_": 43.2748538011695,
                "_Value_": 0.0,
                "_NEvents_": 11.36006006006,
                "_LiftBest_": 0.0,
                "_PartInd_": "1",
                "_Resp_": 1.39558477396315,
                "_Column_": "actual"
            },
            "rowNumber": 31
        },
        {
            "dataMap": {
                "_NObs_": 209.0,
                "_Depth_": 50.0,
                "_CumRespBest_": 100.0,
                "_formattedPartition_": "           1",
                "_column_": "predict",
                "_RespBest_": 0.0,
                "_DataRole_": "TRAIN",
                "_CumResp_": 86.0975717732474,
                "_PctRespBest_": 0.0,
                "_Gain_": 0.72195143546494,
                "_CumLift_": 1.72195143546494,
                "_Event_": "1",
                "_TargetName_": null,
                "_PctResp_": 5.43543543543543,
                "_GainBest_": 1.0,
                "_CumLiftBest_": 2.0,
                "_Lift_": 0.27911695479263,
                "_CumPctResp_": 33.5327384801069,
                "_NEventsBest_": 0.0,
                "_CumPctRespBest_": 38.9473684210526,
                "_Value_": 0.0,
                "_NEvents_": 11.36006006006,
                "_LiftBest_": 0.0,
                "_PartInd_": "1",
                "_Resp_": 1.39558477396315,
                "_Column_": "actual"
            },
            "rowNumber": 32
        },
        {
            "dataMap": {
                "_NObs_": 209.0,
                "_Depth_": 55.0,
                "_CumRespBest_": 100.0,
                "_formattedPartition_": "           1",
                "_column_": "predict",
                "_RespBest_": 0.0,
                "_DataRole_": "TRAIN",
                "_CumResp_": 87.4931565472106,
                "_PctRespBest_": 0.0,
                "_Gain_": 0.59078466449473,
                "_CumLift_": 1.59078466449473,
                "_Event_": "1",
                "_TargetName_": null,
                "_PctResp_": 5.43543543543543,
                "_GainBest_": 0.81818181818181,
                "_CumLiftBest_": 1.81818181818181,
                "_Lift_": 0.27911695479263,
                "_CumPctResp_": 30.9784382033185,
                "_NEventsBest_": 0.0,
                "_CumPctRespBest_": 35.4066985645933,
                "_Value_": 0.0,
                "_NEvents_": 11.36006006006,
                "_LiftBest_": 0.0,
                "_PartInd_": "1",
                "_Resp_": 1.39558477396315,
                "_Column_": "actual"
            },
            "rowNumber": 33
        },
        {
            "dataMap": {
                "_NObs_": 209.0,
                "_Depth_": 60.0,
                "_CumRespBest_": 100.0,
                "_formattedPartition_": "           1",
                "_column_": "predict",
                "_RespBest_": 0.0,
                "_DataRole_": "TRAIN",
                "_CumResp_": 88.8887413211737,
                "_PctRespBest_": 0.0,
                "_Gain_": 0.48147902201956,
                "_CumLift_": 1.48147902201956,
                "_Event_": "1",
                "_TargetName_": null,
                "_PctResp_": 5.43543543543543,
                "_GainBest_": 0.66666666666666,
                "_CumLiftBest_": 1.66666666666666,
                "_Lift_": 0.27911695479263,
                "_CumPctResp_": 28.8498546393283,
                "_NEventsBest_": 0.0,
                "_CumPctRespBest_": 32.4561403508771,
                "_Value_": 0.0,
                "_NEvents_": 11.36006006006,
                "_LiftBest_": 0.0,
                "_PartInd_": "1",
                "_Resp_": 1.39558477396315,
                "_Column_": "actual"
            },
            "rowNumber": 34
        },
        {
            "dataMap": {
                "_NObs_": 209.0,
                "_Depth_": 65.0,
                "_CumRespBest_": 100.0,
                "_formattedPartition_": "           1",
                "_column_": "predict",
                "_RespBest_": 0.0,
                "_DataRole_": "TRAIN",
                "_CumResp_": 90.2843260951369,
                "_PctRespBest_": 0.0,
                "_Gain_": 0.38898963223287,
                "_CumLift_": 1.38898963223287,
                "_Event_": "1",
                "_TargetName_": null,
                "_PctResp_": 5.43543543543543,
                "_GainBest_": 0.53846153846153,
                "_CumLiftBest_": 1.53846153846153,
                "_Lift_": 0.27911695479263,
                "_CumPctResp_": 27.0487454697981,
                "_NEventsBest_": 0.0,
                "_CumPctRespBest_": 29.9595141700404,
                "_Value_": 0.0,
                "_NEvents_": 11.36006006006,
                "_LiftBest_": 0.0,
                "_PartInd_": "1",
                "_Resp_": 1.39558477396315,
                "_Column_": "actual"
            },
            "rowNumber": 35
        },
        {
            "dataMap": {
                "_NObs_": 209.0,
                "_Depth_": 70.0,
                "_CumRespBest_": 100.0,
                "_formattedPartition_": "           1",
                "_column_": "predict",
                "_RespBest_": 0.0,
                "_DataRole_": "TRAIN",
                "_CumResp_": 91.6799108691,
                "_PctRespBest_": 0.0,
                "_Gain_": 0.30971301241571,
                "_CumLift_": 1.30971301241571,
                "_Event_": "1",
                "_TargetName_": null,
                "_PctResp_": 5.43543543543543,
                "_GainBest_": 0.42857142857142,
                "_CumLiftBest_": 1.42857142857142,
                "_Lift_": 0.27911695479263,
                "_CumPctResp_": 25.5049376102007,
                "_NEventsBest_": 0.0,
                "_CumPctRespBest_": 27.8195488721804,
                "_Value_": 0.0,
                "_NEvents_": 11.36006006006,
                "_LiftBest_": 0.0,
                "_PartInd_": "1",
                "_Resp_": 1.39558477396315,
                "_Column_": "actual"
            },
            "rowNumber": 36
        },
        {
            "dataMap": {
                "_NObs_": 209.0,
                "_Depth_": 75.0,
                "_CumRespBest_": 100.0,
                "_formattedPartition_": "           1",
                "_column_": "predict",
                "_RespBest_": 0.0,
                "_DataRole_": "TRAIN",
                "_CumResp_": 93.0754956430632,
                "_PctRespBest_": 0.0,
                "_Gain_": 0.24100660857417,
                "_CumLift_": 1.24100660857417,
                "_Event_": "1",
                "_TargetName_": null,
                "_PctResp_": 5.43543543543543,
                "_GainBest_": 0.33333333333333,
                "_CumLiftBest_": 1.33333333333333,
                "_Lift_": 0.27911695479263,
                "_CumPctResp_": 24.1669707985497,
                "_NEventsBest_": 0.0,
                "_CumPctRespBest_": 25.9649122807017,
                "_Value_": 0.0,
                "_NEvents_": 11.36006006006,
                "_LiftBest_": 0.0,
                "_PartInd_": "1",
                "_Resp_": 1.39558477396315,
                "_Column_": "actual"
            },
            "rowNumber": 37
        },
        {
            "dataMap": {
                "_NObs_": 209.0,
                "_Depth_": 80.0,
                "_CumRespBest_": 100.0,
                "_formattedPartition_": "           1",
                "_column_": "predict",
                "_RespBest_": 0.0,
                "_DataRole_": "TRAIN",
                "_CumResp_": 94.4710804170263,
                "_PctRespBest_": 0.0,
                "_Gain_": 0.18088850521282,
                "_CumLift_": 1.18088850521282,
                "_Event_": "1",
                "_TargetName_": null,
                "_PctResp_": 5.43543543543543,
                "_GainBest_": 0.24999999999999,
                "_CumLiftBest_": 1.25,
                "_Lift_": 0.27911695479263,
                "_CumPctResp_": 22.9962498383551,
                "_NEventsBest_": 0.0,
                "_CumPctRespBest_": 24.3421052631579,
                "_Value_": 0.0,
                "_NEvents_": 11.36006006006,
                "_LiftBest_": 0.0,
                "_PartInd_": "1",
                "_Resp_": 1.39558477396315,
                "_Column_": "actual"
            },
            "rowNumber": 38
        },
        {
            "dataMap": {
                "_NObs_": 209.0,
                "_Depth_": 85.0,
                "_CumRespBest_": 100.0,
                "_formattedPartition_": "           1",
                "_column_": "predict",
                "_RespBest_": 0.0,
                "_DataRole_": "TRAIN",
                "_CumResp_": 95.8666651909895,
                "_PctRespBest_": 0.0,
                "_Gain_": 0.12784311989399,
                "_CumLift_": 1.12784311989399,
                "_Event_": "1",
                "_TargetName_": null,
                "_PctResp_": 5.43543543543543,
                "_GainBest_": 0.17647058823529,
                "_CumLiftBest_": 1.17647058823529,
                "_Lift_": 0.27911695479263,
                "_CumPctResp_": 21.9632607558304,
                "_NEventsBest_": 0.0,
                "_CumPctRespBest_": 22.9102167182662,
                "_Value_": 0.0,
                "_NEvents_": 11.36006006006,
                "_LiftBest_": 0.0,
                "_PartInd_": "1",
                "_Resp_": 1.39558477396315,
                "_Column_": "actual"
            },
            "rowNumber": 39
        },
        {
            "dataMap": {
                "_NObs_": 209.0,
                "_Depth_": 90.0,
                "_CumRespBest_": 100.0,
                "_formattedPartition_": "           1",
                "_column_": "predict",
                "_RespBest_": 0.0,
                "_DataRole_": "TRAIN",
                "_CumResp_": 97.2622499649526,
                "_PctRespBest_": 0.0,
                "_Gain_": 0.08069166627725,
                "_CumLift_": 1.08069166627725,
                "_Event_": "1",
                "_TargetName_": null,
                "_PctResp_": 5.43543543543543,
                "_GainBest_": 0.11111111111111,
                "_CumLiftBest_": 1.11111111111111,
                "_Lift_": 0.27911695479263,
                "_CumPctResp_": 21.0450482380306,
                "_NEventsBest_": 0.0,
                "_CumPctRespBest_": 21.6374269005847,
                "_Value_": 0.0,
                "_NEvents_": 11.36006006006,
                "_LiftBest_": 0.0,
                "_PartInd_": "1",
                "_Resp_": 1.39558477396315,
                "_Column_": "actual"
            },
            "rowNumber": 40
        },
        {
            "dataMap": {
                "_NObs_": 209.0,
                "_Depth_": 95.0,
                "_CumRespBest_": 100.0,
                "_formattedPartition_": "           1",
                "_column_": "predict",
                "_RespBest_": 0.0,
                "_DataRole_": "TRAIN",
                "_CumResp_": 98.6578347389158,
                "_PctRespBest_": 0.0,
                "_Gain_": 0.03850352356753,
                "_CumLift_": 1.03850352356753,
                "_Event_": "1",
                "_TargetName_": null,
                "_PctResp_": 5.43543543543543,
                "_GainBest_": 0.05263157894736,
                "_CumLiftBest_": 1.05263157894736,
                "_Lift_": 0.27911695479263,
                "_CumPctResp_": 20.223489669473,
                "_NEventsBest_": 0.0,
                "_CumPctRespBest_": 20.4986149584487,
                "_Value_": 0.0,
                "_NEvents_": 11.36006006006,
                "_LiftBest_": 0.0,
                "_PartInd_": "1",
                "_Resp_": 1.39558477396315,
                "_Column_": "actual"
            },
            "rowNumber": 41
        },
        {
            "dataMap": {
                "_NObs_": 201.0,
                "_Depth_": 100.0,
                "_CumRespBest_": 100.0,
                "_formattedPartition_": "           1",
                "_column_": "predict",
                "_RespBest_": 0.0,
                "_DataRole_": "TRAIN",
                "_CumResp_": 100.0,
                "_PctRespBest_": 0.0,
                "_Gain_": -3.3306690738754e-16,
                "_CumLift_": 1.0,
                "_Event_": "1",
                "_TargetName_": null,
                "_PctResp_": 5.43543543543543,
                "_GainBest_": 0.0,
                "_CumLiftBest_": 1.0,
                "_Lift_": 0.26843305221683,
                "_CumPctResp_": 19.5110258868648,
                "_NEventsBest_": 0.0,
                "_CumPctRespBest_": 19.5110258868648,
                "_Value_": 0.0,
                "_NEvents_": 10.9252252252252,
                "_LiftBest_": 0.0,
                "_PartInd_": "1",
                "_Resp_": 1.34216526108418,
                "_Column_": "actual"
            },
            "rowNumber": 42
        },
        {
            "dataMap": {
                "_NObs_": "0",
                "_Depth_": "0",
                "_CumRespBest_": "0",
                "_formattedPartition_": "           2",
                "_column_": "predict",
                "_RespBest_": "0",
                "_DataRole_": "TEST",
                "_CumResp_": "0",
                "_Event_": null,
                "_TargetName_": null,
                "_NEventsBest_": "0",
                "_Value_": "0",
                "_NEvents_": "0",
                "_PartInd_": "2",
                "_Resp_": "0"
            },
            "rowNumber": 43
        },
        {
            "dataMap": {
                "_NObs_": 90.0,
                "_Depth_": 5.0,
                "_CumRespBest_": 100.0,
                "_formattedPartition_": "           2",
                "_column_": "predict",
                "_RespBest_": 100.0,
                "_DataRole_": "TEST",
                "_CumResp_": 21.7739353186039,
                "_PctRespBest_": 90.0,
                "_Gain_": 3.35478706372078,
                "_CumLift_": 4.35478706372078,
                "_Event_": "1",
                "_TargetName_": null,
                "_PctResp_": 19.5965417867435,
                "_GainBest_": 19.0,
                "_CumLiftBest_": 20.0,
                "_Lift_": 4.35478706372078,
                "_CumPctResp_": 19.5965417867435,
                "_NEventsBest_": 81.0,
                "_CumPctRespBest_": 90.0,
                "_Value_": 1.0,
                "_NEvents_": 17.6368876080691,
                "_LiftBest_": 20.0,
                "_PartInd_": "2",
                "_Resp_": 21.7739353186039,
                "_Column_": "actual"
            },
            "rowNumber": 44
        },
        {
            "dataMap": {
                "_NObs_": 90.0,
                "_Depth_": 10.0,
                "_CumRespBest_": 100.0,
                "_formattedPartition_": "           2",
                "_column_": "predict",
                "_RespBest_": 0.0,
                "_DataRole_": "TEST",
                "_CumResp_": 43.5478706372078,
                "_PctRespBest_": 0.0,
                "_Gain_": 3.35478706372078,
                "_CumLift_": 4.35478706372078,
                "_Event_": "1",
                "_TargetName_": null,
                "_PctResp_": 19.5965417867435,
                "_GainBest_": 9.0,
                "_CumLiftBest_": 10.0,
                "_Lift_": 4.35478706372078,
                "_CumPctResp_": 19.5965417867435,
                "_NEventsBest_": 0.0,
                "_CumPctRespBest_": 45.0,
                "_Value_": 1.0,
                "_NEvents_": 17.6368876080691,
                "_LiftBest_": 0.0,
                "_PartInd_": "2",
                "_Resp_": 21.7739353186039,
                "_Column_": "actual"
            },
            "rowNumber": 45
        },
        {
            "dataMap": {
                "_NObs_": 90.0,
                "_Depth_": 15.0,
                "_CumRespBest_": 100.0,
                "_formattedPartition_": "           2",
                "_column_": "predict",
                "_RespBest_": 0.0,
                "_DataRole_": "TEST",
                "_CumResp_": 65.3218059558117,
                "_PctRespBest_": 0.0,
                "_Gain_": 3.35478706372078,
                "_CumLift_": 4.35478706372078,
                "_Event_": "1",
                "_TargetName_": null,
                "_PctResp_": 19.5965417867435,
                "_GainBest_": 5.66666666666666,
                "_CumLiftBest_": 6.66666666666666,
                "_Lift_": 4.35478706372078,
                "_CumPctResp_": 19.5965417867435,
                "_NEventsBest_": 0.0,
                "_CumPctRespBest_": 30.0,
                "_Value_": 1.0,
                "_NEvents_": 17.6368876080691,
                "_LiftBest_": 0.0,
                "_PartInd_": "2",
                "_Resp_": 21.7739353186039,
                "_Column_": "actual"
            },
            "rowNumber": 46
        },
        {
            "dataMap": {
                "_NObs_": 90.0,
                "_Depth_": 20.0,
                "_CumRespBest_": 100.0,
                "_formattedPartition_": "           2",
                "_column_": "predict",
                "_RespBest_": 0.0,
                "_DataRole_": "TEST",
                "_CumResp_": 84.0954069961703,
                "_PctRespBest_": 0.0,
                "_Gain_": 3.20477034980851,
                "_CumLift_": 4.20477034980851,
                "_Event_": "1",
                "_TargetName_": null,
                "_PctResp_": 16.8962409363227,
                "_GainBest_": 4.0,
                "_CumLiftBest_": 5.0,
                "_Lift_": 3.75472020807172,
                "_CumPctResp_": 18.9214665741383,
                "_NEventsBest_": 0.0,
                "_CumPctRespBest_": 22.5,
                "_Value_": 0.0,
                "_NEvents_": 15.2066168426904,
                "_LiftBest_": 0.0,
                "_PartInd_": "2",
                "_Resp_": 18.7736010403586,
                "_Column_": "actual"
            },
            "rowNumber": 47
        },
        {
            "dataMap": {
                "_NObs_": 90.0,
                "_Depth_": 25.0,
                "_CumRespBest_": 100.0,
                "_formattedPartition_": "           2",
                "_column_": "predict",
                "_RespBest_": 0.0,
                "_DataRole_": "TEST",
                "_CumResp_": 85.0977973115377,
                "_PctRespBest_": 0.0,
                "_Gain_": 2.40391189246151,
                "_CumLift_": 3.40391189246151,
                "_Event_": "1",
                "_TargetName_": null,
                "_PctResp_": 0.90215128383067,
                "_GainBest_": 3.0,
                "_CumLiftBest_": 4.0,
                "_Lift_": 0.20047806307348,
                "_CumPctResp_": 15.3176035160768,
                "_NEventsBest_": 0.0,
                "_CumPctRespBest_": 18.0,
                "_Value_": 0.0,
                "_NEvents_": 0.8119361554476,
                "_LiftBest_": 0.0,
                "_PartInd_": "2",
                "_Resp_": 1.00239031536741,
                "_Column_": "actual"
            },
            "rowNumber": 48
        },
        {
            "dataMap": {
                "_NObs_": 90.0,
                "_Depth_": 30.0,
                "_CumRespBest_": 100.0,
                "_formattedPartition_": "           2",
                "_column_": "predict",
                "_RespBest_": 0.0,
                "_DataRole_": "TEST",
                "_CumResp_": 86.1001876269052,
                "_PctRespBest_": 0.0,
                "_Gain_": 1.87000625423017,
                "_CumLift_": 2.87000625423017,
                "_Event_": "1",
                "_TargetName_": null,
                "_PctResp_": 0.90215128383067,
                "_GainBest_": 2.33333333333333,
                "_CumLiftBest_": 3.33333333333333,
                "_Lift_": 0.20047806307348,
                "_CumPctResp_": 12.9150281440357,
                "_NEventsBest_": 0.0,
                "_CumPctRespBest_": 15.0,
                "_Value_": 0.0,
                "_NEvents_": 0.8119361554476,
                "_LiftBest_": 0.0,
                "_PartInd_": "2",
                "_Resp_": 1.00239031536741,
                "_Column_": "actual"
            },
            "rowNumber": 49
        },
        {
            "dataMap": {
                "_NObs_": 90.0,
                "_Depth_": 35.0,
                "_CumRespBest_": 100.0,
                "_formattedPartition_": "           2",
                "_column_": "predict",
                "_RespBest_": 0.0,
                "_DataRole_": "TEST",
                "_CumResp_": 87.1025779422726,
                "_PctRespBest_": 0.0,
                "_Gain_": 1.48864508406493,
                "_CumLift_": 2.48864508406493,
                "_Event_": "1",
                "_TargetName_": null,
                "_PctResp_": 0.90215128383067,
                "_GainBest_": 1.85714285714285,
                "_CumLiftBest_": 2.85714285714285,
                "_Lift_": 0.20047806307348,
                "_CumPctResp_": 11.1989028782921,
                "_NEventsBest_": 0.0,
                "_CumPctRespBest_": 12.8571428571428,
                "_Value_": 0.0,
                "_NEvents_": 0.8119361554476,
                "_LiftBest_": 0.0,
                "_PartInd_": "2",
                "_Resp_": 1.00239031536741,
                "_Column_": "actual"
            },
            "rowNumber": 50
        },
        {
            "dataMap": {
                "_NObs_": 90.0,
                "_Depth_": 40.0,
                "_CumRespBest_": 100.0,
                "_formattedPartition_": "           2",
                "_column_": "predict",
                "_RespBest_": 0.0,
                "_DataRole_": "TEST",
                "_CumResp_": 88.10496825764,
                "_PctRespBest_": 0.0,
                "_Gain_": 1.202624206441,
                "_CumLift_": 2.202624206441,
                "_Event_": "1",
                "_TargetName_": null,
                "_PctResp_": 0.90215128383067,
                "_GainBest_": 1.5,
                "_CumLiftBest_": 2.5,
                "_Lift_": 0.20047806307348,
                "_CumPctResp_": 9.9118089289845,
                "_NEventsBest_": 0.0,
                "_CumPctRespBest_": 11.25,
                "_Value_": 0.0,
                "_NEvents_": 0.8119361554476,
                "_LiftBest_": 0.0,
                "_PartInd_": "2",
                "_Resp_": 1.00239031536741,
                "_Column_": "actual"
            },
            "rowNumber": 51
        },
        {
            "dataMap": {
                "_NObs_": 90.0,
                "_Depth_": 45.0,
                "_CumRespBest_": 100.0,
                "_formattedPartition_": "           2",
                "_column_": "predict",
                "_RespBest_": 0.0,
                "_DataRole_": "TEST",
                "_CumResp_": 89.1073585730074,
                "_PctRespBest_": 0.0,
                "_Gain_": 0.98016352384461,
                "_CumLift_": 1.98016352384461,
                "_Event_": "1",
                "_TargetName_": null,
                "_PctResp_": 0.90215128383067,
                "_GainBest_": 1.22222222222222,
                "_CumLiftBest_": 2.22222222222222,
                "_Lift_": 0.20047806307348,
                "_CumPctResp_": 8.91073585730074,
                "_NEventsBest_": 0.0,
                "_CumPctRespBest_": 10.0,
                "_Value_": 0.0,
                "_NEvents_": 0.8119361554476,
                "_LiftBest_": 0.0,
                "_PartInd_": "2",
                "_Resp_": 1.00239031536741,
                "_Column_": "actual"
            },
            "rowNumber": 52
        },
        {
            "dataMap": {
                "_NObs_": 90.0,
                "_Depth_": 50.0,
                "_CumRespBest_": 100.0,
                "_formattedPartition_": "           2",
                "_column_": "predict",
                "_RespBest_": 0.0,
                "_DataRole_": "TEST",
                "_CumResp_": 90.1097488883748,
                "_PctRespBest_": 0.0,
                "_Gain_": 0.80219497776749,
                "_CumLift_": 1.80219497776749,
                "_Event_": "1",
                "_TargetName_": null,
                "_PctResp_": 0.90215128383067,
                "_GainBest_": 1.0,
                "_CumLiftBest_": 2.0,
                "_Lift_": 0.20047806307348,
                "_CumPctResp_": 8.10987739995374,
                "_NEventsBest_": 0.0,
                "_CumPctRespBest_": 9.0,
                "_Value_": 0.0,
                "_NEvents_": 0.8119361554476,
                "_LiftBest_": 0.0,
                "_PartInd_": "2",
                "_Resp_": 1.00239031536741,
                "_Column_": "actual"
            },
            "rowNumber": 53
        },
        {
            "dataMap": {
                "_NObs_": 90.0,
                "_Depth_": 55.0,
                "_CumRespBest_": 100.0,
                "_formattedPartition_": "           2",
                "_column_": "predict",
                "_RespBest_": 0.0,
                "_DataRole_": "TEST",
                "_CumResp_": 91.1121392037423,
                "_PctRespBest_": 0.0,
                "_Gain_": 0.65658434915895,
                "_CumLift_": 1.65658434915895,
                "_Event_": "1",
                "_TargetName_": null,
                "_PctResp_": 0.90215128383067,
                "_GainBest_": 0.81818181818181,
                "_CumLiftBest_": 1.81818181818181,
                "_Lift_": 0.20047806307348,
                "_CumPctResp_": 7.45462957121528,
                "_NEventsBest_": 0.0,
                "_CumPctRespBest_": 8.18181818181818,
                "_Value_": 0.0,
                "_NEvents_": 0.8119361554476,
                "_LiftBest_": 0.0,
                "_PartInd_": "2",
                "_Resp_": 1.00239031536741,
                "_Column_": "actual"
            },
            "rowNumber": 54
        },
        {
            "dataMap": {
                "_NObs_": 90.0,
                "_Depth_": 60.0,
                "_CumRespBest_": 100.0,
                "_formattedPartition_": "           2",
                "_column_": "predict",
                "_RespBest_": 0.0,
                "_DataRole_": "TEST",
                "_CumResp_": 92.1145295191097,
                "_PctRespBest_": 0.0,
                "_Gain_": 0.53524215865182,
                "_CumLift_": 1.53524215865182,
                "_Event_": "1",
                "_TargetName_": null,
                "_PctResp_": 0.90215128383067,
                "_GainBest_": 0.66666666666666,
                "_CumLiftBest_": 1.66666666666666,
                "_Lift_": 0.20047806307348,
                "_CumPctResp_": 6.90858971393323,
                "_NEventsBest_": 0.0,
                "_CumPctRespBest_": 7.5,
                "_Value_": 0.0,
                "_NEvents_": 0.8119361554476,
                "_LiftBest_": 0.0,
                "_PartInd_": "2",
                "_Resp_": 1.00239031536741,
                "_Column_": "actual"
            },
            "rowNumber": 55
        },
        {
            "dataMap": {
                "_NObs_": 90.0,
                "_Depth_": 65.0,
                "_CumRespBest_": 100.0,
                "_formattedPartition_": "           2",
                "_column_": "predict",
                "_RespBest_": 0.0,
                "_DataRole_": "TEST",
                "_CumResp_": 93.1169198344771,
                "_PctRespBest_": 0.0,
                "_Gain_": 0.43256799745349,
                "_CumLift_": 1.43256799745349,
                "_Event_": "1",
                "_TargetName_": null,
                "_PctResp_": 0.90215128383067,
                "_GainBest_": 0.53846153846153,
                "_CumLiftBest_": 1.53846153846153,
                "_Lift_": 0.20047806307348,
                "_CumPctResp_": 6.44655598854072,
                "_NEventsBest_": 0.0,
                "_CumPctRespBest_": 6.92307692307692,
                "_Value_": 0.0,
                "_NEvents_": 0.8119361554476,
                "_LiftBest_": 0.0,
                "_PartInd_": "2",
                "_Resp_": 1.00239031536741,
                "_Column_": "actual"
            },
            "rowNumber": 56
        },
        {
            "dataMap": {
                "_NObs_": 90.0,
                "_Depth_": 70.0,
                "_CumRespBest_": 100.0,
                "_formattedPartition_": "           2",
                "_column_": "predict",
                "_RespBest_": 0.0,
                "_DataRole_": "TEST",
                "_CumResp_": 94.1193101498445,
                "_PctRespBest_": 0.0,
                "_Gain_": 0.3445615735692,
                "_CumLift_": 1.3445615735692,
                "_Event_": "1",
                "_TargetName_": null,
                "_PctResp_": 0.90215128383067,
                "_GainBest_": 0.42857142857142,
                "_CumLiftBest_": 1.42857142857142,
                "_Lift_": 0.20047806307348,
                "_CumPctResp_": 6.05052708106143,
                "_NEventsBest_": 0.0,
                "_CumPctRespBest_": 6.42857142857142,
                "_Value_": 0.0,
                "_NEvents_": 0.8119361554476,
                "_LiftBest_": 0.0,
                "_PartInd_": "2",
                "_Resp_": 1.00239031536741,
                "_Column_": "actual"
            },
            "rowNumber": 57
        },
        {
            "dataMap": {
                "_NObs_": 90.0,
                "_Depth_": 75.0,
                "_CumRespBest_": 100.0,
                "_formattedPartition_": "           2",
                "_column_": "predict",
                "_RespBest_": 0.0,
                "_DataRole_": "TEST",
                "_CumResp_": 95.121700465212,
                "_PctRespBest_": 0.0,
                "_Gain_": 0.26828933953616,
                "_CumLift_": 1.26828933953616,
                "_Event_": "1",
                "_TargetName_": null,
                "_PctResp_": 0.90215128383067,
                "_GainBest_": 0.33333333333333,
                "_CumLiftBest_": 1.33333333333333,
                "_Lift_": 0.20047806307348,
                "_CumPctResp_": 5.70730202791272,
                "_NEventsBest_": 0.0,
                "_CumPctRespBest_": 6.0,
                "_Value_": 0.0,
                "_NEvents_": 0.8119361554476,
                "_LiftBest_": 0.0,
                "_PartInd_": "2",
                "_Resp_": 1.00239031536741,
                "_Column_": "actual"
            },
            "rowNumber": 58
        },
        {
            "dataMap": {
                "_NObs_": 90.0,
                "_Depth_": 80.0,
                "_CumRespBest_": 100.0,
                "_formattedPartition_": "           2",
                "_column_": "predict",
                "_RespBest_": 0.0,
                "_DataRole_": "TEST",
                "_CumResp_": 96.1240907805794,
                "_PctRespBest_": 0.0,
                "_Gain_": 0.20155113475724,
                "_CumLift_": 1.20155113475724,
                "_Event_": "1",
                "_TargetName_": null,
                "_PctResp_": 0.90215128383067,
                "_GainBest_": 0.25,
                "_CumLiftBest_": 1.25,
                "_Lift_": 0.20047806307348,
                "_CumPctResp_": 5.40698010640759,
                "_NEventsBest_": 0.0,
                "_CumPctRespBest_": 5.625,
                "_Value_": 0.0,
                "_NEvents_": 0.8119361554476,
                "_LiftBest_": 0.0,
                "_PartInd_": "2",
                "_Resp_": 1.00239031536741,
                "_Column_": "actual"
            },
            "rowNumber": 59
        },
        {
            "dataMap": {
                "_NObs_": 90.0,
                "_Depth_": 85.0,
                "_CumRespBest_": 100.0,
                "_formattedPartition_": "           2",
                "_column_": "predict",
                "_RespBest_": 0.0,
                "_DataRole_": "TEST",
                "_CumResp_": 97.1264810959468,
                "_PctRespBest_": 0.0,
                "_Gain_": 0.14266448348172,
                "_CumLift_": 1.14266448348172,
                "_Event_": "1",
                "_TargetName_": null,
                "_PctResp_": 0.90215128383067,
                "_GainBest_": 0.17647058823529,
                "_CumLiftBest_": 1.17647058823529,
                "_Lift_": 0.20047806307348,
                "_CumPctResp_": 5.14199017566777,
                "_NEventsBest_": 0.0,
                "_CumPctRespBest_": 5.29411764705882,
                "_Value_": 0.0,
                "_NEvents_": 0.8119361554476,
                "_LiftBest_": 0.0,
                "_PartInd_": "2",
                "_Resp_": 1.00239031536741,
                "_Column_": "actual"
            },
            "rowNumber": 60
        },
        {
            "dataMap": {
                "_NObs_": 90.0,
                "_Depth_": 90.0,
                "_CumRespBest_": 100.0,
                "_formattedPartition_": "           2",
                "_column_": "predict",
                "_RespBest_": 0.0,
                "_DataRole_": "TEST",
                "_CumResp_": 98.1288714113142,
                "_PctRespBest_": 0.0,
                "_Gain_": 0.09032079345904,
                "_CumLift_": 1.09032079345904,
                "_Event_": "1",
                "_TargetName_": null,
                "_PctResp_": 0.90215128383067,
                "_GainBest_": 0.11111111111111,
                "_CumLiftBest_": 1.11111111111111,
                "_Lift_": 0.20047806307348,
                "_CumPctResp_": 4.90644357056571,
                "_NEventsBest_": 0.0,
                "_CumPctRespBest_": 5.0,
                "_Value_": 0.0,
                "_NEvents_": 0.8119361554476,
                "_LiftBest_": 0.0,
                "_PartInd_": "2",
                "_Resp_": 1.00239031536741,
                "_Column_": "actual"
            },
            "rowNumber": 61
        },
        {
            "dataMap": {
                "_NObs_": 90.0,
                "_Depth_": 95.0,
                "_CumRespBest_": 100.0,
                "_formattedPartition_": "           2",
                "_column_": "predict",
                "_RespBest_": 0.0,
                "_DataRole_": "TEST",
                "_CumResp_": 99.1312617266816,
                "_PctRespBest_": 0.0,
                "_Gain_": 0.04348696554401,
                "_CumLift_": 1.04348696554401,
                "_Event_": "1",
                "_TargetName_": null,
                "_PctResp_": 0.90215128383067,
                "_GainBest_": 0.05263157894736,
                "_CumLiftBest_": 1.05263157894736,
                "_Lift_": 0.20047806307348,
                "_CumPctResp_": 4.69569134494808,
                "_NEventsBest_": 0.0,
                "_CumPctRespBest_": 4.73684210526315,
                "_Value_": 0.0,
                "_NEvents_": 0.8119361554476,
                "_LiftBest_": 0.0,
                "_PartInd_": "2",
                "_Resp_": 1.00239031536741,
                "_Column_": "actual"
            },
            "rowNumber": 62
        },
        {
            "dataMap": {
                "_NObs_": 78.0,
                "_Depth_": 100.0,
                "_CumRespBest_": 100.0,
                "_formattedPartition_": "           2",
                "_column_": "predict",
                "_RespBest_": 0.0,
                "_DataRole_": "TEST",
                "_CumResp_": 100.0,
                "_PctRespBest_": 0.0,
                "_Gain_": 8.8817841970012e-16,
                "_CumLift_": 1.0,
                "_Event_": "1",
                "_TargetName_": null,
                "_PctResp_": 0.90215128383067,
                "_GainBest_": 0.0,
                "_CumLiftBest_": 1.0,
                "_Lift_": 0.17374765466368,
                "_CumPctResp_": 4.53020134228188,
                "_NEventsBest_": 0.0,
                "_CumPctRespBest_": 4.53020134228188,
                "_Value_": 0.0,
                "_NEvents_": 0.70367800138792,
                "_LiftBest_": 0.0,
                "_PartInd_": "2",
                "_Resp_": 0.86873827331842,
                "_Column_": "actual"
            },
            "rowNumber": 63
        }
    ],
    "version": 1,
    "xInteger": false,
    "yInteger": false
}