{
    "name": "dmcas_lift",
    "revision": 0,
    "order": 0,
    "parameterMap": {
        "_NObs_": {
            "parameter": "_NObs_",
            "type": "num",
            "label": "Sum of Frequencies",
            "length": 8,
            "order": 9,
            "values": [
                "_NObs_"
            ],
            "preformatted": false
        },
        "_Depth_": {
            "parameter": "_Depth_",
            "type": "num",
            "label": "Depth",
            "length": 8,
            "order": 7,
            "values": [
                "_Depth_"
            ],
            "preformatted": false
        },
        "_CumRespBest_": {
            "parameter": "_CumRespBest_",
            "type": "num",
            "label": "Best Cumulative Captured Response Percentage",
            "length": 8,
            "order": 17,
            "values": [
                "_CumRespBest_"
            ],
            "preformatted": false
        },
        "_formattedPartition_": {
            "parameter": "_formattedPartition_",
            "type": "char",
            "label": "Formatted Partition",
            "length": 12,
            "order": 4,
            "values": [
                "_formattedPartition_"
            ],
            "preformatted": false
        },
        "_Column_": {
            "parameter": "_Column_",
            "type": "char",
            "label": "Analysis Variable",
            "length": 8,
            "order": 5,
            "values": [
                "_Column_"
            ],
            "preformatted": false
        },
        "_RespBest_": {
            "parameter": "_RespBest_",
            "type": "num",
            "label": "Best Captured Response Percentage",
            "length": 8,
            "order": 13,
            "values": [
                "_RespBest_"
            ],
            "preformatted": false
        },
        "_DataRole_": {
            "parameter": "_DataRole_",
            "type": "char",
            "label": "Data Role",
            "length": 10,
            "order": 2,
            "values": [
                "_DataRole_"
            ],
            "preformatted": false
        },
        "_CumResp_": {
            "parameter": "_CumResp_",
            "type": "num",
            "label": "Cumulative Captured Response Percentage",
            "length": 8,
            "order": 16,
            "values": [
                "_CumResp_"
            ],
            "preformatted": false
        },
        "_PctRespBest_": {
            "parameter": "_PctRespBest_",
            "type": "num",
            "label": "Best Response Percentage",
            "length": 8,
            "order": 21,
            "values": [
                "_PctRespBest_"
            ],
            "preformatted": false
        },
        "_Gain_": {
            "parameter": "_Gain_",
            "type": "num",
            "label": "Gain",
            "length": 8,
            "order": 24,
            "values": [
                "_Gain_"
            ],
            "preformatted": false
        },
        "_CumLift_": {
            "parameter": "_CumLift_",
            "type": "num",
            "label": "Cumulative Lift",
            "length": 8,
            "order": 18,
            "values": [
                "_CumLift_"
            ],
            "preformatted": false
        },
        "_Event_": {
            "parameter": "_Event_",
            "type": "char",
            "label": "Event",
            "length": 12,
            "order": 6,
            "values": [
                "_Event_"
            ],
            "preformatted": false
        },
        "_TargetName_": {
            "parameter": "_TargetName_",
            "type": "char",
            "label": "Target Name",
            "length": 6,
            "order": 1,
            "values": [
                "_TargetName_"
            ],
            "preformatted": false
        },
        "_PctResp_": {
            "parameter": "_PctResp_",
            "type": "num",
            "label": "Response Percentage",
            "length": 8,
            "order": 20,
            "values": [
                "_PctResp_"
            ],
            "preformatted": false
        },
        "_GainBest_": {
            "parameter": "_GainBest_",
            "type": "num",
            "label": "Best Gain",
            "length": 8,
            "order": 25,
            "values": [
                "_GainBest_"
            ],
            "preformatted": false
        },
        "_CumLiftBest_": {
            "parameter": "_CumLiftBest_",
            "type": "num",
            "label": "Best Cumulative Lift",
            "length": 8,
            "order": 19,
            "values": [
                "_CumLiftBest_"
            ],
            "preformatted": false
        },
        "_Lift_": {
            "parameter": "_Lift_",
            "type": "num",
            "label": "Lift",
            "length": 8,
            "order": 14,
            "values": [
                "_Lift_"
            ],
            "preformatted": false
        },
        "_CumPctResp_": {
            "parameter": "_CumPctResp_",
            "type": "num",
            "label": "Cumulative Response Percentage",
            "length": 8,
            "order": 22,
            "values": [
                "_CumPctResp_"
            ],
            "preformatted": false
        },
        "_NEventsBest_": {
            "parameter": "_NEventsBest_",
            "type": "num",
            "label": "Best Number of Events",
            "length": 8,
            "order": 11,
            "values": [
                "_NEventsBest_"
            ],
            "preformatted": false
        },
        "_CumPctRespBest_": {
            "parameter": "_CumPctRespBest_",
            "type": "num",
            "label": "Best Cumulative Response Percentage",
            "length": 8,
            "order": 23,
            "values": [
                "_CumPctRespBest_"
            ],
            "preformatted": false
        },
        "_Value_": {
            "parameter": "_Value_",
            "type": "num",
            "label": "Value",
            "length": 8,
            "order": 8,
            "values": [
                "_Value_"
            ],
            "preformatted": false
        },
        "_NEvents_": {
            "parameter": "_NEvents_",
            "type": "num",
            "label": "Number of Events",
            "length": 8,
            "order": 10,
            "values": [
                "_NEvents_"
            ],
            "preformatted": false
        },
        "_LiftBest_": {
            "parameter": "_LiftBest_",
            "type": "num",
            "label": "Best Lift",
            "length": 8,
            "order": 15,
            "values": [
                "_LiftBest_"
            ],
            "preformatted": false
        },
        "_PartInd_": {
            "parameter": "_PartInd_",
            "type": "num",
            "label": "Partition Indicator",
            "length": 8,
            "order": 3,
            "values": [
                "_PartInd_"
            ],
            "preformatted": false
        },
        "_Resp_": {
            "parameter": "_Resp_",
            "type": "num",
            "label": "Captured Response Percentage",
            "length": 8,
            "order": 12,
            "values": [
                "_Resp_"
            ],
            "preformatted": false
        }
    },
    "data": [
        {
            "dataMap": {
                "_NObs_": "0",
                "_Depth_": "0",
                "_CumRespBest_": "0",
                "_formattedPartition_": "           1",
                "_column_": "predict",
                "_RespBest_": "0",
                "_DataRole_": "TRAIN",
                "_CumResp_": "0",
                "_Event_": "1",
                "_TargetName_": "BAD",
                "_NEventsBest_": "0",
                "_Value_": "0",
                "_NEvents_": "0",
                "_PartInd_": "1",
                "_Resp_": "0"
            },
            "rowNumber": 1
        },
        {
            "dataMap": {
                "_NObs_": "209.0",
                "_Depth_": "5.0",
                "_CumRespBest_": "24.8218527315914",
                "_formattedPartition_": "           1",
                "_column_": "predict",
                "_RespBest_": "24.8218527315914",
                "_DataRole_": "TRAIN",
                "_CumResp_": "24.8218527315914",
                "_PctRespBest_": "100.0",
                "_Gain_": "3.96437054631829",
                "_CumLift_": "4.96437054631829",
                "_Event_": "1",
                "_TargetName_": "BAD",
                "_PctResp_": "100.0",
                "_GainBest_": "3.96437054631829",
                "_CumLiftBest_": "4.96437054631829",
                "_Lift_": "4.96437054631829",
                "_CumPctResp_": "100.0",
                "_NEventsBest_": "209.0",
                "_CumPctRespBest_": "100.0",
                "_Value_": "1.0",
                "_NEvents_": "209.0",
                "_LiftBest_": "4.96437054631829",
                "_PartInd_": "1",
                "_Resp_": "24.8218527315914"
            },
            "rowNumber": 2
        },
        {
            "dataMap": {
                "_NObs_": "209.0",
                "_Depth_": "10.0",
                "_CumRespBest_": "49.6437054631829",
                "_formattedPartition_": "           1",
                "_column_": "predict",
                "_RespBest_": "24.8218527315914",
                "_DataRole_": "TRAIN",
                "_CumResp_": "49.6437054631829",
                "_PctRespBest_": "100.0",
                "_Gain_": "3.96437054631829",
                "_CumLift_": "4.96437054631829",
                "_Event_": "1",
                "_TargetName_": "BAD",
                "_PctResp_": "100.0",
                "_GainBest_": "3.96437054631829",
                "_CumLiftBest_": "4.96437054631829",
                "_Lift_": "4.96437054631829",
                "_CumPctResp_": "100.0",
                "_NEventsBest_": "209.0",
                "_CumPctRespBest_": "100.0",
                "_Value_": "1.0",
                "_NEvents_": "209.0",
                "_LiftBest_": "4.96437054631829",
                "_PartInd_": "1",
                "_Resp_": "24.8218527315914"
            },
            "rowNumber": 3
        },
        {
            "dataMap": {
                "_NObs_": "209.0",
                "_Depth_": "15.0",
                "_CumRespBest_": "74.4655581947743",
                "_formattedPartition_": "           1",
                "_column_": "predict",
                "_RespBest_": "24.8218527315914",
                "_DataRole_": "TRAIN",
                "_CumResp_": "74.4655581947743",
                "_PctRespBest_": "100.0",
                "_Gain_": "3.96437054631829",
                "_CumLift_": "4.96437054631828",
                "_Event_": "1",
                "_TargetName_": "BAD",
                "_PctResp_": "100.0",
                "_GainBest_": "3.96437054631829",
                "_CumLiftBest_": "4.96437054631828",
                "_Lift_": "4.96437054631829",
                "_CumPctResp_": "100.0",
                "_NEventsBest_": "209.0",
                "_CumPctRespBest_": "100.0",
                "_Value_": "1.0",
                "_NEvents_": "209.0",
                "_LiftBest_": "4.96437054631829",
                "_PartInd_": "1",
                "_Resp_": "24.8218527315914"
            },
            "rowNumber": 4
        },
        {
            "dataMap": {
                "_NObs_": "209.0",
                "_Depth_": "20.0",
                "_CumRespBest_": "99.2874109263658",
                "_formattedPartition_": "           1",
                "_column_": "predict",
                "_RespBest_": "24.8218527315914",
                "_DataRole_": "TRAIN",
                "_CumResp_": "99.2874109263658",
                "_PctRespBest_": "100.0",
                "_Gain_": "3.96437054631829",
                "_CumLift_": "4.96437054631829",
                "_Event_": "1",
                "_TargetName_": "BAD",
                "_PctResp_": "100.0",
                "_GainBest_": "3.96437054631829",
                "_CumLiftBest_": "4.96437054631829",
                "_Lift_": "4.96437054631829",
                "_CumPctResp_": "100.0",
                "_NEventsBest_": "209.0",
                "_CumPctRespBest_": "100.0",
                "_Value_": "1.0",
                "_NEvents_": "209.0",
                "_LiftBest_": "4.96437054631829",
                "_PartInd_": "1",
                "_Resp_": "24.8218527315914"
            },
            "rowNumber": 5
        },
        {
            "dataMap": {
                "_NObs_": "209.0",
                "_Depth_": "25.0",
                "_CumRespBest_": "100.0",
                "_formattedPartition_": "           1",
                "_column_": "predict",
                "_RespBest_": "0.7125890736342",
                "_DataRole_": "TRAIN",
                "_CumResp_": "100.0",
                "_PctRespBest_": "2.87081339712918",
                "_Gain_": "3.0",
                "_CumLift_": "4.0",
                "_Event_": "1",
                "_TargetName_": "BAD",
                "_PctResp_": "2.87081339712918",
                "_GainBest_": "3.0",
                "_CumLiftBest_": "4.0",
                "_Lift_": "0.14251781472684",
                "_CumPctResp_": "80.5741626794258",
                "_NEventsBest_": "6.0",
                "_CumPctRespBest_": "80.5741626794258",
                "_Value_": "0.0",
                "_NEvents_": "6.0",
                "_LiftBest_": "0.14251781472684",
                "_PartInd_": "1",
                "_Resp_": "0.7125890736342"
            },
            "rowNumber": 6
        },
        {
            "dataMap": {
                "_NObs_": "209.0",
                "_Depth_": "30.0",
                "_CumRespBest_": "100.0",
                "_formattedPartition_": "           1",
                "_column_": "predict",
                "_RespBest_": "0.0",
                "_DataRole_": "TRAIN",
                "_CumResp_": "100.0",
                "_PctRespBest_": "0.0",
                "_Gain_": "2.33333333333333",
                "_CumLift_": "3.33333333333333",
                "_Event_": "1",
                "_TargetName_": "BAD",
                "_PctResp_": "0.0",
                "_GainBest_": "2.33333333333333",
                "_CumLiftBest_": "3.33333333333333",
                "_Lift_": "0.0",
                "_CumPctResp_": "67.1451355661882",
                "_NEventsBest_": "0.0",
                "_CumPctRespBest_": "67.1451355661882",
                "_Value_": "0.0",
                "_NEvents_": "0.0",
                "_LiftBest_": "0.0",
                "_PartInd_": "1",
                "_Resp_": "0.0"
            },
            "rowNumber": 7
        },
        {
            "dataMap": {
                "_NObs_": "209.0",
                "_Depth_": "35.0",
                "_CumRespBest_": "100.0",
                "_formattedPartition_": "           1",
                "_column_": "predict",
                "_RespBest_": "0.0",
                "_DataRole_": "TRAIN",
                "_CumResp_": "100.0",
                "_PctRespBest_": "0.0",
                "_Gain_": "1.85714285714285",
                "_CumLift_": "2.85714285714285",
                "_Event_": "1",
                "_TargetName_": "BAD",
                "_PctResp_": "0.0",
                "_GainBest_": "1.85714285714285",
                "_CumLiftBest_": "2.85714285714285",
                "_Lift_": "0.0",
                "_CumPctResp_": "57.552973342447",
                "_NEventsBest_": "0.0",
                "_CumPctRespBest_": "57.552973342447",
                "_Value_": "0.0",
                "_NEvents_": "0.0",
                "_LiftBest_": "0.0",
                "_PartInd_": "1",
                "_Resp_": "0.0"
            },
            "rowNumber": 8
        },
        {
            "dataMap": {
                "_NObs_": "209.0",
                "_Depth_": "40.0",
                "_CumRespBest_": "100.0",
                "_formattedPartition_": "           1",
                "_column_": "predict",
                "_RespBest_": "0.0",
                "_DataRole_": "TRAIN",
                "_CumResp_": "100.0",
                "_PctRespBest_": "0.0",
                "_Gain_": "1.49999999999999",
                "_CumLift_": "2.5",
                "_Event_": "1",
                "_TargetName_": "BAD",
                "_PctResp_": "0.0",
                "_GainBest_": "1.49999999999999",
                "_CumLiftBest_": "2.5",
                "_Lift_": "0.0",
                "_CumPctResp_": "50.3588516746411",
                "_NEventsBest_": "0.0",
                "_CumPctRespBest_": "50.3588516746411",
                "_Value_": "0.0",
                "_NEvents_": "0.0",
                "_LiftBest_": "0.0",
                "_PartInd_": "1",
                "_Resp_": "0.0"
            },
            "rowNumber": 9
        },
        {
            "dataMap": {
                "_NObs_": "209.0",
                "_Depth_": "45.0",
                "_CumRespBest_": "100.0",
                "_formattedPartition_": "           1",
                "_column_": "predict",
                "_RespBest_": "0.0",
                "_DataRole_": "TRAIN",
                "_CumResp_": "100.0",
                "_PctRespBest_": "0.0",
                "_Gain_": "1.22222222222222",
                "_CumLift_": "2.22222222222222",
                "_Event_": "1",
                "_TargetName_": "BAD",
                "_PctResp_": "0.0",
                "_GainBest_": "1.22222222222222",
                "_CumLiftBest_": "2.22222222222222",
                "_Lift_": "0.0",
                "_CumPctResp_": "44.7634237107921",
                "_NEventsBest_": "0.0",
                "_CumPctRespBest_": "44.7634237107921",
                "_Value_": "0.0",
                "_NEvents_": "0.0",
                "_LiftBest_": "0.0",
                "_PartInd_": "1",
                "_Resp_": "0.0"
            },
            "rowNumber": 10
        },
        {
            "dataMap": {
                "_NObs_": "209.0",
                "_Depth_": "50.0",
                "_CumRespBest_": "100.0",
                "_formattedPartition_": "           1",
                "_column_": "predict",
                "_RespBest_": "0.0",
                "_DataRole_": "TRAIN",
                "_CumResp_": "100.0",
                "_PctRespBest_": "0.0",
                "_Gain_": "0.99999999999999",
                "_CumLift_": "2.0",
                "_Event_": "1",
                "_TargetName_": "BAD",
                "_PctResp_": "0.0",
                "_GainBest_": "0.99999999999999",
                "_CumLiftBest_": "2.0",
                "_Lift_": "0.0",
                "_CumPctResp_": "40.2870813397129",
                "_NEventsBest_": "0.0",
                "_CumPctRespBest_": "40.2870813397129",
                "_Value_": "0.0",
                "_NEvents_": "0.0",
                "_LiftBest_": "0.0",
                "_PartInd_": "1",
                "_Resp_": "0.0"
            },
            "rowNumber": 11
        },
        {
            "dataMap": {
                "_NObs_": "209.0",
                "_Depth_": "55.0",
                "_CumRespBest_": "100.0",
                "_formattedPartition_": "           1",
                "_column_": "predict",
                "_RespBest_": "0.0",
                "_DataRole_": "TRAIN",
                "_CumResp_": "100.0",
                "_PctRespBest_": "0.0",
                "_Gain_": "0.81818181818181",
                "_CumLift_": "1.81818181818181",
                "_Event_": "1",
                "_TargetName_": "BAD",
                "_PctResp_": "0.0",
                "_GainBest_": "0.81818181818181",
                "_CumLiftBest_": "1.81818181818181",
                "_Lift_": "0.0",
                "_CumPctResp_": "36.624619399739",
                "_NEventsBest_": "0.0",
                "_CumPctRespBest_": "36.624619399739",
                "_Value_": "0.0",
                "_NEvents_": "0.0",
                "_LiftBest_": "0.0",
                "_PartInd_": "1",
                "_Resp_": "0.0"
            },
            "rowNumber": 12
        },
        {
            "dataMap": {
                "_NObs_": "209.0",
                "_Depth_": "60.0",
                "_CumRespBest_": "100.0",
                "_formattedPartition_": "           1",
                "_column_": "predict",
                "_RespBest_": "0.0",
                "_DataRole_": "TRAIN",
                "_CumResp_": "100.0",
                "_PctRespBest_": "0.0",
                "_Gain_": "0.66666666666666",
                "_CumLift_": "1.66666666666666",
                "_Event_": "1",
                "_TargetName_": "BAD",
                "_PctResp_": "0.0",
                "_GainBest_": "0.66666666666666",
                "_CumLiftBest_": "1.66666666666666",
                "_Lift_": "0.0",
                "_CumPctResp_": "33.5725677830941",
                "_NEventsBest_": "0.0",
                "_CumPctRespBest_": "33.5725677830941",
                "_Value_": "0.0",
                "_NEvents_": "0.0",
                "_LiftBest_": "0.0",
                "_PartInd_": "1",
                "_Resp_": "0.0"
            },
            "rowNumber": 13
        },
        {
            "dataMap": {
                "_NObs_": "209.0",
                "_Depth_": "65.0",
                "_CumRespBest_": "100.0",
                "_formattedPartition_": "           1",
                "_column_": "predict",
                "_RespBest_": "0.0",
                "_DataRole_": "TRAIN",
                "_CumResp_": "100.0",
                "_PctRespBest_": "0.0",
                "_Gain_": "0.53846153846153",
                "_CumLift_": "1.53846153846153",
                "_Event_": "1",
                "_TargetName_": "BAD",
                "_PctResp_": "0.0",
                "_GainBest_": "0.53846153846153",
                "_CumLiftBest_": "1.53846153846153",
                "_Lift_": "0.0",
                "_CumPctResp_": "30.9900625690099",
                "_NEventsBest_": "0.0",
                "_CumPctRespBest_": "30.9900625690099",
                "_Value_": "0.0",
                "_NEvents_": "0.0",
                "_LiftBest_": "0.0",
                "_PartInd_": "1",
                "_Resp_": "0.0"
            },
            "rowNumber": 14
        },
        {
            "dataMap": {
                "_NObs_": "209.0",
                "_Depth_": "70.0",
                "_CumRespBest_": "100.0",
                "_formattedPartition_": "           1",
                "_column_": "predict",
                "_RespBest_": "0.0",
                "_DataRole_": "TRAIN",
                "_CumResp_": "100.0",
                "_PctRespBest_": "0.0",
                "_Gain_": "0.42857142857142",
                "_CumLift_": "1.42857142857142",
                "_Event_": "1",
                "_TargetName_": "BAD",
                "_PctResp_": "0.0",
                "_GainBest_": "0.42857142857142",
                "_CumLiftBest_": "1.42857142857142",
                "_Lift_": "0.0",
                "_CumPctResp_": "28.7764866712235",
                "_NEventsBest_": "0.0",
                "_CumPctRespBest_": "28.7764866712235",
                "_Value_": "0.0",
                "_NEvents_": "0.0",
                "_LiftBest_": "0.0",
                "_PartInd_": "1",
                "_Resp_": "0.0"
            },
            "rowNumber": 15
        },
        {
            "dataMap": {
                "_NObs_": "209.0",
                "_Depth_": "75.0",
                "_CumRespBest_": "100.0",
                "_formattedPartition_": "           1",
                "_column_": "predict",
                "_RespBest_": "0.0",
                "_DataRole_": "TRAIN",
                "_CumResp_": "100.0",
                "_PctRespBest_": "0.0",
                "_Gain_": "0.33333333333333",
                "_CumLift_": "1.33333333333333",
                "_Event_": "1",
                "_TargetName_": "BAD",
                "_PctResp_": "0.0",
                "_GainBest_": "0.33333333333333",
                "_CumLiftBest_": "1.33333333333333",
                "_Lift_": "0.0",
                "_CumPctResp_": "26.8580542264752",
                "_NEventsBest_": "0.0",
                "_CumPctRespBest_": "26.8580542264752",
                "_Value_": "0.0",
                "_NEvents_": "0.0",
                "_LiftBest_": "0.0",
                "_PartInd_": "1",
                "_Resp_": "0.0"
            },
            "rowNumber": 16
        },
        {
            "dataMap": {
                "_NObs_": "209.0",
                "_Depth_": "80.0",
                "_CumRespBest_": "100.0",
                "_formattedPartition_": "           1",
                "_column_": "predict",
                "_RespBest_": "0.0",
                "_DataRole_": "TRAIN",
                "_CumResp_": "100.0",
                "_PctRespBest_": "0.0",
                "_Gain_": "0.24999999999999",
                "_CumLift_": "1.25",
                "_Event_": "1",
                "_TargetName_": "BAD",
                "_PctResp_": "0.0",
                "_GainBest_": "0.24999999999999",
                "_CumLiftBest_": "1.25",
                "_Lift_": "0.0",
                "_CumPctResp_": "25.1794258373205",
                "_NEventsBest_": "0.0",
                "_CumPctRespBest_": "25.1794258373205",
                "_Value_": "0.0",
                "_NEvents_": "0.0",
                "_LiftBest_": "0.0",
                "_PartInd_": "1",
                "_Resp_": "0.0"
            },
            "rowNumber": 17
        },
        {
            "dataMap": {
                "_NObs_": "209.0",
                "_Depth_": "85.0",
                "_CumRespBest_": "100.0",
                "_formattedPartition_": "           1",
                "_column_": "predict",
                "_RespBest_": "0.0",
                "_DataRole_": "TRAIN",
                "_CumResp_": "100.0",
                "_PctRespBest_": "0.0",
                "_Gain_": "0.17647058823529",
                "_CumLift_": "1.17647058823529",
                "_Event_": "1",
                "_TargetName_": "BAD",
                "_PctResp_": "0.0",
                "_GainBest_": "0.17647058823529",
                "_CumLiftBest_": "1.17647058823529",
                "_Lift_": "0.0",
                "_CumPctResp_": "23.6982831410076",
                "_NEventsBest_": "0.0",
                "_CumPctRespBest_": "23.6982831410076",
                "_Value_": "0.0",
                "_NEvents_": "0.0",
                "_LiftBest_": "0.0",
                "_PartInd_": "1",
                "_Resp_": "0.0"
            },
            "rowNumber": 18
        },
        {
            "dataMap": {
                "_NObs_": "209.0",
                "_Depth_": "90.0",
                "_CumRespBest_": "100.0",
                "_formattedPartition_": "           1",
                "_column_": "predict",
                "_RespBest_": "0.0",
                "_DataRole_": "TRAIN",
                "_CumResp_": "100.0",
                "_PctRespBest_": "0.0",
                "_Gain_": "0.11111111111111",
                "_CumLift_": "1.11111111111111",
                "_Event_": "1",
                "_TargetName_": "BAD",
                "_PctResp_": "0.0",
                "_GainBest_": "0.11111111111111",
                "_CumLiftBest_": "1.11111111111111",
                "_Lift_": "0.0",
                "_CumPctResp_": "22.381711855396",
                "_NEventsBest_": "0.0",
                "_CumPctRespBest_": "22.381711855396",
                "_Value_": "0.0",
                "_NEvents_": "0.0",
                "_LiftBest_": "0.0",
                "_PartInd_": "1",
                "_Resp_": "0.0"
            },
            "rowNumber": 19
        },
        {
            "dataMap": {
                "_NObs_": "209.0",
                "_Depth_": "95.0",
                "_CumRespBest_": "100.0",
                "_formattedPartition_": "           1",
                "_column_": "predict",
                "_RespBest_": "0.0",
                "_DataRole_": "TRAIN",
                "_CumResp_": "100.0",
                "_PctRespBest_": "0.0",
                "_Gain_": "0.05263157894736",
                "_CumLift_": "1.05263157894736",
                "_Event_": "1",
                "_TargetName_": "BAD",
                "_PctResp_": "0.0",
                "_GainBest_": "0.05263157894736",
                "_CumLiftBest_": "1.05263157894736",
                "_Lift_": "0.0",
                "_CumPctResp_": "21.2037270209015",
                "_NEventsBest_": "0.0",
                "_CumPctRespBest_": "21.2037270209015",
                "_Value_": "0.0",
                "_NEvents_": "0.0",
                "_LiftBest_": "0.0",
                "_PartInd_": "1",
                "_Resp_": "0.0"
            },
            "rowNumber": 20
        },
        {
            "dataMap": {
                "_NObs_": "201.0",
                "_Depth_": "100.0",
                "_CumRespBest_": "100.0",
                "_formattedPartition_": "           1",
                "_column_": "predict",
                "_RespBest_": "0.0",
                "_DataRole_": "TRAIN",
                "_CumResp_": "100.0",
                "_PctRespBest_": "0.0",
                "_Gain_": "0.0",
                "_CumLift_": "1.0",
                "_Event_": "1",
                "_TargetName_": "BAD",
                "_PctResp_": "0.0",
                "_GainBest_": "0.0",
                "_CumLiftBest_": "1.0",
                "_Lift_": "0.0",
                "_CumPctResp_": "20.1821668264621",
                "_NEventsBest_": "0.0",
                "_CumPctRespBest_": "20.1821668264621",
                "_Value_": "0.0",
                "_NEvents_": "0.0",
                "_LiftBest_": "0.0",
                "_PartInd_": "1",
                "_Resp_": "0.0"
            },
            "rowNumber": 21
        },
        {
            "dataMap": {
                "_NObs_": "0",
                "_Depth_": "0",
                "_CumRespBest_": "0",
                "_formattedPartition_": "           2",
                "_column_": "predict",
                "_RespBest_": "0",
                "_DataRole_": "TEST",
                "_CumResp_": "0",
                "_Event_": "1",
                "_TargetName_": "BAD",
                "_NEventsBest_": "0",
                "_Value_": "0",
                "_NEvents_": "0",
                "_PartInd_": "2",
                "_Resp_": "0"
            },
            "rowNumber": 22
        },
        {
            "dataMap": {
                "_NObs_": "90.0",
                "_Depth_": "5.0",
                "_CumRespBest_": "25.9365994236311",
                "_formattedPartition_": "           2",
                "_column_": "predict",
                "_RespBest_": "25.9365994236311",
                "_DataRole_": "TEST",
                "_CumResp_": "19.2288581933817",
                "_PctRespBest_": "100.0",
                "_Gain_": "2.84577163867633",
                "_CumLift_": "3.84577163867634",
                "_Event_": "1",
                "_TargetName_": "BAD",
                "_PctResp_": "74.1379310344827",
                "_GainBest_": "4.18731988472622",
                "_CumLiftBest_": "5.18731988472622",
                "_Lift_": "3.84577163867634",
                "_CumPctResp_": "74.1379310344827",
                "_NEventsBest_": "90.0",
                "_CumPctRespBest_": "100.0",
                "_Value_": "1.0",
                "_NEvents_": "66.7241379310345",
                "_LiftBest_": "5.18731988472622",
                "_PartInd_": "2",
                "_Resp_": "19.2288581933817"
            },
            "rowNumber": 23
        },
        {
            "dataMap": {
                "_NObs_": "90.0",
                "_Depth_": "10.0",
                "_CumRespBest_": "51.8731988472622",
                "_formattedPartition_": "           2",
                "_column_": "predict",
                "_RespBest_": "25.9365994236311",
                "_DataRole_": "TEST",
                "_CumResp_": "37.4093397469547",
                "_PctRespBest_": "100.0",
                "_Gain_": "2.74093397469547",
                "_CumLift_": "3.74093397469547",
                "_Event_": "1",
                "_TargetName_": "BAD",
                "_PctResp_": "70.095856656554",
                "_GainBest_": "4.18731988472622",
                "_CumLiftBest_": "5.18731988472622",
                "_Lift_": "3.63609631071461",
                "_CumPctResp_": "72.1168938455184",
                "_NEventsBest_": "90.0",
                "_CumPctRespBest_": "100.0",
                "_Value_": "0.0",
                "_NEvents_": "63.0862709908986",
                "_LiftBest_": "5.18731988472622",
                "_PartInd_": "2",
                "_Resp_": "18.180481553573"
            },
            "rowNumber": 24
        },
        {
            "dataMap": {
                "_NObs_": "90.0",
                "_Depth_": "15.0",
                "_CumRespBest_": "77.8097982708933",
                "_formattedPartition_": "           2",
                "_column_": "predict",
                "_RespBest_": "25.9365994236311",
                "_DataRole_": "TEST",
                "_CumResp_": "40.9125483432073",
                "_PctRespBest_": "100.0",
                "_Gain_": "1.72750322288048",
                "_CumLift_": "2.72750322288048",
                "_Event_": "1",
                "_TargetName_": "BAD",
                "_PctResp_": "13.5068153655514",
                "_GainBest_": "4.18731988472622",
                "_CumLiftBest_": "5.18731988472622",
                "_Lift_": "0.7006417192505",
                "_CumPctResp_": "52.5802010188627",
                "_NEventsBest_": "90.0",
                "_CumPctRespBest_": "100.0",
                "_Value_": "0.0",
                "_NEvents_": "12.1561338289962",
                "_LiftBest_": "5.18731988472622",
                "_PartInd_": "2",
                "_Resp_": "3.50320859625253"
            },
            "rowNumber": 25
        },
        {
            "dataMap": {
                "_NObs_": "90.0",
                "_Depth_": "20.0",
                "_CumRespBest_": "100.0",
                "_formattedPartition_": "           2",
                "_column_": "predict",
                "_RespBest_": "22.1902017291066",
                "_DataRole_": "TEST",
                "_CumResp_": "44.4157569394598",
                "_PctRespBest_": "85.5555555555555",
                "_Gain_": "1.22078784697299",
                "_CumLift_": "2.22078784697299",
                "_Event_": "1",
                "_TargetName_": "BAD",
                "_PctResp_": "13.5068153655514",
                "_GainBest_": "4.0",
                "_CumLiftBest_": "5.0",
                "_Lift_": "0.7006417192505",
                "_CumPctResp_": "42.8118546055349",
                "_NEventsBest_": "77.0",
                "_CumPctRespBest_": "96.3888888888889",
                "_Value_": "0.0",
                "_NEvents_": "12.1561338289962",
                "_LiftBest_": "4.43804034582132",
                "_PartInd_": "2",
                "_Resp_": "3.50320859625253"
            },
            "rowNumber": 26
        },
        {
            "dataMap": {
                "_NObs_": "90.0",
                "_Depth_": "25.0",
                "_CumRespBest_": "100.0",
                "_formattedPartition_": "           2",
                "_column_": "predict",
                "_RespBest_": "0.0",
                "_DataRole_": "TEST",
                "_CumResp_": "47.9189655357123",
                "_PctRespBest_": "0.0",
                "_Gain_": "0.91675862142849",
                "_CumLift_": "1.91675862142849",
                "_Event_": "1",
                "_TargetName_": "BAD",
                "_PctResp_": "13.5068153655514",
                "_GainBest_": "3.0",
                "_CumLiftBest_": "4.0",
                "_Lift_": "0.7006417192505",
                "_CumPctResp_": "36.9508467575382",
                "_NEventsBest_": "0.0",
                "_CumPctRespBest_": "77.1111111111111",
                "_Value_": "0.0",
                "_NEvents_": "12.1561338289962",
                "_LiftBest_": "0.0",
                "_PartInd_": "2",
                "_Resp_": "3.50320859625253"
            },
            "rowNumber": 27
        },
        {
            "dataMap": {
                "_NObs_": "90.0",
                "_Depth_": "30.0",
                "_CumRespBest_": "100.0",
                "_formattedPartition_": "           2",
                "_column_": "predict",
                "_RespBest_": "0.0",
                "_DataRole_": "TEST",
                "_CumResp_": "51.4221741319649",
                "_PctRespBest_": "0.0",
                "_Gain_": "0.71407247106549",
                "_CumLift_": "1.71407247106549",
                "_Event_": "1",
                "_TargetName_": "BAD",
                "_PctResp_": "13.5068153655514",
                "_GainBest_": "2.33333333333333",
                "_CumLiftBest_": "3.33333333333333",
                "_Lift_": "0.7006417192505",
                "_CumPctResp_": "33.043508192207",
                "_NEventsBest_": "0.0",
                "_CumPctRespBest_": "64.2592592592592",
                "_Value_": "0.0",
                "_NEvents_": "12.1561338289962",
                "_LiftBest_": "0.0",
                "_PartInd_": "2",
                "_Resp_": "3.50320859625253"
            },
            "rowNumber": 28
        },
        {
            "dataMap": {
                "_NObs_": "90.0",
                "_Depth_": "35.0",
                "_CumRespBest_": "100.0",
                "_formattedPartition_": "           2",
                "_column_": "predict",
                "_RespBest_": "0.0",
                "_DataRole_": "TEST",
                "_CumResp_": "54.9253827282174",
                "_PctRespBest_": "0.0",
                "_Gain_": "0.56929664937764",
                "_CumLift_": "1.56929664937764",
                "_Event_": "1",
                "_TargetName_": "BAD",
                "_PctResp_": "13.5068153655514",
                "_GainBest_": "1.85714285714285",
                "_CumLiftBest_": "2.85714285714285",
                "_Lift_": "0.7006417192505",
                "_CumPctResp_": "30.2525520741134",
                "_NEventsBest_": "0.0",
                "_CumPctRespBest_": "55.079365079365",
                "_Value_": "0.0",
                "_NEvents_": "12.1561338289962",
                "_LiftBest_": "0.0",
                "_PartInd_": "2",
                "_Resp_": "3.50320859625253"
            },
            "rowNumber": 29
        },
        {
            "dataMap": {
                "_NObs_": "90.0",
                "_Depth_": "40.0",
                "_CumRespBest_": "100.0",
                "_formattedPartition_": "           2",
                "_column_": "predict",
                "_RespBest_": "0.0",
                "_DataRole_": "TEST",
                "_CumResp_": "58.42859132447",
                "_PctRespBest_": "0.0",
                "_Gain_": "0.46071478311174",
                "_CumLift_": "1.46071478311174",
                "_Event_": "1",
                "_TargetName_": "BAD",
                "_PctResp_": "13.5068153655514",
                "_GainBest_": "1.5",
                "_CumLiftBest_": "2.5",
                "_Lift_": "0.7006417192505",
                "_CumPctResp_": "28.1593349855431",
                "_NEventsBest_": "0.0",
                "_CumPctRespBest_": "48.1944444444444",
                "_Value_": "0.0",
                "_NEvents_": "12.1561338289962",
                "_LiftBest_": "0.0",
                "_PartInd_": "2",
                "_Resp_": "3.50320859625253"
            },
            "rowNumber": 30
        },
        {
            "dataMap": {
                "_NObs_": "90.0",
                "_Depth_": "45.0",
                "_CumRespBest_": "100.0",
                "_formattedPartition_": "           2",
                "_column_": "predict",
                "_RespBest_": "0.0",
                "_DataRole_": "TEST",
                "_CumResp_": "61.9317999207225",
                "_PctRespBest_": "0.0",
                "_Gain_": "0.3762622204605",
                "_CumLift_": "1.3762622204605",
                "_Event_": "1",
                "_TargetName_": "BAD",
                "_PctResp_": "13.5068153655514",
                "_GainBest_": "1.22222222222222",
                "_CumLiftBest_": "2.22222222222222",
                "_Lift_": "0.7006417192505",
                "_CumPctResp_": "26.5312772499885",
                "_NEventsBest_": "0.0",
                "_CumPctRespBest_": "42.8395061728395",
                "_Value_": "0.0",
                "_NEvents_": "12.1561338289962",
                "_LiftBest_": "0.0",
                "_PartInd_": "2",
                "_Resp_": "3.50320859625253"
            },
            "rowNumber": 31
        },
        {
            "dataMap": {
                "_NObs_": "90.0",
                "_Depth_": "50.0",
                "_CumRespBest_": "100.0",
                "_formattedPartition_": "           2",
                "_column_": "predict",
                "_RespBest_": "0.0",
                "_DataRole_": "TEST",
                "_CumResp_": "65.435008516975",
                "_PctRespBest_": "0.0",
                "_Gain_": "0.3087001703395",
                "_CumLift_": "1.3087001703395",
                "_Event_": "1",
                "_TargetName_": "BAD",
                "_PctResp_": "13.5068153655514",
                "_GainBest_": "1.0",
                "_CumLiftBest_": "2.0",
                "_Lift_": "0.7006417192505",
                "_CumPctResp_": "25.2288310615448",
                "_NEventsBest_": "0.0",
                "_CumPctRespBest_": "38.5555555555555",
                "_Value_": "0.0",
                "_NEvents_": "12.1561338289962",
                "_LiftBest_": "0.0",
                "_PartInd_": "2",
                "_Resp_": "3.50320859625253"
            },
            "rowNumber": 32
        },
        {
            "dataMap": {
                "_NObs_": "90.0",
                "_Depth_": "55.0",
                "_CumRespBest_": "100.0",
                "_formattedPartition_": "           2",
                "_column_": "predict",
                "_RespBest_": "0.0",
                "_DataRole_": "TEST",
                "_CumResp_": "68.9382171132276",
                "_PctRespBest_": "0.0",
                "_Gain_": "0.25342212933141",
                "_CumLift_": "1.25342212933141",
                "_Event_": "1",
                "_TargetName_": "BAD",
                "_PctResp_": "13.5068153655514",
                "_GainBest_": "0.81818181818181",
                "_CumLiftBest_": "1.81818181818181",
                "_Lift_": "0.7006417192505",
                "_CumPctResp_": "24.1631932709999",
                "_NEventsBest_": "0.0",
                "_CumPctRespBest_": "35.050505050505",
                "_Value_": "0.0",
                "_NEvents_": "12.1561338289962",
                "_LiftBest_": "0.0",
                "_PartInd_": "2",
                "_Resp_": "3.50320859625253"
            },
            "rowNumber": 33
        },
        {
            "dataMap": {
                "_NObs_": "90.0",
                "_Depth_": "60.0",
                "_CumRespBest_": "100.0",
                "_formattedPartition_": "           2",
                "_column_": "predict",
                "_RespBest_": "0.0",
                "_DataRole_": "TEST",
                "_CumResp_": "72.4414257094801",
                "_PctRespBest_": "0.0",
                "_Gain_": "0.207357095158",
                "_CumLift_": "1.207357095158",
                "_Event_": "1",
                "_TargetName_": "BAD",
                "_PctResp_": "13.5068153655514",
                "_GainBest_": "0.66666666666666",
                "_CumLiftBest_": "1.66666666666666",
                "_Lift_": "0.7006417192505",
                "_CumPctResp_": "23.2751617788792",
                "_NEventsBest_": "0.0",
                "_CumPctRespBest_": "32.1296296296296",
                "_Value_": "0.0",
                "_NEvents_": "12.1561338289962",
                "_LiftBest_": "0.0",
                "_PartInd_": "2",
                "_Resp_": "3.50320859625253"
            },
            "rowNumber": 34
        },
        {
            "dataMap": {
                "_NObs_": "90.0",
                "_Depth_": "65.0",
                "_CumRespBest_": "100.0",
                "_formattedPartition_": "           2",
                "_column_": "predict",
                "_RespBest_": "0.0",
                "_DataRole_": "TEST",
                "_CumResp_": "75.9446343057326",
                "_PctRespBest_": "0.0",
                "_Gain_": "0.16837898931896",
                "_CumLift_": "1.16837898931896",
                "_Event_": "1",
                "_TargetName_": "BAD",
                "_PctResp_": "13.5068153655514",
                "_GainBest_": "0.53846153846153",
                "_CumLiftBest_": "1.53846153846153",
                "_Lift_": "0.7006417192505",
                "_CumPctResp_": "22.5237505163155",
                "_NEventsBest_": "0.0",
                "_CumPctRespBest_": "29.6581196581196",
                "_Value_": "0.0",
                "_NEvents_": "12.1561338289962",
                "_LiftBest_": "0.0",
                "_PartInd_": "2",
                "_Resp_": "3.50320859625253"
            },
            "rowNumber": 35
        },
        {
            "dataMap": {
                "_NObs_": "90.0",
                "_Depth_": "70.0",
                "_CumRespBest_": "100.0",
                "_formattedPartition_": "           2",
                "_column_": "predict",
                "_RespBest_": "0.0",
                "_DataRole_": "TEST",
                "_CumResp_": "79.4478429019852",
                "_PctRespBest_": "0.0",
                "_Gain_": "0.13496918431407",
                "_CumLift_": "1.13496918431407",
                "_Event_": "1",
                "_TargetName_": "BAD",
                "_PctResp_": "13.5068153655514",
                "_GainBest_": "0.42857142857142",
                "_CumLiftBest_": "1.42857142857142",
                "_Lift_": "0.7006417192505",
                "_CumPctResp_": "21.8796837198324",
                "_NEventsBest_": "0.0",
                "_CumPctRespBest_": "27.5396825396825",
                "_Value_": "0.0",
                "_NEvents_": "12.1561338289962",
                "_LiftBest_": "0.0",
                "_PartInd_": "2",
                "_Resp_": "3.50320859625253"
            },
            "rowNumber": 36
        },
        {
            "dataMap": {
                "_NObs_": "90.0",
                "_Depth_": "75.0",
                "_CumRespBest_": "100.0",
                "_formattedPartition_": "           2",
                "_column_": "predict",
                "_RespBest_": "0.0",
                "_DataRole_": "TEST",
                "_CumResp_": "82.9510514982377",
                "_PctRespBest_": "0.0",
                "_Gain_": "0.1060140199765",
                "_CumLift_": "1.1060140199765",
                "_Event_": "1",
                "_TargetName_": "BAD",
                "_PctResp_": "13.5068153655514",
                "_GainBest_": "0.33333333333333",
                "_CumLiftBest_": "1.33333333333333",
                "_Lift_": "0.7006417192505",
                "_CumPctResp_": "21.3214924962136",
                "_NEventsBest_": "0.0",
                "_CumPctRespBest_": "25.7037037037037",
                "_Value_": "0.0",
                "_NEvents_": "12.1561338289962",
                "_LiftBest_": "0.0",
                "_PartInd_": "2",
                "_Resp_": "3.50320859625253"
            },
            "rowNumber": 37
        },
        {
            "dataMap": {
                "_NObs_": "90.0",
                "_Depth_": "80.0",
                "_CumRespBest_": "100.0",
                "_formattedPartition_": "           2",
                "_column_": "predict",
                "_RespBest_": "0.0",
                "_DataRole_": "TEST",
                "_CumResp_": "86.4542600944902",
                "_PctRespBest_": "0.0",
                "_Gain_": "0.08067825118112",
                "_CumLift_": "1.08067825118112",
                "_Event_": "1",
                "_TargetName_": "BAD",
                "_PctResp_": "13.5068153655514",
                "_GainBest_": "0.25",
                "_CumLiftBest_": "1.25",
                "_Lift_": "0.7006417192505",
                "_CumPctResp_": "20.8330751755473",
                "_NEventsBest_": "0.0",
                "_CumPctRespBest_": "24.0972222222222",
                "_Value_": "0.0",
                "_NEvents_": "12.1561338289962",
                "_LiftBest_": "0.0",
                "_PartInd_": "2",
                "_Resp_": "3.50320859625253"
            },
            "rowNumber": 38
        },
        {
            "dataMap": {
                "_NObs_": "90.0",
                "_Depth_": "85.0",
                "_CumRespBest_": "100.0",
                "_formattedPartition_": "           2",
                "_column_": "predict",
                "_RespBest_": "0.0",
                "_DataRole_": "TEST",
                "_CumResp_": "89.9574686907428",
                "_PctRespBest_": "0.0",
                "_Gain_": "0.05832316106756",
                "_CumLift_": "1.05832316106756",
                "_Event_": "1",
                "_TargetName_": "BAD",
                "_PctResp_": "13.5068153655514",
                "_GainBest_": "0.17647058823529",
                "_CumLiftBest_": "1.17647058823529",
                "_Lift_": "0.7006417192505",
                "_CumPctResp_": "20.4021187161357",
                "_NEventsBest_": "0.0",
                "_CumPctRespBest_": "22.6797385620915",
                "_Value_": "0.0",
                "_NEvents_": "12.1561338289962",
                "_LiftBest_": "0.0",
                "_PartInd_": "2",
                "_Resp_": "3.50320859625253"
            },
            "rowNumber": 39
        },
        {
            "dataMap": {
                "_NObs_": "90.0",
                "_Depth_": "90.0",
                "_CumRespBest_": "100.0",
                "_formattedPartition_": "           2",
                "_column_": "predict",
                "_RespBest_": "0.0",
                "_DataRole_": "TEST",
                "_CumResp_": "93.4606772869953",
                "_PctRespBest_": "0.0",
                "_Gain_": "0.0384519698555",
                "_CumLift_": "1.0384519698555",
                "_Event_": "1",
                "_TargetName_": "BAD",
                "_PctResp_": "13.5068153655514",
                "_GainBest_": "0.11111111111111",
                "_CumLiftBest_": "1.11111111111111",
                "_Lift_": "0.7006417192505",
                "_CumPctResp_": "20.0190463077699",
                "_NEventsBest_": "0.0",
                "_CumPctRespBest_": "21.4197530864197",
                "_Value_": "0.0",
                "_NEvents_": "12.1561338289962",
                "_LiftBest_": "0.0",
                "_PartInd_": "2",
                "_Resp_": "3.50320859625253"
            },
            "rowNumber": 40
        },
        {
            "dataMap": {
                "_NObs_": "90.0",
                "_Depth_": "95.0",
                "_CumRespBest_": "100.0",
                "_formattedPartition_": "           2",
                "_column_": "predict",
                "_RespBest_": "0.0",
                "_DataRole_": "TEST",
                "_CumResp_": "96.9638858832478",
                "_PctRespBest_": "0.0",
                "_Gain_": "0.02067248298155",
                "_CumLift_": "1.02067248298155",
                "_Event_": "1",
                "_TargetName_": "BAD",
                "_PctResp_": "13.5068153655514",
                "_GainBest_": "0.05263157894736",
                "_CumLiftBest_": "1.05263157894736",
                "_Lift_": "0.7006417192505",
                "_CumPctResp_": "19.6762973108111",
                "_NEventsBest_": "0.0",
                "_CumPctRespBest_": "20.2923976608187",
                "_Value_": "0.0",
                "_NEvents_": "12.1561338289962",
                "_LiftBest_": "0.0",
                "_PartInd_": "2",
                "_Resp_": "3.50320859625253"
            },
            "rowNumber": 41
        },
        {
            "dataMap": {
                "_NObs_": "78.0",
                "_Depth_": "100.0",
                "_CumRespBest_": "100.0",
                "_formattedPartition_": "           2",
                "_column_": "predict",
                "_RespBest_": "0.0",
                "_DataRole_": "TEST",
                "_CumResp_": "100.0",
                "_PctRespBest_": "0.0",
                "_Gain_": "4.4408920985006e-16",
                "_CumLift_": "1.0",
                "_Event_": "1",
                "_TargetName_": "BAD",
                "_PctResp_": "13.5068153655514",
                "_GainBest_": "0.0",
                "_CumLiftBest_": "1.0",
                "_Lift_": "0.60722282335043",
                "_CumPctResp_": "19.407158836689",
                "_NEventsBest_": "0.0",
                "_CumPctRespBest_": "19.407158836689",
                "_Value_": "0.0",
                "_NEvents_": "10.5353159851301",
                "_LiftBest_": "0.0",
                "_PartInd_": "2",
                "_Resp_": "3.03611411675219"
            },
            "rowNumber": 42
        }
    ],
    "version": 1,
    "xInteger": false,
    "yInteger": false
}