{
    "name": "DecisionTreeClassifier",
    "description": "Description for the DecisionTreeClassifier model.",
    "scoreCodeType": "python",
    "trainTable": "cas-shared-default/Public/DecisionTreeClassifier_train_data",
    "trainCodeType": "Python",
    "algorithm": "DecisionTreeClassifier",
    "function": "Classification",
    "targetVariable": "BAD",
    "targetEvent": "1",
    "targetLevel": "Binary",
    "eventProbVar": "P_1",
    "modeler": "sasdemo",
    "tool": "Python 3",
    "toolVersion": "3.11.7",
    "properties": [],
    "eventPercentage": "0.20182166826462",
    "selectionStatistic": "_RASE_",
    "selectionStatisticValue": "0.33514616799162"
}