{
    "creationTimeStamp": "0001-01-01T00:00:00Z",
    "modifiedTimeStamp": "0001-01-01T00:00:00Z",
    "revision": 0,
    "name": "dmcas_relativeimportance",
    "version": 0,
    "order": 0,
    "parameterMap": {
        "LABEL": {
            "label": "Variable Label",
            "length": 256,
            "order": 1,
            "parameter": "LABEL",
            "preformatted": false,
            "type": "char",
            "values": [
                "LABEL"
            ]
        },
        "LEVEL": {
            "label": "Variable Level",
            "length": 10,
            "order": 5,
            "parameter": "LEVEL",
            "preformatted": false,
            "type": "char",
            "values": [
                "LEVEL"
            ]
        },
        "ROLE": {
            "label": "Role",
            "length": 32,
            "order": 4,
            "parameter": "ROLE",
            "preformatted": false,
            "type": "char",
            "values": [
                "ROLE"
            ]
        },
        "RelativeImportance": {
            "label": "Relative Importance",
            "length": 8,
            "order": 3,
            "parameter": "RelativeImportance",
            "preformatted": false,
            "type": "num",
            "values": [
                "RelativeImportance"
            ]
        },
        "Variable": {
            "label": "Variable Name",
            "length": 255,
            "order": 2,
            "parameter": "Variable",
            "preformatted": false,
            "type": "char",
            "values": [
                "Variable"
            ]
        }
    },
    "data": [
        {
            "dataMap": {
                "LABEL": "",
                "LEVEL": "INTERVAL",
                "ROLE": "INPUT",
                "RelativeImportance": "1.0",
                "Variable": "DEBTINC"
            },
            "rowNumber": 1
        },
        {
            "dataMap": {
                "LABEL": "",
                "LEVEL": "INTERVAL",
                "ROLE": "INPUT",
                "RelativeImportance": "0.48917609452309",
                "Variable": "DELINQ"
            },
            "rowNumber": 2
        },
        {
            "dataMap": {
                "LABEL": "",
                "LEVEL": "INTERVAL",
                "ROLE": "INPUT",
                "RelativeImportance": "0.34818634676933",
                "Variable": "DEROG"
            },
            "rowNumber": 3
        },
        {
            "dataMap": {
                "LABEL": "",
                "LEVEL": "INTERVAL",
                "ROLE": "INPUT",
                "RelativeImportance": "0.18584062397496",
                "Variable": "LOAN"
            },
            "rowNumber": 4
        },
        {
            "dataMap": {
                "LABEL": "",
                "LEVEL": "INTERVAL",
                "ROLE": "INPUT",
                "RelativeImportance": "0.16189720633324",
                "Variable": "CLAGE"
            },
            "rowNumber": 5
        },
        {
            "dataMap": {
                "LABEL": "",
                "LEVEL": "INTERVAL",
                "ROLE": "INPUT",
                "RelativeImportance": "0.16059678815518",
                "Variable": "VALUE"
            },
            "rowNumber": 6
        },
        {
            "dataMap": {
                "LABEL": "",
                "LEVEL": "INTERVAL",
                "ROLE": "INPUT",
                "RelativeImportance": "0.13073435546623",
                "Variable": "NINQ"
            },
            "rowNumber": 7
        },
        {
            "dataMap": {
                "LABEL": "",
                "LEVEL": "INTERVAL",
                "ROLE": "INPUT",
                "RelativeImportance": "0.12897927499574",
                "Variable": "CLNO"
            },
            "rowNumber": 8
        },
        {
            "dataMap": {
                "LABEL": "",
                "LEVEL": "INTERVAL",
                "ROLE": "INPUT",
                "RelativeImportance": "0.10340116717016",
                "Variable": "YOJ"
            },
            "rowNumber": 9
        },
        {
            "dataMap": {
                "LABEL": "",
                "LEVEL": "INTERVAL",
                "ROLE": "INPUT",
                "RelativeImportance": "0.07646287687243",
                "Variable": "MORTDUE"
            },
            "rowNumber": 10
        }
    ],
    "xInteger": false,
    "yInteger": false
}