{
    "name": "dmcas_lift",
    "revision": 0,
    "order": 0,
    "parameterMap": {
        "_NObs_": {
            "parameter": "_NObs_",
            "type": "num",
            "label": "Sum of Frequencies",
            "length": 8,
            "order": 9,
            "values": [
                "_NObs_"
            ],
            "preformatted": false
        },
        "_Depth_": {
            "parameter": "_Depth_",
            "type": "num",
            "label": "Depth",
            "length": 8,
            "order": 7,
            "values": [
                "_Depth_"
            ],
            "preformatted": false
        },
        "_CumRespBest_": {
            "parameter": "_CumRespBest_",
            "type": "num",
            "label": "Best Cumulative Captured Response Percentage",
            "length": 8,
            "order": 17,
            "values": [
                "_CumRespBest_"
            ],
            "preformatted": false
        },
        "_formattedPartition_": {
            "parameter": "_formattedPartition_",
            "type": "char",
            "label": "Formatted Partition",
            "length": 12,
            "order": 4,
            "values": [
                "_formattedPartition_"
            ],
            "preformatted": false
        },
        "_Column_": {
            "parameter": "_Column_",
            "type": "char",
            "label": "Analysis Variable",
            "length": 8,
            "order": 5,
            "values": [
                "_Column_"
            ],
            "preformatted": false
        },
        "_RespBest_": {
            "parameter": "_RespBest_",
            "type": "num",
            "label": "Best Captured Response Percentage",
            "length": 8,
            "order": 13,
            "values": [
                "_RespBest_"
            ],
            "preformatted": false
        },
        "_DataRole_": {
            "parameter": "_DataRole_",
            "type": "char",
            "label": "Data Role",
            "length": 10,
            "order": 2,
            "values": [
                "_DataRole_"
            ],
            "preformatted": false
        },
        "_CumResp_": {
            "parameter": "_CumResp_",
            "type": "num",
            "label": "Cumulative Captured Response Percentage",
            "length": 8,
            "order": 16,
            "values": [
                "_CumResp_"
            ],
            "preformatted": false
        },
        "_PctRespBest_": {
            "parameter": "_PctRespBest_",
            "type": "num",
            "label": "Best Response Percentage",
            "length": 8,
            "order": 21,
            "values": [
                "_PctRespBest_"
            ],
            "preformatted": false
        },
        "_Gain_": {
            "parameter": "_Gain_",
            "type": "num",
            "label": "Gain",
            "length": 8,
            "order": 24,
            "values": [
                "_Gain_"
            ],
            "preformatted": false
        },
        "_CumLift_": {
            "parameter": "_CumLift_",
            "type": "num",
            "label": "Cumulative Lift",
            "length": 8,
            "order": 18,
            "values": [
                "_CumLift_"
            ],
            "preformatted": false
        },
        "_Event_": {
            "parameter": "_Event_",
            "type": "char",
            "label": "Event",
            "length": 12,
            "order": 6,
            "values": [
                "_Event_"
            ],
            "preformatted": false
        },
        "_TargetName_": {
            "parameter": "_TargetName_",
            "type": "char",
            "label": "Target Name",
            "length": 6,
            "order": 1,
            "values": [
                "_TargetName_"
            ],
            "preformatted": false
        },
        "_PctResp_": {
            "parameter": "_PctResp_",
            "type": "num",
            "label": "Response Percentage",
            "length": 8,
            "order": 20,
            "values": [
                "_PctResp_"
            ],
            "preformatted": false
        },
        "_GainBest_": {
            "parameter": "_GainBest_",
            "type": "num",
            "label": "Best Gain",
            "length": 8,
            "order": 25,
            "values": [
                "_GainBest_"
            ],
            "preformatted": false
        },
        "_CumLiftBest_": {
            "parameter": "_CumLiftBest_",
            "type": "num",
            "label": "Best Cumulative Lift",
            "length": 8,
            "order": 19,
            "values": [
                "_CumLiftBest_"
            ],
            "preformatted": false
        },
        "_Lift_": {
            "parameter": "_Lift_",
            "type": "num",
            "label": "Lift",
            "length": 8,
            "order": 14,
            "values": [
                "_Lift_"
            ],
            "preformatted": false
        },
        "_CumPctResp_": {
            "parameter": "_CumPctResp_",
            "type": "num",
            "label": "Cumulative Response Percentage",
            "length": 8,
            "order": 22,
            "values": [
                "_CumPctResp_"
            ],
            "preformatted": false
        },
        "_NEventsBest_": {
            "parameter": "_NEventsBest_",
            "type": "num",
            "label": "Best Number of Events",
            "length": 8,
            "order": 11,
            "values": [
                "_NEventsBest_"
            ],
            "preformatted": false
        },
        "_CumPctRespBest_": {
            "parameter": "_CumPctRespBest_",
            "type": "num",
            "label": "Best Cumulative Response Percentage",
            "length": 8,
            "order": 23,
            "values": [
                "_CumPctRespBest_"
            ],
            "preformatted": false
        },
        "_Value_": {
            "parameter": "_Value_",
            "type": "num",
            "label": "Value",
            "length": 8,
            "order": 8,
            "values": [
                "_Value_"
            ],
            "preformatted": false
        },
        "_NEvents_": {
            "parameter": "_NEvents_",
            "type": "num",
            "label": "Number of Events",
            "length": 8,
            "order": 10,
            "values": [
                "_NEvents_"
            ],
            "preformatted": false
        },
        "_LiftBest_": {
            "parameter": "_LiftBest_",
            "type": "num",
            "label": "Best Lift",
            "length": 8,
            "order": 15,
            "values": [
                "_LiftBest_"
            ],
            "preformatted": false
        },
        "_PartInd_": {
            "parameter": "_PartInd_",
            "type": "num",
            "label": "Partition Indicator",
            "length": 8,
            "order": 3,
            "values": [
                "_PartInd_"
            ],
            "preformatted": false
        },
        "_Resp_": {
            "parameter": "_Resp_",
            "type": "num",
            "label": "Captured Response Percentage",
            "length": 8,
            "order": 12,
            "values": [
                "_Resp_"
            ],
            "preformatted": false
        }
    },
    "data": [
        {
            "dataMap": {
                "_NObs_": "0",
                "_Depth_": "0",
                "_CumRespBest_": "0",
                "_formattedPartition_": "           1",
                "_column_": "predict",
                "_RespBest_": "0",
                "_DataRole_": "TRAIN",
                "_CumResp_": "0",
                "_Event_": "1",
                "_TargetName_": "BAD",
                "_NEventsBest_": "0",
                "_Value_": "0",
                "_NEvents_": "0",
                "_PartInd_": "1",
                "_Resp_": "0"
            },
            "rowNumber": 1
        },
        {
            "dataMap": {
                "_NObs_": "209.0",
                "_Depth_": "5.0",
                "_CumRespBest_": "24.8218527315914",
                "_formattedPartition_": "           1",
                "_column_": "predict",
                "_RespBest_": "24.8218527315914",
                "_DataRole_": "TRAIN",
                "_CumResp_": "24.8218527315914",
                "_PctRespBest_": "100.0",
                "_Gain_": "3.96437054631829",
                "_CumLift_": "4.96437054631829",
                "_Event_": "1",
                "_TargetName_": "BAD",
                "_PctResp_": "100.0",
                "_GainBest_": "3.96437054631829",
                "_CumLiftBest_": "4.96437054631829",
                "_Lift_": "4.96437054631829",
                "_CumPctResp_": "100.0",
                "_NEventsBest_": "209.0",
                "_CumPctRespBest_": "100.0",
                "_Value_": "0.90453894957242",
                "_NEvents_": "209.0",
                "_LiftBest_": "4.96437054631829",
                "_PartInd_": "1",
                "_Resp_": "24.8218527315914"
            },
            "rowNumber": 2
        },
        {
            "dataMap": {
                "_NObs_": "209.0",
                "_Depth_": "10.0",
                "_CumRespBest_": "49.6437054631829",
                "_formattedPartition_": "           1",
                "_column_": "predict",
                "_RespBest_": "24.8218527315914",
                "_DataRole_": "TRAIN",
                "_CumResp_": "48.812351543943",
                "_PctRespBest_": "100.0",
                "_Gain_": "3.8812351543943",
                "_CumLift_": "4.8812351543943",
                "_Event_": "1",
                "_TargetName_": "BAD",
                "_PctResp_": "96.6507177033493",
                "_GainBest_": "3.96437054631829",
                "_CumLiftBest_": "4.96437054631829",
                "_Lift_": "4.7980997624703",
                "_CumPctResp_": "98.3253588516746",
                "_NEventsBest_": "209.0",
                "_CumPctRespBest_": "100.0",
                "_Value_": "0.7334823427105",
                "_NEvents_": "202.0",
                "_LiftBest_": "4.96437054631829",
                "_PartInd_": "1",
                "_Resp_": "23.9904988123515"
            },
            "rowNumber": 3
        },
        {
            "dataMap": {
                "_NObs_": "209.0",
                "_Depth_": "15.0",
                "_CumRespBest_": "74.4655581947743",
                "_formattedPartition_": "           1",
                "_column_": "predict",
                "_RespBest_": "24.8218527315914",
                "_DataRole_": "TRAIN",
                "_CumResp_": "66.270783847981",
                "_PctRespBest_": "100.0",
                "_Gain_": "3.41805225653206",
                "_CumLift_": "4.41805225653206",
                "_Event_": "1",
                "_TargetName_": "BAD",
                "_PctResp_": "70.334928229665",
                "_GainBest_": "3.96437054631829",
                "_CumLiftBest_": "4.96437054631828",
                "_Lift_": "3.4916864608076",
                "_CumPctResp_": "88.9952153110047",
                "_NEventsBest_": "209.0",
                "_CumPctRespBest_": "100.0",
                "_Value_": "0.54470133155122",
                "_NEvents_": "147.0",
                "_LiftBest_": "4.96437054631829",
                "_PartInd_": "1",
                "_Resp_": "17.458432304038"
            },
            "rowNumber": 4
        },
        {
            "dataMap": {
                "_NObs_": "209.0",
                "_Depth_": "20.0",
                "_CumRespBest_": "99.2874109263658",
                "_formattedPartition_": "           1",
                "_column_": "predict",
                "_RespBest_": "24.8218527315914",
                "_DataRole_": "TRAIN",
                "_CumResp_": "79.2161520190023",
                "_PctRespBest_": "100.0",
                "_Gain_": "2.96080760095011",
                "_CumLift_": "3.96080760095011",
                "_Event_": "1",
                "_TargetName_": "BAD",
                "_PctResp_": "52.1531100478469",
                "_GainBest_": "3.96437054631829",
                "_CumLiftBest_": "4.96437054631829",
                "_Lift_": "2.58907363420427",
                "_CumPctResp_": "79.7846889952153",
                "_NEventsBest_": "209.0",
                "_CumPctRespBest_": "100.0",
                "_Value_": "0.36979959813387",
                "_NEvents_": "109.0",
                "_LiftBest_": "4.96437054631829",
                "_PartInd_": "1",
                "_Resp_": "12.9453681710213"
            },
            "rowNumber": 5
        },
        {
            "dataMap": {
                "_NObs_": "209.0",
                "_Depth_": "25.0",
                "_CumRespBest_": "100.0",
                "_formattedPartition_": "           1",
                "_column_": "predict",
                "_RespBest_": "0.7125890736342",
                "_DataRole_": "TRAIN",
                "_CumResp_": "88.1235154394299",
                "_PctRespBest_": "2.87081339712918",
                "_Gain_": "2.52494061757719",
                "_CumLift_": "3.52494061757719",
                "_Event_": "1",
                "_TargetName_": "BAD",
                "_PctResp_": "35.8851674641148",
                "_GainBest_": "3.0",
                "_CumLiftBest_": "4.0",
                "_Lift_": "1.78147268408551",
                "_CumPctResp_": "71.0047846889952",
                "_NEventsBest_": "6.0",
                "_CumPctRespBest_": "80.5741626794258",
                "_Value_": "0.20566827689959",
                "_NEvents_": "75.0",
                "_LiftBest_": "0.14251781472684",
                "_PartInd_": "1",
                "_Resp_": "8.90736342042755"
            },
            "rowNumber": 6
        },
        {
            "dataMap": {
                "_NObs_": "209.0",
                "_Depth_": "30.0",
                "_CumRespBest_": "100.0",
                "_formattedPartition_": "           1",
                "_column_": "predict",
                "_RespBest_": "0.0",
                "_DataRole_": "TRAIN",
                "_CumResp_": "90.7363420427553",
                "_PctRespBest_": "0.0",
                "_Gain_": "2.02454473475851",
                "_CumLift_": "3.02454473475851",
                "_Event_": "1",
                "_TargetName_": "BAD",
                "_PctResp_": "10.5263157894736",
                "_GainBest_": "2.33333333333333",
                "_CumLiftBest_": "3.33333333333333",
                "_Lift_": "0.52256532066508",
                "_CumPctResp_": "60.9250398724083",
                "_NEventsBest_": "0.0",
                "_CumPctRespBest_": "67.1451355661882",
                "_Value_": "0.13070672332254",
                "_NEvents_": "22.0",
                "_LiftBest_": "0.0",
                "_PartInd_": "1",
                "_Resp_": "2.61282660332541"
            },
            "rowNumber": 7
        },
        {
            "dataMap": {
                "_NObs_": "209.0",
                "_Depth_": "35.0",
                "_CumRespBest_": "100.0",
                "_formattedPartition_": "           1",
                "_column_": "predict",
                "_RespBest_": "0.0",
                "_DataRole_": "TRAIN",
                "_CumResp_": "93.5866983372921",
                "_PctRespBest_": "0.0",
                "_Gain_": "1.67390566677977",
                "_CumLift_": "2.67390566677977",
                "_Event_": "1",
                "_TargetName_": "BAD",
                "_PctResp_": "11.4832535885167",
                "_GainBest_": "1.85714285714285",
                "_CumLiftBest_": "2.85714285714285",
                "_Lift_": "0.57007125890736",
                "_CumPctResp_": "53.861927546138",
                "_NEventsBest_": "0.0",
                "_CumPctRespBest_": "57.552973342447",
                "_Value_": "0.09677216335455",
                "_NEvents_": "24.0",
                "_LiftBest_": "0.0",
                "_PartInd_": "1",
                "_Resp_": "2.85035629453681"
            },
            "rowNumber": 8
        },
        {
            "dataMap": {
                "_NObs_": "209.0",
                "_Depth_": "40.0",
                "_CumRespBest_": "100.0",
                "_formattedPartition_": "           1",
                "_column_": "predict",
                "_RespBest_": "0.0",
                "_DataRole_": "TRAIN",
                "_CumResp_": "95.3681710213776",
                "_PctRespBest_": "0.0",
                "_Gain_": "1.38420427553444",
                "_CumLift_": "2.38420427553444",
                "_Event_": "1",
                "_TargetName_": "BAD",
                "_PctResp_": "7.17703349282296",
                "_GainBest_": "1.49999999999999",
                "_CumLiftBest_": "2.5",
                "_Lift_": "0.3562945368171",
                "_CumPctResp_": "48.0263157894736",
                "_NEventsBest_": "0.0",
                "_CumPctRespBest_": "50.3588516746411",
                "_Value_": "0.07873502345949",
                "_NEvents_": "15.0",
                "_LiftBest_": "0.0",
                "_PartInd_": "1",
                "_Resp_": "1.78147268408551"
            },
            "rowNumber": 9
        },
        {
            "dataMap": {
                "_NObs_": "209.0",
                "_Depth_": "45.0",
                "_CumRespBest_": "100.0",
                "_formattedPartition_": "           1",
                "_column_": "predict",
                "_RespBest_": "0.0",
                "_DataRole_": "TRAIN",
                "_CumResp_": "96.0807600950119",
                "_PctRespBest_": "0.0",
                "_Gain_": "1.13512800211137",
                "_CumLift_": "2.13512800211137",
                "_Event_": "1",
                "_TargetName_": "BAD",
                "_PctResp_": "2.87081339712918",
                "_GainBest_": "1.22222222222222",
                "_CumLiftBest_": "2.22222222222222",
                "_Lift_": "0.14251781472684",
                "_CumPctResp_": "43.0090377458798",
                "_NEventsBest_": "0.0",
                "_CumPctRespBest_": "44.7634237107921",
                "_Value_": "0.06835044452972",
                "_NEvents_": "6.0",
                "_LiftBest_": "0.0",
                "_PartInd_": "1",
                "_Resp_": "0.7125890736342"
            },
            "rowNumber": 10
        },
        {
            "dataMap": {
                "_NObs_": "209.0",
                "_Depth_": "50.0",
                "_CumRespBest_": "100.0",
                "_formattedPartition_": "           1",
                "_column_": "predict",
                "_RespBest_": "0.0",
                "_DataRole_": "TRAIN",
                "_CumResp_": "97.5059382422803",
                "_PctRespBest_": "0.0",
                "_Gain_": "0.9501187648456",
                "_CumLift_": "1.9501187648456",
                "_Event_": "1",
                "_TargetName_": "BAD",
                "_PctResp_": "5.74162679425837",
                "_GainBest_": "0.99999999999999",
                "_CumLiftBest_": "2.0",
                "_Lift_": "0.28503562945368",
                "_CumPctResp_": "39.2822966507177",
                "_NEventsBest_": "0.0",
                "_CumPctRespBest_": "40.2870813397129",
                "_Value_": "0.06068179830877",
                "_NEvents_": "12.0",
                "_LiftBest_": "0.0",
                "_PartInd_": "1",
                "_Resp_": "1.4251781472684"
            },
            "rowNumber": 11
        },
        {
            "dataMap": {
                "_NObs_": "209.0",
                "_Depth_": "55.0",
                "_CumRespBest_": "100.0",
                "_formattedPartition_": "           1",
                "_column_": "predict",
                "_RespBest_": "0.0",
                "_DataRole_": "TRAIN",
                "_CumResp_": "98.2185273159145",
                "_PctRespBest_": "0.0",
                "_Gain_": "0.78579140574389",
                "_CumLift_": "1.78579140574389",
                "_Event_": "1",
                "_TargetName_": "BAD",
                "_PctResp_": "2.87081339712918",
                "_GainBest_": "0.81818181818181",
                "_CumLiftBest_": "1.81818181818181",
                "_Lift_": "0.14251781472684",
                "_CumPctResp_": "35.9721618094823",
                "_NEventsBest_": "0.0",
                "_CumPctRespBest_": "36.624619399739",
                "_Value_": "0.05515646135089",
                "_NEvents_": "6.0",
                "_LiftBest_": "0.0",
                "_PartInd_": "1",
                "_Resp_": "0.7125890736342"
            },
            "rowNumber": 12
        },
        {
            "dataMap": {
                "_NObs_": "209.0",
                "_Depth_": "60.0",
                "_CumRespBest_": "100.0",
                "_formattedPartition_": "           1",
                "_column_": "predict",
                "_RespBest_": "0.0",
                "_DataRole_": "TRAIN",
                "_CumResp_": "98.2185273159145",
                "_PctRespBest_": "0.0",
                "_Gain_": "0.63697545526524",
                "_CumLift_": "1.63697545526524",
                "_Event_": "1",
                "_TargetName_": "BAD",
                "_PctResp_": "0.0",
                "_GainBest_": "0.66666666666666",
                "_CumLiftBest_": "1.66666666666666",
                "_Lift_": "0.0",
                "_CumPctResp_": "32.9744816586921",
                "_NEventsBest_": "0.0",
                "_CumPctRespBest_": "33.5725677830941",
                "_Value_": "0.05038126225989",
                "_NEvents_": "0.0",
                "_LiftBest_": "0.0",
                "_PartInd_": "1",
                "_Resp_": "0.0"
            },
            "rowNumber": 13
        },
        {
            "dataMap": {
                "_NObs_": "209.0",
                "_Depth_": "65.0",
                "_CumRespBest_": "100.0",
                "_formattedPartition_": "           1",
                "_column_": "predict",
                "_RespBest_": "0.0",
                "_DataRole_": "TRAIN",
                "_CumResp_": "98.3372921615202",
                "_PctRespBest_": "0.0",
                "_Gain_": "0.51288141786954",
                "_CumLift_": "1.51288141786954",
                "_Event_": "1",
                "_TargetName_": "BAD",
                "_PctResp_": "0.47846889952153",
                "_GainBest_": "0.53846153846153",
                "_CumLiftBest_": "1.53846153846153",
                "_Lift_": "0.02375296912114",
                "_CumPctResp_": "30.4747883695252",
                "_NEventsBest_": "0.0",
                "_CumPctRespBest_": "30.9900625690099",
                "_Value_": "0.04514910082029",
                "_NEvents_": "1.0",
                "_LiftBest_": "0.0",
                "_PartInd_": "1",
                "_Resp_": "0.1187648456057"
            },
            "rowNumber": 14
        },
        {
            "dataMap": {
                "_NObs_": "209.0",
                "_Depth_": "70.0",
                "_CumRespBest_": "100.0",
                "_formattedPartition_": "           1",
                "_column_": "predict",
                "_RespBest_": "0.0",
                "_DataRole_": "TRAIN",
                "_CumResp_": "98.6935866983373",
                "_PctRespBest_": "0.0",
                "_Gain_": "0.40990838140481",
                "_CumLift_": "1.40990838140481",
                "_Event_": "1",
                "_TargetName_": "BAD",
                "_PctResp_": "1.43540669856459",
                "_GainBest_": "0.42857142857142",
                "_CumLiftBest_": "1.42857142857142",
                "_Lift_": "0.07125890736342",
                "_CumPctResp_": "28.4005468215994",
                "_NEventsBest_": "0.0",
                "_CumPctRespBest_": "28.7764866712235",
                "_Value_": "0.03987675853926",
                "_NEvents_": "3.0",
                "_LiftBest_": "0.0",
                "_PartInd_": "1",
                "_Resp_": "0.3562945368171"
            },
            "rowNumber": 15
        },
        {
            "dataMap": {
                "_NObs_": "209.0",
                "_Depth_": "75.0",
                "_CumRespBest_": "100.0",
                "_formattedPartition_": "           1",
                "_column_": "predict",
                "_RespBest_": "0.0",
                "_DataRole_": "TRAIN",
                "_CumResp_": "99.1686460807601",
                "_PctRespBest_": "0.0",
                "_Gain_": "0.32224861441013",
                "_CumLift_": "1.32224861441013",
                "_Event_": "1",
                "_TargetName_": "BAD",
                "_PctResp_": "1.91387559808612",
                "_GainBest_": "0.33333333333333",
                "_CumLiftBest_": "1.33333333333333",
                "_Lift_": "0.09501187648456",
                "_CumPctResp_": "26.6347687400319",
                "_NEventsBest_": "0.0",
                "_CumPctRespBest_": "26.8580542264752",
                "_Value_": "0.03571634933036",
                "_NEvents_": "4.0",
                "_LiftBest_": "0.0",
                "_PartInd_": "1",
                "_Resp_": "0.4750593824228"
            },
            "rowNumber": 16
        },
        {
            "dataMap": {
                "_NObs_": "209.0",
                "_Depth_": "80.0",
                "_CumRespBest_": "100.0",
                "_formattedPartition_": "           1",
                "_column_": "predict",
                "_RespBest_": "0.0",
                "_DataRole_": "TRAIN",
                "_CumResp_": "99.2874109263658",
                "_PctRespBest_": "0.0",
                "_Gain_": "0.24109263657957",
                "_CumLift_": "1.24109263657957",
                "_Event_": "1",
                "_TargetName_": "BAD",
                "_PctResp_": "0.47846889952153",
                "_GainBest_": "0.24999999999999",
                "_CumLiftBest_": "1.25",
                "_Lift_": "0.02375296912114",
                "_CumPctResp_": "25.0",
                "_NEventsBest_": "0.0",
                "_CumPctRespBest_": "25.1794258373205",
                "_Value_": "0.03206676983165",
                "_NEvents_": "1.0",
                "_LiftBest_": "0.0",
                "_PartInd_": "1",
                "_Resp_": "0.1187648456057"
            },
            "rowNumber": 17
        },
        {
            "dataMap": {
                "_NObs_": "209.0",
                "_Depth_": "85.0",
                "_CumRespBest_": "100.0",
                "_formattedPartition_": "           1",
                "_column_": "predict",
                "_RespBest_": "0.0",
                "_DataRole_": "TRAIN",
                "_CumResp_": "99.5249406175772",
                "_PctRespBest_": "0.0",
                "_Gain_": "0.17088165432443",
                "_CumLift_": "1.17088165432443",
                "_Event_": "1",
                "_TargetName_": "BAD",
                "_PctResp_": "0.95693779904306",
                "_GainBest_": "0.17647058823529",
                "_CumLiftBest_": "1.17647058823529",
                "_Lift_": "0.04750593824228",
                "_CumPctResp_": "23.5857022234731",
                "_NEventsBest_": "0.0",
                "_CumPctRespBest_": "23.6982831410076",
                "_Value_": "0.02916748136822",
                "_NEvents_": "2.0",
                "_LiftBest_": "0.0",
                "_PartInd_": "1",
                "_Resp_": "0.2375296912114"
            },
            "rowNumber": 18
        },
        {
            "dataMap": {
                "_NObs_": "209.0",
                "_Depth_": "90.0",
                "_CumRespBest_": "100.0",
                "_formattedPartition_": "           1",
                "_column_": "predict",
                "_RespBest_": "0.0",
                "_DataRole_": "TRAIN",
                "_CumResp_": "99.7624703087886",
                "_PctRespBest_": "0.0",
                "_Gain_": "0.10847189231987",
                "_CumLift_": "1.10847189231987",
                "_Event_": "1",
                "_TargetName_": "BAD",
                "_PctResp_": "0.95693779904306",
                "_GainBest_": "0.11111111111111",
                "_CumLiftBest_": "1.11111111111111",
                "_Lift_": "0.04750593824228",
                "_CumPctResp_": "22.3285486443381",
                "_NEventsBest_": "0.0",
                "_CumPctRespBest_": "22.381711855396",
                "_Value_": "0.02656910597434",
                "_NEvents_": "2.0",
                "_LiftBest_": "0.0",
                "_PartInd_": "1",
                "_Resp_": "0.2375296912114"
            },
            "rowNumber": 19
        },
        {
            "dataMap": {
                "_NObs_": "209.0",
                "_Depth_": "95.0",
                "_CumRespBest_": "100.0",
                "_formattedPartition_": "           1",
                "_column_": "predict",
                "_RespBest_": "0.0",
                "_DataRole_": "TRAIN",
                "_CumResp_": "99.7624703087886",
                "_PctRespBest_": "0.0",
                "_Gain_": "0.0501312664083",
                "_CumLift_": "1.0501312664083",
                "_Event_": "1",
                "_TargetName_": "BAD",
                "_PctResp_": "0.0",
                "_GainBest_": "0.05263157894736",
                "_CumLiftBest_": "1.05263157894736",
                "_Lift_": "0.0",
                "_CumPctResp_": "21.1533618735834",
                "_NEventsBest_": "0.0",
                "_CumPctRespBest_": "21.2037270209015",
                "_Value_": "0.02419880531094",
                "_NEvents_": "0.0",
                "_LiftBest_": "0.0",
                "_PartInd_": "1",
                "_Resp_": "0.0"
            },
            "rowNumber": 20
        },
        {
            "dataMap": {
                "_NObs_": "201.0",
                "_Depth_": "100.0",
                "_CumRespBest_": "100.0",
                "_formattedPartition_": "           1",
                "_column_": "predict",
                "_RespBest_": "0.0",
                "_DataRole_": "TRAIN",
                "_CumResp_": "100.0",
                "_PctRespBest_": "0.0",
                "_Gain_": "0.0",
                "_CumLift_": "1.0",
                "_Event_": "1",
                "_TargetName_": "BAD",
                "_PctResp_": "0.99502487562189",
                "_GainBest_": "0.0",
                "_CumLiftBest_": "1.0",
                "_Lift_": "0.04750593824228",
                "_CumPctResp_": "20.1821668264621",
                "_NEventsBest_": "0.0",
                "_CumPctRespBest_": "20.1821668264621",
                "_Value_": "0.01640828378428",
                "_NEvents_": "2.0",
                "_LiftBest_": "0.0",
                "_PartInd_": "1",
                "_Resp_": "0.2375296912114"
            },
            "rowNumber": 21
        },
        {
            "dataMap": {
                "_NObs_": "0",
                "_Depth_": "0",
                "_CumRespBest_": "0",
                "_formattedPartition_": "           2",
                "_column_": "predict",
                "_RespBest_": "0",
                "_DataRole_": "TEST",
                "_CumResp_": "0",
                "_Event_": "1",
                "_TargetName_": "BAD",
                "_NEventsBest_": "0",
                "_Value_": "0",
                "_NEvents_": "0",
                "_PartInd_": "2",
                "_Resp_": "0"
            },
            "rowNumber": 22
        },
        {
            "dataMap": {
                "_NObs_": "90.0",
                "_Depth_": "5.0",
                "_CumRespBest_": "25.9365994236311",
                "_formattedPartition_": "           2",
                "_column_": "predict",
                "_RespBest_": "25.9365994236311",
                "_DataRole_": "TEST",
                "_CumResp_": "25.6484149855907",
                "_PctRespBest_": "100.0",
                "_Gain_": "4.12968299711815",
                "_CumLift_": "5.12968299711815",
                "_Event_": "1",
                "_TargetName_": "BAD",
                "_PctResp_": "98.8888888888889",
                "_GainBest_": "4.18731988472622",
                "_CumLiftBest_": "5.18731988472622",
                "_Lift_": "5.12968299711815",
                "_CumPctResp_": "98.8888888888889",
                "_NEventsBest_": "90.0",
                "_CumPctRespBest_": "100.0",
                "_Value_": "0.53002307558973",
                "_NEvents_": "89.0",
                "_LiftBest_": "5.18731988472622",
                "_PartInd_": "2",
                "_Resp_": "25.6484149855907"
            },
            "rowNumber": 23
        },
        {
            "dataMap": {
                "_NObs_": "90.0",
                "_Depth_": "10.0",
                "_CumRespBest_": "51.8731988472622",
                "_formattedPartition_": "           2",
                "_column_": "predict",
                "_RespBest_": "25.9365994236311",
                "_DataRole_": "TEST",
                "_CumResp_": "42.6512968299711",
                "_PctRespBest_": "100.0",
                "_Gain_": "3.26512968299711",
                "_CumLift_": "4.26512968299711",
                "_Event_": "1",
                "_TargetName_": "BAD",
                "_PctResp_": "65.5555555555555",
                "_GainBest_": "4.18731988472622",
                "_CumLiftBest_": "5.18731988472622",
                "_Lift_": "3.40057636887608",
                "_CumPctResp_": "82.2222222222222",
                "_NEventsBest_": "90.0",
                "_CumPctRespBest_": "100.0",
                "_Value_": "0.25399614388684",
                "_NEvents_": "59.0",
                "_LiftBest_": "5.18731988472622",
                "_PartInd_": "2",
                "_Resp_": "17.0028818443804"
            },
            "rowNumber": 24
        },
        {
            "dataMap": {
                "_NObs_": "90.0",
                "_Depth_": "15.0",
                "_CumRespBest_": "77.8097982708933",
                "_formattedPartition_": "           2",
                "_column_": "predict",
                "_RespBest_": "25.9365994236311",
                "_DataRole_": "TEST",
                "_CumResp_": "55.9077809798271",
                "_PctRespBest_": "100.0",
                "_Gain_": "2.72718539865513",
                "_CumLift_": "3.72718539865513",
                "_Event_": "1",
                "_TargetName_": "BAD",
                "_PctResp_": "51.1111111111111",
                "_GainBest_": "4.18731988472622",
                "_CumLiftBest_": "5.18731988472622",
                "_Lift_": "2.65129682997118",
                "_CumPctResp_": "71.8518518518518",
                "_NEventsBest_": "90.0",
                "_CumPctRespBest_": "100.0",
                "_Value_": "0.15421299230257",
                "_NEvents_": "46.0",
                "_LiftBest_": "5.18731988472622",
                "_PartInd_": "2",
                "_Resp_": "13.2564841498559"
            },
            "rowNumber": 25
        },
        {
            "dataMap": {
                "_NObs_": "90.0",
                "_Depth_": "20.0",
                "_CumRespBest_": "100.0",
                "_formattedPartition_": "           2",
                "_column_": "predict",
                "_RespBest_": "22.1902017291066",
                "_DataRole_": "TEST",
                "_CumResp_": "64.2651296829971",
                "_PctRespBest_": "85.5555555555555",
                "_Gain_": "2.21325648414985",
                "_CumLift_": "3.21325648414985",
                "_Event_": "1",
                "_TargetName_": "BAD",
                "_PctResp_": "32.2222222222222",
                "_GainBest_": "4.0",
                "_CumLiftBest_": "5.0",
                "_Lift_": "1.671469740634",
                "_CumPctResp_": "61.9444444444444",
                "_NEventsBest_": "77.0",
                "_CumPctRespBest_": "96.3888888888889",
                "_Value_": "0.11465149591346",
                "_NEvents_": "29.0",
                "_LiftBest_": "4.43804034582132",
                "_PartInd_": "2",
                "_Resp_": "8.35734870317003"
            },
            "rowNumber": 26
        },
        {
            "dataMap": {
                "_NObs_": "90.0",
                "_Depth_": "25.0",
                "_CumRespBest_": "100.0",
                "_formattedPartition_": "           2",
                "_column_": "predict",
                "_RespBest_": "0.0",
                "_DataRole_": "TEST",
                "_CumResp_": "70.893371757925",
                "_PctRespBest_": "0.0",
                "_Gain_": "1.835734870317",
                "_CumLift_": "2.835734870317",
                "_Event_": "1",
                "_TargetName_": "BAD",
                "_PctResp_": "25.5555555555555",
                "_GainBest_": "3.0",
                "_CumLiftBest_": "4.0",
                "_Lift_": "1.32564841498559",
                "_CumPctResp_": "54.6666666666666",
                "_NEventsBest_": "0.0",
                "_CumPctRespBest_": "77.1111111111111",
                "_Value_": "0.09886439989285",
                "_NEvents_": "23.0",
                "_LiftBest_": "0.0",
                "_PartInd_": "2",
                "_Resp_": "6.62824207492795"
            },
            "rowNumber": 27
        },
        {
            "dataMap": {
                "_NObs_": "90.0",
                "_Depth_": "30.0",
                "_CumRespBest_": "100.0",
                "_formattedPartition_": "           2",
                "_column_": "predict",
                "_RespBest_": "0.0",
                "_DataRole_": "TEST",
                "_CumResp_": "78.0979827089337",
                "_PctRespBest_": "0.0",
                "_Gain_": "1.60326609029779",
                "_CumLift_": "2.60326609029779",
                "_Event_": "1",
                "_TargetName_": "BAD",
                "_PctResp_": "27.7777777777777",
                "_GainBest_": "2.33333333333333",
                "_CumLiftBest_": "3.33333333333333",
                "_Lift_": "1.44092219020172",
                "_CumPctResp_": "50.1851851851852",
                "_NEventsBest_": "0.0",
                "_CumPctRespBest_": "64.2592592592592",
                "_Value_": "0.08148395137079",
                "_NEvents_": "25.0",
                "_LiftBest_": "0.0",
                "_PartInd_": "2",
                "_Resp_": "7.20461095100864"
            },
            "rowNumber": 28
        },
        {
            "dataMap": {
                "_NObs_": "90.0",
                "_Depth_": "35.0",
                "_CumRespBest_": "100.0",
                "_formattedPartition_": "           2",
                "_column_": "predict",
                "_RespBest_": "0.0",
                "_DataRole_": "TEST",
                "_CumResp_": "81.2680115273775",
                "_PctRespBest_": "0.0",
                "_Gain_": "1.3219431864965",
                "_CumLift_": "2.3219431864965",
                "_Event_": "1",
                "_TargetName_": "BAD",
                "_PctResp_": "12.2222222222222",
                "_GainBest_": "1.85714285714285",
                "_CumLiftBest_": "2.85714285714285",
                "_Lift_": "0.63400576368876",
                "_CumPctResp_": "44.7619047619047",
                "_NEventsBest_": "0.0",
                "_CumPctRespBest_": "55.079365079365",
                "_Value_": "0.07081962396811",
                "_NEvents_": "11.0",
                "_LiftBest_": "0.0",
                "_PartInd_": "2",
                "_Resp_": "3.1700288184438"
            },
            "rowNumber": 29
        },
        {
            "dataMap": {
                "_NObs_": "90.0",
                "_Depth_": "40.0",
                "_CumRespBest_": "100.0",
                "_formattedPartition_": "           2",
                "_column_": "predict",
                "_RespBest_": "0.0",
                "_DataRole_": "TEST",
                "_CumResp_": "82.7089337175792",
                "_PctRespBest_": "0.0",
                "_Gain_": "1.06772334293948",
                "_CumLift_": "2.06772334293948",
                "_Event_": "1",
                "_TargetName_": "BAD",
                "_PctResp_": "5.55555555555555",
                "_GainBest_": "1.5",
                "_CumLiftBest_": "2.5",
                "_Lift_": "0.28818443804034",
                "_CumPctResp_": "39.8611111111111",
                "_NEventsBest_": "0.0",
                "_CumPctRespBest_": "48.1944444444444",
                "_Value_": "0.0628690250293",
                "_NEvents_": "5.0",
                "_LiftBest_": "0.0",
                "_PartInd_": "2",
                "_Resp_": "1.44092219020172"
            },
            "rowNumber": 30
        },
        {
            "dataMap": {
                "_NObs_": "90.0",
                "_Depth_": "45.0",
                "_CumRespBest_": "100.0",
                "_formattedPartition_": "           2",
                "_column_": "predict",
                "_RespBest_": "0.0",
                "_DataRole_": "TEST",
                "_CumResp_": "84.4380403458213",
                "_PctRespBest_": "0.0",
                "_Gain_": "0.8764008965738",
                "_CumLift_": "1.8764008965738",
                "_Event_": "1",
                "_TargetName_": "BAD",
                "_PctResp_": "6.66666666666666",
                "_GainBest_": "1.22222222222222",
                "_CumLiftBest_": "2.22222222222222",
                "_Lift_": "0.34582132564841",
                "_CumPctResp_": "36.1728395061728",
                "_NEventsBest_": "0.0",
                "_CumPctRespBest_": "42.8395061728395",
                "_Value_": "0.0576578514504",
                "_NEvents_": "6.0",
                "_LiftBest_": "0.0",
                "_PartInd_": "2",
                "_Resp_": "1.72910662824207"
            },
            "rowNumber": 31
        },
        {
            "dataMap": {
                "_NObs_": "90.0",
                "_Depth_": "50.0",
                "_CumRespBest_": "100.0",
                "_formattedPartition_": "           2",
                "_column_": "predict",
                "_RespBest_": "0.0",
                "_DataRole_": "TEST",
                "_CumResp_": "85.878962536023",
                "_PctRespBest_": "0.0",
                "_Gain_": "0.71757925072046",
                "_CumLift_": "1.71757925072046",
                "_Event_": "1",
                "_TargetName_": "BAD",
                "_PctResp_": "5.55555555555555",
                "_GainBest_": "1.0",
                "_CumLiftBest_": "2.0",
                "_Lift_": "0.28818443804034",
                "_CumPctResp_": "33.1111111111111",
                "_NEventsBest_": "0.0",
                "_CumPctRespBest_": "38.5555555555555",
                "_Value_": "0.05343562212215",
                "_NEvents_": "5.0",
                "_LiftBest_": "0.0",
                "_PartInd_": "2",
                "_Resp_": "1.44092219020172"
            },
            "rowNumber": 32
        },
        {
            "dataMap": {
                "_NObs_": "90.0",
                "_Depth_": "55.0",
                "_CumRespBest_": "100.0",
                "_formattedPartition_": "           2",
                "_column_": "predict",
                "_RespBest_": "0.0",
                "_DataRole_": "TEST",
                "_CumResp_": "90.4899135446686",
                "_PctRespBest_": "0.0",
                "_Gain_": "0.64527115535761",
                "_CumLift_": "1.64527115535761",
                "_Event_": "1",
                "_TargetName_": "BAD",
                "_PctResp_": "17.7777777777777",
                "_GainBest_": "0.81818181818181",
                "_CumLiftBest_": "1.81818181818181",
                "_Lift_": "0.9221902017291",
                "_CumPctResp_": "31.7171717171717",
                "_NEventsBest_": "0.0",
                "_CumPctRespBest_": "35.050505050505",
                "_Value_": "0.04885249865044",
                "_NEvents_": "16.0",
                "_LiftBest_": "0.0",
                "_PartInd_": "2",
                "_Resp_": "4.61095100864553"
            },
            "rowNumber": 33
        },
        {
            "dataMap": {
                "_NObs_": "90.0",
                "_Depth_": "60.0",
                "_CumRespBest_": "100.0",
                "_formattedPartition_": "           2",
                "_column_": "predict",
                "_RespBest_": "0.0",
                "_DataRole_": "TEST",
                "_CumResp_": "94.5244956772334",
                "_PctRespBest_": "0.0",
                "_Gain_": "0.57540826128722",
                "_CumLift_": "1.57540826128722",
                "_Event_": "1",
                "_TargetName_": "BAD",
                "_PctResp_": "15.5555555555555",
                "_GainBest_": "0.66666666666666",
                "_CumLiftBest_": "1.66666666666666",
                "_Lift_": "0.80691642651296",
                "_CumPctResp_": "30.3703703703703",
                "_NEventsBest_": "0.0",
                "_CumPctRespBest_": "32.1296296296296",
                "_Value_": "0.04461558028674",
                "_NEvents_": "14.0",
                "_LiftBest_": "0.0",
                "_PartInd_": "2",
                "_Resp_": "4.03458213256484"
            },
            "rowNumber": 34
        },
        {
            "dataMap": {
                "_NObs_": "90.0",
                "_Depth_": "65.0",
                "_CumRespBest_": "100.0",
                "_formattedPartition_": "           2",
                "_column_": "predict",
                "_RespBest_": "0.0",
                "_DataRole_": "TEST",
                "_CumResp_": "97.1181556195965",
                "_PctRespBest_": "0.0",
                "_Gain_": "0.49412547107071",
                "_CumLift_": "1.49412547107071",
                "_Event_": "1",
                "_TargetName_": "BAD",
                "_PctResp_": "10.0",
                "_GainBest_": "0.53846153846153",
                "_CumLiftBest_": "1.53846153846153",
                "_Lift_": "0.51873198847262",
                "_CumPctResp_": "28.8034188034188",
                "_NEventsBest_": "0.0",
                "_CumPctRespBest_": "29.6581196581196",
                "_Value_": "0.03999857605264",
                "_NEvents_": "9.0",
                "_LiftBest_": "0.0",
                "_PartInd_": "2",
                "_Resp_": "2.59365994236311"
            },
            "rowNumber": 35
        },
        {
            "dataMap": {
                "_NObs_": "90.0",
                "_Depth_": "70.0",
                "_CumRespBest_": "100.0",
                "_formattedPartition_": "           2",
                "_column_": "predict",
                "_RespBest_": "0.0",
                "_DataRole_": "TEST",
                "_CumResp_": "97.6945244956772",
                "_PctRespBest_": "0.0",
                "_Gain_": "0.39563606422396",
                "_CumLift_": "1.39563606422396",
                "_Event_": "1",
                "_TargetName_": "BAD",
                "_PctResp_": "2.22222222222222",
                "_GainBest_": "0.42857142857142",
                "_CumLiftBest_": "1.42857142857142",
                "_Lift_": "0.11527377521613",
                "_CumPctResp_": "26.9047619047619",
                "_NEventsBest_": "0.0",
                "_CumPctRespBest_": "27.5396825396825",
                "_Value_": "0.03618909848691",
                "_NEvents_": "2.0",
                "_LiftBest_": "0.0",
                "_PartInd_": "2",
                "_Resp_": "0.57636887608069"
            },
            "rowNumber": 36
        },
        {
            "dataMap": {
                "_NObs_": "90.0",
                "_Depth_": "75.0",
                "_CumRespBest_": "100.0",
                "_formattedPartition_": "           2",
                "_column_": "predict",
                "_RespBest_": "0.0",
                "_DataRole_": "TEST",
                "_CumResp_": "98.5590778097983",
                "_PctRespBest_": "0.0",
                "_Gain_": "0.31412103746397",
                "_CumLift_": "1.31412103746397",
                "_Event_": "1",
                "_TargetName_": "BAD",
                "_PctResp_": "3.33333333333333",
                "_GainBest_": "0.33333333333333",
                "_CumLiftBest_": "1.33333333333333",
                "_Lift_": "0.1729106628242",
                "_CumPctResp_": "25.3333333333333",
                "_NEventsBest_": "0.0",
                "_CumPctRespBest_": "25.7037037037037",
                "_Value_": "0.03310991875285",
                "_NEvents_": "3.0",
                "_LiftBest_": "0.0",
                "_PartInd_": "2",
                "_Resp_": "0.86455331412103"
            },
            "rowNumber": 37
        },
        {
            "dataMap": {
                "_NObs_": "90.0",
                "_Depth_": "80.0",
                "_CumRespBest_": "100.0",
                "_formattedPartition_": "           2",
                "_column_": "predict",
                "_RespBest_": "0.0",
                "_DataRole_": "TEST",
                "_CumResp_": "99.135446685879",
                "_PctRespBest_": "0.0",
                "_Gain_": "0.23919308357348",
                "_CumLift_": "1.23919308357348",
                "_Event_": "1",
                "_TargetName_": "BAD",
                "_PctResp_": "2.22222222222222",
                "_GainBest_": "0.25",
                "_CumLiftBest_": "1.25",
                "_Lift_": "0.11527377521613",
                "_CumPctResp_": "23.8888888888888",
                "_NEventsBest_": "0.0",
                "_CumPctRespBest_": "24.0972222222222",
                "_Value_": "0.03050750744736",
                "_NEvents_": "2.0",
                "_LiftBest_": "0.0",
                "_PartInd_": "2",
                "_Resp_": "0.57636887608069"
            },
            "rowNumber": 38
        },
        {
            "dataMap": {
                "_NObs_": "90.0",
                "_Depth_": "85.0",
                "_CumRespBest_": "100.0",
                "_formattedPartition_": "           2",
                "_column_": "predict",
                "_RespBest_": "0.0",
                "_DataRole_": "TEST",
                "_CumResp_": "99.4236311239193",
                "_PctRespBest_": "0.0",
                "_Gain_": "0.16968977792846",
                "_CumLift_": "1.16968977792846",
                "_Event_": "1",
                "_TargetName_": "BAD",
                "_PctResp_": "1.11111111111111",
                "_GainBest_": "0.17647058823529",
                "_CumLiftBest_": "1.17647058823529",
                "_Lift_": "0.05763688760806",
                "_CumPctResp_": "22.5490196078431",
                "_NEventsBest_": "0.0",
                "_CumPctRespBest_": "22.6797385620915",
                "_Value_": "0.0284039678782",
                "_NEvents_": "1.0",
                "_LiftBest_": "0.0",
                "_PartInd_": "2",
                "_Resp_": "0.28818443804034"
            },
            "rowNumber": 39
        },
        {
            "dataMap": {
                "_NObs_": "90.0",
                "_Depth_": "90.0",
                "_CumRespBest_": "100.0",
                "_formattedPartition_": "           2",
                "_column_": "predict",
                "_RespBest_": "0.0",
                "_DataRole_": "TEST",
                "_CumResp_": "99.4236311239193",
                "_PctRespBest_": "0.0",
                "_Gain_": "0.10470701248799",
                "_CumLift_": "1.10470701248799",
                "_Event_": "1",
                "_TargetName_": "BAD",
                "_PctResp_": "0.0",
                "_GainBest_": "0.11111111111111",
                "_CumLiftBest_": "1.11111111111111",
                "_Lift_": "0.0",
                "_CumPctResp_": "21.2962962962963",
                "_NEventsBest_": "0.0",
                "_CumPctRespBest_": "21.4197530864197",
                "_Value_": "0.02629383556769",
                "_NEvents_": "0.0",
                "_LiftBest_": "0.0",
                "_PartInd_": "2",
                "_Resp_": "0.0"
            },
            "rowNumber": 40
        },
        {
            "dataMap": {
                "_NObs_": "90.0",
                "_Depth_": "95.0",
                "_CumRespBest_": "100.0",
                "_formattedPartition_": "           2",
                "_column_": "predict",
                "_RespBest_": "0.0",
                "_DataRole_": "TEST",
                "_CumResp_": "100.0",
                "_PctRespBest_": "0.0",
                "_Gain_": "0.05263157894736",
                "_CumLift_": "1.05263157894736",
                "_Event_": "1",
                "_TargetName_": "BAD",
                "_PctResp_": "2.22222222222222",
                "_GainBest_": "0.05263157894736",
                "_CumLiftBest_": "1.05263157894736",
                "_Lift_": "0.11527377521613",
                "_CumPctResp_": "20.2923976608187",
                "_NEventsBest_": "0.0",
                "_CumPctRespBest_": "20.2923976608187",
                "_Value_": "0.02355525353006",
                "_NEvents_": "2.0",
                "_LiftBest_": "0.0",
                "_PartInd_": "2",
                "_Resp_": "0.57636887608069"
            },
            "rowNumber": 41
        },
        {
            "dataMap": {
                "_NObs_": "78.0",
                "_Depth_": "100.0",
                "_CumRespBest_": "100.0",
                "_formattedPartition_": "           2",
                "_column_": "predict",
                "_RespBest_": "0.0",
                "_DataRole_": "TEST",
                "_CumResp_": "100.0",
                "_PctRespBest_": "0.0",
                "_Gain_": "0.0",
                "_CumLift_": "1.0",
                "_Event_": "1",
                "_TargetName_": "BAD",
                "_PctResp_": "0.0",
                "_GainBest_": "0.0",
                "_CumLiftBest_": "1.0",
                "_Lift_": "0.0",
                "_CumPctResp_": "19.407158836689",
                "_NEventsBest_": "0.0",
                "_CumPctRespBest_": "19.407158836689",
                "_Value_": "0.01873681390879",
                "_NEvents_": "0.0",
                "_LiftBest_": "0.0",
                "_PartInd_": "2",
                "_Resp_": "0.0"
            },
            "rowNumber": 42
        }
    ],
    "version": 1,
    "xInteger": false,
    "yInteger": false
}