{
    "name": "dmcas_lift",
    "revision": 0,
    "order": 0,
    "parameterMap": {
        "_NObs_": {
            "parameter": "_NObs_",
            "type": "num",
            "label": "Sum of Frequencies",
            "length": 8,
            "order": 9,
            "values": [
                "_NObs_"
            ],
            "preformatted": false
        },
        "_Depth_": {
            "parameter": "_Depth_",
            "type": "num",
            "label": "Depth",
            "length": 8,
            "order": 7,
            "values": [
                "_Depth_"
            ],
            "preformatted": false
        },
        "_CumRespBest_": {
            "parameter": "_CumRespBest_",
            "type": "num",
            "label": "Best Cumulative Captured Response Percentage",
            "length": 8,
            "order": 17,
            "values": [
                "_CumRespBest_"
            ],
            "preformatted": false
        },
        "_formattedPartition_": {
            "parameter": "_formattedPartition_",
            "type": "char",
            "label": "Formatted Partition",
            "length": 12,
            "order": 4,
            "values": [
                "_formattedPartition_"
            ],
            "preformatted": false
        },
        "_Column_": {
            "parameter": "_Column_",
            "type": "char",
            "label": "Analysis Variable",
            "length": 8,
            "order": 5,
            "values": [
                "_Column_"
            ],
            "preformatted": false
        },
        "_RespBest_": {
            "parameter": "_RespBest_",
            "type": "num",
            "label": "Best Captured Response Percentage",
            "length": 8,
            "order": 13,
            "values": [
                "_RespBest_"
            ],
            "preformatted": false
        },
        "_DataRole_": {
            "parameter": "_DataRole_",
            "type": "char",
            "label": "Data Role",
            "length": 10,
            "order": 2,
            "values": [
                "_DataRole_"
            ],
            "preformatted": false
        },
        "_CumResp_": {
            "parameter": "_CumResp_",
            "type": "num",
            "label": "Cumulative Captured Response Percentage",
            "length": 8,
            "order": 16,
            "values": [
                "_CumResp_"
            ],
            "preformatted": false
        },
        "_PctRespBest_": {
            "parameter": "_PctRespBest_",
            "type": "num",
            "label": "Best Response Percentage",
            "length": 8,
            "order": 21,
            "values": [
                "_PctRespBest_"
            ],
            "preformatted": false
        },
        "_Gain_": {
            "parameter": "_Gain_",
            "type": "num",
            "label": "Gain",
            "length": 8,
            "order": 24,
            "values": [
                "_Gain_"
            ],
            "preformatted": false
        },
        "_CumLift_": {
            "parameter": "_CumLift_",
            "type": "num",
            "label": "Cumulative Lift",
            "length": 8,
            "order": 18,
            "values": [
                "_CumLift_"
            ],
            "preformatted": false
        },
        "_Event_": {
            "parameter": "_Event_",
            "type": "char",
            "label": "Event",
            "length": 12,
            "order": 6,
            "values": [
                "_Event_"
            ],
            "preformatted": false
        },
        "_TargetName_": {
            "parameter": "_TargetName_",
            "type": "char",
            "label": "Target Name",
            "length": 6,
            "order": 1,
            "values": [
                "_TargetName_"
            ],
            "preformatted": false
        },
        "_PctResp_": {
            "parameter": "_PctResp_",
            "type": "num",
            "label": "Response Percentage",
            "length": 8,
            "order": 20,
            "values": [
                "_PctResp_"
            ],
            "preformatted": false
        },
        "_GainBest_": {
            "parameter": "_GainBest_",
            "type": "num",
            "label": "Best Gain",
            "length": 8,
            "order": 25,
            "values": [
                "_GainBest_"
            ],
            "preformatted": false
        },
        "_CumLiftBest_": {
            "parameter": "_CumLiftBest_",
            "type": "num",
            "label": "Best Cumulative Lift",
            "length": 8,
            "order": 19,
            "values": [
                "_CumLiftBest_"
            ],
            "preformatted": false
        },
        "_Lift_": {
            "parameter": "_Lift_",
            "type": "num",
            "label": "Lift",
            "length": 8,
            "order": 14,
            "values": [
                "_Lift_"
            ],
            "preformatted": false
        },
        "_CumPctResp_": {
            "parameter": "_CumPctResp_",
            "type": "num",
            "label": "Cumulative Response Percentage",
            "length": 8,
            "order": 22,
            "values": [
                "_CumPctResp_"
            ],
            "preformatted": false
        },
        "_NEventsBest_": {
            "parameter": "_NEventsBest_",
            "type": "num",
            "label": "Best Number of Events",
            "length": 8,
            "order": 11,
            "values": [
                "_NEventsBest_"
            ],
            "preformatted": false
        },
        "_CumPctRespBest_": {
            "parameter": "_CumPctRespBest_",
            "type": "num",
            "label": "Best Cumulative Response Percentage",
            "length": 8,
            "order": 23,
            "values": [
                "_CumPctRespBest_"
            ],
            "preformatted": false
        },
        "_Value_": {
            "parameter": "_Value_",
            "type": "num",
            "label": "Value",
            "length": 8,
            "order": 8,
            "values": [
                "_Value_"
            ],
            "preformatted": false
        },
        "_NEvents_": {
            "parameter": "_NEvents_",
            "type": "num",
            "label": "Number of Events",
            "length": 8,
            "order": 10,
            "values": [
                "_NEvents_"
            ],
            "preformatted": false
        },
        "_LiftBest_": {
            "parameter": "_LiftBest_",
            "type": "num",
            "label": "Best Lift",
            "length": 8,
            "order": 15,
            "values": [
                "_LiftBest_"
            ],
            "preformatted": false
        },
        "_PartInd_": {
            "parameter": "_PartInd_",
            "type": "num",
            "label": "Partition Indicator",
            "length": 8,
            "order": 3,
            "values": [
                "_PartInd_"
            ],
            "preformatted": false
        },
        "_Resp_": {
            "parameter": "_Resp_",
            "type": "num",
            "label": "Captured Response Percentage",
            "length": 8,
            "order": 12,
            "values": [
                "_Resp_"
            ],
            "preformatted": false
        }
    },
    "data": [
        {
            "dataMap": {
                "_NObs_": "0",
                "_Depth_": "0",
                "_CumRespBest_": "0",
                "_formattedPartition_": "           0",
                "_Column_": "predict",
                "_RespBest_": "0",
                "_DataRole_": "VALIDATE",
                "_CumResp_": "0",
                "_Event_": null,
                "_TargetName_": null,
                "_NEventsBest_": "0",
                "_Value_": "0",
                "_NEvents_": "0",
                "_PartInd_": "0",
                "_Resp_": "0"
            },
            "rowNumber": 1
        },
        {
            "dataMap": {
                "_NObs_": null,
                "_Depth_": null,
                "_CumRespBest_": null,
                "_formattedPartition_": "           0",
                "_column_": "predict",
                "_RespBest_": null,
                "_DataRole_": "VALIDATE",
                "_CumResp_": null,
                "_PctRespBest_": null,
                "_Gain_": null,
                "_CumLift_": null,
                "_Event_": null,
                "_TargetName_": null,
                "_PctResp_": null,
                "_GainBest_": null,
                "_CumLiftBest_": null,
                "_Lift_": null,
                "_CumPctResp_": null,
                "_NEventsBest_": null,
                "_CumPctRespBest_": null,
                "_Value_": null,
                "_NEvents_": null,
                "_LiftBest_": null,
                "_PartInd_": "0",
                "_Resp_": null
            },
            "rowNumber": 2
        },
        {
            "dataMap": {
                "_NObs_": null,
                "_Depth_": null,
                "_CumRespBest_": null,
                "_formattedPartition_": "           0",
                "_column_": "predict",
                "_RespBest_": null,
                "_DataRole_": "VALIDATE",
                "_CumResp_": null,
                "_PctRespBest_": null,
                "_Gain_": null,
                "_CumLift_": null,
                "_Event_": null,
                "_TargetName_": null,
                "_PctResp_": null,
                "_GainBest_": null,
                "_CumLiftBest_": null,
                "_Lift_": null,
                "_CumPctResp_": null,
                "_NEventsBest_": null,
                "_CumPctRespBest_": null,
                "_Value_": null,
                "_NEvents_": null,
                "_LiftBest_": null,
                "_PartInd_": "0",
                "_Resp_": null
            },
            "rowNumber": 3
        },
        {
            "dataMap": {
                "_NObs_": null,
                "_Depth_": null,
                "_CumRespBest_": null,
                "_formattedPartition_": "           0",
                "_column_": "predict",
                "_RespBest_": null,
                "_DataRole_": "VALIDATE",
                "_CumResp_": null,
                "_PctRespBest_": null,
                "_Gain_": null,
                "_CumLift_": null,
                "_Event_": null,
                "_TargetName_": null,
                "_PctResp_": null,
                "_GainBest_": null,
                "_CumLiftBest_": null,
                "_Lift_": null,
                "_CumPctResp_": null,
                "_NEventsBest_": null,
                "_CumPctRespBest_": null,
                "_Value_": null,
                "_NEvents_": null,
                "_LiftBest_": null,
                "_PartInd_": "0",
                "_Resp_": null
            },
            "rowNumber": 4
        },
        {
            "dataMap": {
                "_NObs_": null,
                "_Depth_": null,
                "_CumRespBest_": null,
                "_formattedPartition_": "           0",
                "_column_": "predict",
                "_RespBest_": null,
                "_DataRole_": "VALIDATE",
                "_CumResp_": null,
                "_PctRespBest_": null,
                "_Gain_": null,
                "_CumLift_": null,
                "_Event_": null,
                "_TargetName_": null,
                "_PctResp_": null,
                "_GainBest_": null,
                "_CumLiftBest_": null,
                "_Lift_": null,
                "_CumPctResp_": null,
                "_NEventsBest_": null,
                "_CumPctRespBest_": null,
                "_Value_": null,
                "_NEvents_": null,
                "_LiftBest_": null,
                "_PartInd_": "0",
                "_Resp_": null
            },
            "rowNumber": 5
        },
        {
            "dataMap": {
                "_NObs_": null,
                "_Depth_": null,
                "_CumRespBest_": null,
                "_formattedPartition_": "           0",
                "_column_": "predict",
                "_RespBest_": null,
                "_DataRole_": "VALIDATE",
                "_CumResp_": null,
                "_PctRespBest_": null,
                "_Gain_": null,
                "_CumLift_": null,
                "_Event_": null,
                "_TargetName_": null,
                "_PctResp_": null,
                "_GainBest_": null,
                "_CumLiftBest_": null,
                "_Lift_": null,
                "_CumPctResp_": null,
                "_NEventsBest_": null,
                "_CumPctRespBest_": null,
                "_Value_": null,
                "_NEvents_": null,
                "_LiftBest_": null,
                "_PartInd_": "0",
                "_Resp_": null
            },
            "rowNumber": 6
        },
        {
            "dataMap": {
                "_NObs_": null,
                "_Depth_": null,
                "_CumRespBest_": null,
                "_formattedPartition_": "           0",
                "_column_": "predict",
                "_RespBest_": null,
                "_DataRole_": "VALIDATE",
                "_CumResp_": null,
                "_PctRespBest_": null,
                "_Gain_": null,
                "_CumLift_": null,
                "_Event_": null,
                "_TargetName_": null,
                "_PctResp_": null,
                "_GainBest_": null,
                "_CumLiftBest_": null,
                "_Lift_": null,
                "_CumPctResp_": null,
                "_NEventsBest_": null,
                "_CumPctRespBest_": null,
                "_Value_": null,
                "_NEvents_": null,
                "_LiftBest_": null,
                "_PartInd_": "0",
                "_Resp_": null
            },
            "rowNumber": 7
        },
        {
            "dataMap": {
                "_NObs_": null,
                "_Depth_": null,
                "_CumRespBest_": null,
                "_formattedPartition_": "           0",
                "_column_": "predict",
                "_RespBest_": null,
                "_DataRole_": "VALIDATE",
                "_CumResp_": null,
                "_PctRespBest_": null,
                "_Gain_": null,
                "_CumLift_": null,
                "_Event_": null,
                "_TargetName_": null,
                "_PctResp_": null,
                "_GainBest_": null,
                "_CumLiftBest_": null,
                "_Lift_": null,
                "_CumPctResp_": null,
                "_NEventsBest_": null,
                "_CumPctRespBest_": null,
                "_Value_": null,
                "_NEvents_": null,
                "_LiftBest_": null,
                "_PartInd_": "0",
                "_Resp_": null
            },
            "rowNumber": 8
        },
        {
            "dataMap": {
                "_NObs_": null,
                "_Depth_": null,
                "_CumRespBest_": null,
                "_formattedPartition_": "           0",
                "_column_": "predict",
                "_RespBest_": null,
                "_DataRole_": "VALIDATE",
                "_CumResp_": null,
                "_PctRespBest_": null,
                "_Gain_": null,
                "_CumLift_": null,
                "_Event_": null,
                "_TargetName_": null,
                "_PctResp_": null,
                "_GainBest_": null,
                "_CumLiftBest_": null,
                "_Lift_": null,
                "_CumPctResp_": null,
                "_NEventsBest_": null,
                "_CumPctRespBest_": null,
                "_Value_": null,
                "_NEvents_": null,
                "_LiftBest_": null,
                "_PartInd_": "0",
                "_Resp_": null
            },
            "rowNumber": 9
        },
        {
            "dataMap": {
                "_NObs_": null,
                "_Depth_": null,
                "_CumRespBest_": null,
                "_formattedPartition_": "           0",
                "_column_": "predict",
                "_RespBest_": null,
                "_DataRole_": "VALIDATE",
                "_CumResp_": null,
                "_PctRespBest_": null,
                "_Gain_": null,
                "_CumLift_": null,
                "_Event_": null,
                "_TargetName_": null,
                "_PctResp_": null,
                "_GainBest_": null,
                "_CumLiftBest_": null,
                "_Lift_": null,
                "_CumPctResp_": null,
                "_NEventsBest_": null,
                "_CumPctRespBest_": null,
                "_Value_": null,
                "_NEvents_": null,
                "_LiftBest_": null,
                "_PartInd_": "0",
                "_Resp_": null
            },
            "rowNumber": 10
        },
        {
            "dataMap": {
                "_NObs_": null,
                "_Depth_": null,
                "_CumRespBest_": null,
                "_formattedPartition_": "           0",
                "_column_": "predict",
                "_RespBest_": null,
                "_DataRole_": "VALIDATE",
                "_CumResp_": null,
                "_PctRespBest_": null,
                "_Gain_": null,
                "_CumLift_": null,
                "_Event_": null,
                "_TargetName_": null,
                "_PctResp_": null,
                "_GainBest_": null,
                "_CumLiftBest_": null,
                "_Lift_": null,
                "_CumPctResp_": null,
                "_NEventsBest_": null,
                "_CumPctRespBest_": null,
                "_Value_": null,
                "_NEvents_": null,
                "_LiftBest_": null,
                "_PartInd_": "0",
                "_Resp_": null
            },
            "rowNumber": 11
        },
        {
            "dataMap": {
                "_NObs_": null,
                "_Depth_": null,
                "_CumRespBest_": null,
                "_formattedPartition_": "           0",
                "_column_": "predict",
                "_RespBest_": null,
                "_DataRole_": "VALIDATE",
                "_CumResp_": null,
                "_PctRespBest_": null,
                "_Gain_": null,
                "_CumLift_": null,
                "_Event_": null,
                "_TargetName_": null,
                "_PctResp_": null,
                "_GainBest_": null,
                "_CumLiftBest_": null,
                "_Lift_": null,
                "_CumPctResp_": null,
                "_NEventsBest_": null,
                "_CumPctRespBest_": null,
                "_Value_": null,
                "_NEvents_": null,
                "_LiftBest_": null,
                "_PartInd_": "0",
                "_Resp_": null
            },
            "rowNumber": 12
        },
        {
            "dataMap": {
                "_NObs_": null,
                "_Depth_": null,
                "_CumRespBest_": null,
                "_formattedPartition_": "           0",
                "_column_": "predict",
                "_RespBest_": null,
                "_DataRole_": "VALIDATE",
                "_CumResp_": null,
                "_PctRespBest_": null,
                "_Gain_": null,
                "_CumLift_": null,
                "_Event_": null,
                "_TargetName_": null,
                "_PctResp_": null,
                "_GainBest_": null,
                "_CumLiftBest_": null,
                "_Lift_": null,
                "_CumPctResp_": null,
                "_NEventsBest_": null,
                "_CumPctRespBest_": null,
                "_Value_": null,
                "_NEvents_": null,
                "_LiftBest_": null,
                "_PartInd_": "0",
                "_Resp_": null
            },
            "rowNumber": 13
        },
        {
            "dataMap": {
                "_NObs_": null,
                "_Depth_": null,
                "_CumRespBest_": null,
                "_formattedPartition_": "           0",
                "_column_": "predict",
                "_RespBest_": null,
                "_DataRole_": "VALIDATE",
                "_CumResp_": null,
                "_PctRespBest_": null,
                "_Gain_": null,
                "_CumLift_": null,
                "_Event_": null,
                "_TargetName_": null,
                "_PctResp_": null,
                "_GainBest_": null,
                "_CumLiftBest_": null,
                "_Lift_": null,
                "_CumPctResp_": null,
                "_NEventsBest_": null,
                "_CumPctRespBest_": null,
                "_Value_": null,
                "_NEvents_": null,
                "_LiftBest_": null,
                "_PartInd_": "0",
                "_Resp_": null
            },
            "rowNumber": 14
        },
        {
            "dataMap": {
                "_NObs_": null,
                "_Depth_": null,
                "_CumRespBest_": null,
                "_formattedPartition_": "           0",
                "_column_": "predict",
                "_RespBest_": null,
                "_DataRole_": "VALIDATE",
                "_CumResp_": null,
                "_PctRespBest_": null,
                "_Gain_": null,
                "_CumLift_": null,
                "_Event_": null,
                "_TargetName_": null,
                "_PctResp_": null,
                "_GainBest_": null,
                "_CumLiftBest_": null,
                "_Lift_": null,
                "_CumPctResp_": null,
                "_NEventsBest_": null,
                "_CumPctRespBest_": null,
                "_Value_": null,
                "_NEvents_": null,
                "_LiftBest_": null,
                "_PartInd_": "0",
                "_Resp_": null
            },
            "rowNumber": 15
        },
        {
            "dataMap": {
                "_NObs_": null,
                "_Depth_": null,
                "_CumRespBest_": null,
                "_formattedPartition_": "           0",
                "_column_": "predict",
                "_RespBest_": null,
                "_DataRole_": "VALIDATE",
                "_CumResp_": null,
                "_PctRespBest_": null,
                "_Gain_": null,
                "_CumLift_": null,
                "_Event_": null,
                "_TargetName_": null,
                "_PctResp_": null,
                "_GainBest_": null,
                "_CumLiftBest_": null,
                "_Lift_": null,
                "_CumPctResp_": null,
                "_NEventsBest_": null,
                "_CumPctRespBest_": null,
                "_Value_": null,
                "_NEvents_": null,
                "_LiftBest_": null,
                "_PartInd_": "0",
                "_Resp_": null
            },
            "rowNumber": 16
        },
        {
            "dataMap": {
                "_NObs_": null,
                "_Depth_": null,
                "_CumRespBest_": null,
                "_formattedPartition_": "           0",
                "_column_": "predict",
                "_RespBest_": null,
                "_DataRole_": "VALIDATE",
                "_CumResp_": null,
                "_PctRespBest_": null,
                "_Gain_": null,
                "_CumLift_": null,
                "_Event_": null,
                "_TargetName_": null,
                "_PctResp_": null,
                "_GainBest_": null,
                "_CumLiftBest_": null,
                "_Lift_": null,
                "_CumPctResp_": null,
                "_NEventsBest_": null,
                "_CumPctRespBest_": null,
                "_Value_": null,
                "_NEvents_": null,
                "_LiftBest_": null,
                "_PartInd_": "0",
                "_Resp_": null
            },
            "rowNumber": 17
        },
        {
            "dataMap": {
                "_NObs_": null,
                "_Depth_": null,
                "_CumRespBest_": null,
                "_formattedPartition_": "           0",
                "_column_": "predict",
                "_RespBest_": null,
                "_DataRole_": "VALIDATE",
                "_CumResp_": null,
                "_PctRespBest_": null,
                "_Gain_": null,
                "_CumLift_": null,
                "_Event_": null,
                "_TargetName_": null,
                "_PctResp_": null,
                "_GainBest_": null,
                "_CumLiftBest_": null,
                "_Lift_": null,
                "_CumPctResp_": null,
                "_NEventsBest_": null,
                "_CumPctRespBest_": null,
                "_Value_": null,
                "_NEvents_": null,
                "_LiftBest_": null,
                "_PartInd_": "0",
                "_Resp_": null
            },
            "rowNumber": 18
        },
        {
            "dataMap": {
                "_NObs_": null,
                "_Depth_": null,
                "_CumRespBest_": null,
                "_formattedPartition_": "           0",
                "_column_": "predict",
                "_RespBest_": null,
                "_DataRole_": "VALIDATE",
                "_CumResp_": null,
                "_PctRespBest_": null,
                "_Gain_": null,
                "_CumLift_": null,
                "_Event_": null,
                "_TargetName_": null,
                "_PctResp_": null,
                "_GainBest_": null,
                "_CumLiftBest_": null,
                "_Lift_": null,
                "_CumPctResp_": null,
                "_NEventsBest_": null,
                "_CumPctRespBest_": null,
                "_Value_": null,
                "_NEvents_": null,
                "_LiftBest_": null,
                "_PartInd_": "0",
                "_Resp_": null
            },
            "rowNumber": 19
        },
        {
            "dataMap": {
                "_NObs_": null,
                "_Depth_": null,
                "_CumRespBest_": null,
                "_formattedPartition_": "           0",
                "_column_": "predict",
                "_RespBest_": null,
                "_DataRole_": "VALIDATE",
                "_CumResp_": null,
                "_PctRespBest_": null,
                "_Gain_": null,
                "_CumLift_": null,
                "_Event_": null,
                "_TargetName_": null,
                "_PctResp_": null,
                "_GainBest_": null,
                "_CumLiftBest_": null,
                "_Lift_": null,
                "_CumPctResp_": null,
                "_NEventsBest_": null,
                "_CumPctRespBest_": null,
                "_Value_": null,
                "_NEvents_": null,
                "_LiftBest_": null,
                "_PartInd_": "0",
                "_Resp_": null
            },
            "rowNumber": 20
        },
        {
            "dataMap": {
                "_NObs_": null,
                "_Depth_": null,
                "_CumRespBest_": null,
                "_formattedPartition_": "           0",
                "_column_": "predict",
                "_RespBest_": null,
                "_DataRole_": "VALIDATE",
                "_CumResp_": null,
                "_PctRespBest_": null,
                "_Gain_": null,
                "_CumLift_": null,
                "_Event_": null,
                "_TargetName_": null,
                "_PctResp_": null,
                "_GainBest_": null,
                "_CumLiftBest_": null,
                "_Lift_": null,
                "_CumPctResp_": null,
                "_NEventsBest_": null,
                "_CumPctRespBest_": null,
                "_Value_": null,
                "_NEvents_": null,
                "_LiftBest_": null,
                "_PartInd_": "0",
                "_Resp_": null
            },
            "rowNumber": 21
        },
        {
            "dataMap": {
                "_NObs_": "0",
                "_Depth_": "0",
                "_CumRespBest_": "0",
                "_formattedPartition_": "           1",
                "_column_": "predict",
                "_RespBest_": "0",
                "_DataRole_": "TRAIN",
                "_CumResp_": "0",
                "_Event_": null,
                "_TargetName_": null,
                "_NEventsBest_": "0",
                "_Value_": "0",
                "_NEvents_": "0",
                "_PartInd_": "1",
                "_Resp_": "0"
            },
            "rowNumber": 22
        },
        {
            "dataMap": {
                "_NObs_": 209.0,
                "_Depth_": 5.0,
                "_CumRespBest_": 24.8218527315914,
                "_formattedPartition_": "           1",
                "_column_": "predict",
                "_RespBest_": 24.8218527315914,
                "_DataRole_": "TRAIN",
                "_CumResp_": 24.7628934614451,
                "_PctRespBest_": 100.0,
                "_Gain_": 3.95257869228903,
                "_CumLift_": 4.95257869228903,
                "_Event_": "1",
                "_TargetName_": null,
                "_PctResp_": 99.7624703087886,
                "_GainBest_": 3.96437054631829,
                "_CumLiftBest_": 4.96437054631829,
                "_Lift_": 4.95257869228903,
                "_CumPctResp_": 99.7624703087886,
                "_NEventsBest_": 209.0,
                "_CumPctRespBest_": 100.0,
                "_Value_": 1.0,
                "_NEvents_": 208.503562945368,
                "_LiftBest_": 4.96437054631829,
                "_PartInd_": "1",
                "_Resp_": 24.7628934614451,
                "_Column_": "actual"
            },
            "rowNumber": 23
        },
        {
            "dataMap": {
                "_NObs_": 209.0,
                "_Depth_": 10.0,
                "_CumRespBest_": 49.6437054631829,
                "_formattedPartition_": "           1",
                "_column_": "predict",
                "_RespBest_": 24.8218527315914,
                "_DataRole_": "TRAIN",
                "_CumResp_": 49.5257869228903,
                "_PctRespBest_": 100.0,
                "_Gain_": 3.95257869228903,
                "_CumLift_": 4.95257869228903,
                "_Event_": "1",
                "_TargetName_": null,
                "_PctResp_": 99.7624703087886,
                "_GainBest_": 3.96437054631829,
                "_CumLiftBest_": 4.96437054631829,
                "_Lift_": 4.95257869228903,
                "_CumPctResp_": 99.7624703087886,
                "_NEventsBest_": 209.0,
                "_CumPctRespBest_": 100.0,
                "_Value_": 1.0,
                "_NEvents_": 208.503562945368,
                "_LiftBest_": 4.96437054631829,
                "_PartInd_": "1",
                "_Resp_": 24.7628934614451,
                "_Column_": "actual"
            },
            "rowNumber": 24
        },
        {
            "dataMap": {
                "_NObs_": 209.0,
                "_Depth_": 15.0,
                "_CumRespBest_": 74.4655581947743,
                "_formattedPartition_": "           1",
                "_column_": "predict",
                "_RespBest_": 24.8218527315914,
                "_DataRole_": "TRAIN",
                "_CumResp_": 74.2886803843354,
                "_PctRespBest_": 100.0,
                "_Gain_": 3.95257869228903,
                "_CumLift_": 4.95257869228903,
                "_Event_": "1",
                "_TargetName_": null,
                "_PctResp_": 99.7624703087886,
                "_GainBest_": 3.96437054631829,
                "_CumLiftBest_": 4.96437054631828,
                "_Lift_": 4.95257869228903,
                "_CumPctResp_": 99.7624703087886,
                "_NEventsBest_": 209.0,
                "_CumPctRespBest_": 100.0,
                "_Value_": 1.0,
                "_NEvents_": 208.503562945368,
                "_LiftBest_": 4.96437054631829,
                "_PartInd_": "1",
                "_Resp_": 24.7628934614451,
                "_Column_": "actual"
            },
            "rowNumber": 25
        },
        {
            "dataMap": {
                "_NObs_": 209.0,
                "_Depth_": 20.0,
                "_CumRespBest_": 99.2874109263658,
                "_formattedPartition_": "           1",
                "_column_": "predict",
                "_RespBest_": 24.8218527315914,
                "_DataRole_": "TRAIN",
                "_CumResp_": 99.0515738457806,
                "_PctRespBest_": 100.0,
                "_Gain_": 3.95257869228903,
                "_CumLift_": 4.95257869228903,
                "_Event_": "1",
                "_TargetName_": null,
                "_PctResp_": 99.7624703087886,
                "_GainBest_": 3.96437054631829,
                "_CumLiftBest_": 4.96437054631829,
                "_Lift_": 4.95257869228903,
                "_CumPctResp_": 99.7624703087886,
                "_NEventsBest_": 209.0,
                "_CumPctRespBest_": 100.0,
                "_Value_": 1.0,
                "_NEvents_": 208.503562945368,
                "_LiftBest_": 4.96437054631829,
                "_PartInd_": "1",
                "_Resp_": 24.7628934614451,
                "_Column_": "actual"
            },
            "rowNumber": 26
        },
        {
            "dataMap": {
                "_NObs_": 209.0,
                "_Depth_": 25.0,
                "_CumRespBest_": 100.0,
                "_formattedPartition_": "           1",
                "_column_": "predict",
                "_RespBest_": 0.7125890736342,
                "_DataRole_": "TRAIN",
                "_CumResp_": 99.7769503470216,
                "_PctRespBest_": 2.87081339712918,
                "_Gain_": 2.99107801388086,
                "_CumLift_": 3.99107801388086,
                "_Event_": "1",
                "_TargetName_": null,
                "_PctResp_": 2.92233021074126,
                "_GainBest_": 3.0,
                "_CumLiftBest_": 4.0,
                "_Lift_": 0.1450753002482,
                "_CumPctResp_": 80.3944422891791,
                "_NEventsBest_": 6.0,
                "_CumPctRespBest_": 80.5741626794258,
                "_Value_": 0.0,
                "_NEvents_": 6.10767014044924,
                "_LiftBest_": 0.14251781472684,
                "_PartInd_": "1",
                "_Resp_": 0.725376501241,
                "_Column_": "actual"
            },
            "rowNumber": 27
        },
        {
            "dataMap": {
                "_NObs_": 209.0,
                "_Depth_": 30.0,
                "_CumRespBest_": 100.0,
                "_formattedPartition_": "           1",
                "_column_": "predict",
                "_RespBest_": 0.0,
                "_DataRole_": "TRAIN",
                "_CumResp_": 99.7918583666802,
                "_PctRespBest_": 0.0,
                "_Gain_": 2.32639527888934,
                "_CumLift_": 3.32639527888934,
                "_Event_": "1",
                "_TargetName_": null,
                "_PctResp_": 0.06006006006006,
                "_GainBest_": 2.33333333333333,
                "_CumLiftBest_": 3.33333333333333,
                "_Lift_": 0.00298160393172,
                "_CumPctResp_": 67.0053785843259,
                "_NEventsBest_": 0.0,
                "_CumPctRespBest_": 67.1451355661882,
                "_Value_": 0.0,
                "_NEvents_": 0.12552552552552,
                "_LiftBest_": 0.0,
                "_PartInd_": "1",
                "_Resp_": 0.01490801965861,
                "_Column_": "actual"
            },
            "rowNumber": 28
        },
        {
            "dataMap": {
                "_NObs_": 209.0,
                "_Depth_": 35.0,
                "_CumRespBest_": 100.0,
                "_formattedPartition_": "           1",
                "_column_": "predict",
                "_RespBest_": 0.0,
                "_DataRole_": "TRAIN",
                "_CumResp_": 99.8067663863388,
                "_PctRespBest_": 0.0,
                "_Gain_": 1.85162189675253,
                "_CumLift_": 2.85162189675253,
                "_Event_": "1",
                "_TargetName_": null,
                "_PctResp_": 0.06006006006006,
                "_GainBest_": 1.85714285714285,
                "_CumLiftBest_": 2.85714285714285,
                "_Lift_": 0.00298160393172,
                "_CumPctResp_": 57.4417616522879,
                "_NEventsBest_": 0.0,
                "_CumPctRespBest_": 57.552973342447,
                "_Value_": 0.0,
                "_NEvents_": 0.12552552552552,
                "_LiftBest_": 0.0,
                "_PartInd_": "1",
                "_Resp_": 0.01490801965861,
                "_Column_": "actual"
            },
            "rowNumber": 29
        },
        {
            "dataMap": {
                "_NObs_": 209.0,
                "_Depth_": 40.0,
                "_CumRespBest_": 100.0,
                "_formattedPartition_": "           1",
                "_column_": "predict",
                "_RespBest_": 0.0,
                "_DataRole_": "TRAIN",
                "_CumResp_": 99.8216744059974,
                "_PctRespBest_": 0.0,
                "_Gain_": 1.49554186014993,
                "_CumLift_": 2.49554186014993,
                "_Event_": "1",
                "_TargetName_": null,
                "_PctResp_": 0.06006006006006,
                "_GainBest_": 1.49999999999999,
                "_CumLiftBest_": 2.5,
                "_Lift_": 0.00298160393172,
                "_CumPctResp_": 50.2690489532594,
                "_NEventsBest_": 0.0,
                "_CumPctRespBest_": 50.3588516746411,
                "_Value_": 0.0,
                "_NEvents_": 0.12552552552552,
                "_LiftBest_": 0.0,
                "_PartInd_": "1",
                "_Resp_": 0.01490801965861,
                "_Column_": "actual"
            },
            "rowNumber": 30
        },
        {
            "dataMap": {
                "_NObs_": 209.0,
                "_Depth_": 45.0,
                "_CumRespBest_": 100.0,
                "_formattedPartition_": "           1",
                "_column_": "predict",
                "_RespBest_": 0.0,
                "_DataRole_": "TRAIN",
                "_CumResp_": 99.8365824256561,
                "_PctRespBest_": 0.0,
                "_Gain_": 1.21859072057013,
                "_CumLift_": 2.21859072057013,
                "_Event_": "1",
                "_TargetName_": null,
                "_PctResp_": 0.06006006006006,
                "_GainBest_": 1.22222222222222,
                "_CumLiftBest_": 2.22222222222222,
                "_Lift_": 0.00298160393172,
                "_CumPctResp_": 44.6902724095706,
                "_NEventsBest_": 0.0,
                "_CumPctRespBest_": 44.7634237107921,
                "_Value_": 0.0,
                "_NEvents_": 0.12552552552552,
                "_LiftBest_": 0.0,
                "_PartInd_": "1",
                "_Resp_": 0.01490801965861,
                "_Column_": "actual"
            },
            "rowNumber": 31
        },
        {
            "dataMap": {
                "_NObs_": 209.0,
                "_Depth_": 50.0,
                "_CumRespBest_": 100.0,
                "_formattedPartition_": "           1",
                "_column_": "predict",
                "_RespBest_": 0.0,
                "_DataRole_": "TRAIN",
                "_CumResp_": 99.8514904453147,
                "_PctRespBest_": 0.0,
                "_Gain_": 0.99702980890629,
                "_CumLift_": 1.99702980890629,
                "_Event_": "1",
                "_TargetName_": null,
                "_PctResp_": 0.06006006006006,
                "_GainBest_": 0.99999999999999,
                "_CumLiftBest_": 2.0,
                "_Lift_": 0.00298160393172,
                "_CumPctResp_": 40.2272511746196,
                "_NEventsBest_": 0.0,
                "_CumPctRespBest_": 40.2870813397129,
                "_Value_": 0.0,
                "_NEvents_": 0.12552552552552,
                "_LiftBest_": 0.0,
                "_PartInd_": "1",
                "_Resp_": 0.01490801965861,
                "_Column_": "actual"
            },
            "rowNumber": 32
        },
        {
            "dataMap": {
                "_NObs_": 209.0,
                "_Depth_": 55.0,
                "_CumRespBest_": 100.0,
                "_formattedPartition_": "           1",
                "_column_": "predict",
                "_RespBest_": 0.0,
                "_DataRole_": "TRAIN",
                "_CumResp_": 99.8663984649733,
                "_PctRespBest_": 0.0,
                "_Gain_": 0.81575269936315,
                "_CumLift_": 1.81575269936315,
                "_Event_": "1",
                "_TargetName_": null,
                "_PctResp_": 0.06006006006006,
                "_GainBest_": 0.81818181818181,
                "_CumLiftBest_": 1.81818181818181,
                "_Lift_": 0.00298160393172,
                "_CumPctResp_": 36.5756883460232,
                "_NEventsBest_": 0.0,
                "_CumPctRespBest_": 36.624619399739,
                "_Value_": 0.0,
                "_NEvents_": 0.12552552552552,
                "_LiftBest_": 0.0,
                "_PartInd_": "1",
                "_Resp_": 0.01490801965861,
                "_Column_": "actual"
            },
            "rowNumber": 33
        },
        {
            "dataMap": {
                "_NObs_": 209.0,
                "_Depth_": 60.0,
                "_CumRespBest_": 100.0,
                "_formattedPartition_": "           1",
                "_column_": "predict",
                "_RespBest_": 0.0,
                "_DataRole_": "TRAIN",
                "_CumResp_": 99.8813064846319,
                "_PctRespBest_": 0.0,
                "_Gain_": 0.66468844141053,
                "_CumLift_": 1.66468844141053,
                "_Event_": "1",
                "_TargetName_": null,
                "_PctResp_": 0.06006006006006,
                "_GainBest_": 0.66666666666666,
                "_CumLiftBest_": 1.66666666666666,
                "_Lift_": 0.00298160393172,
                "_CumPctResp_": 33.532719322193,
                "_NEventsBest_": 0.0,
                "_CumPctRespBest_": 33.5725677830941,
                "_Value_": 0.0,
                "_NEvents_": 0.12552552552552,
                "_LiftBest_": 0.0,
                "_PartInd_": "1",
                "_Resp_": 0.01490801965861,
                "_Column_": "actual"
            },
            "rowNumber": 34
        },
        {
            "dataMap": {
                "_NObs_": 209.0,
                "_Depth_": 65.0,
                "_CumRespBest_": 100.0,
                "_formattedPartition_": "           1",
                "_column_": "predict",
                "_RespBest_": 0.0,
                "_DataRole_": "TRAIN",
                "_CumResp_": 99.8962145042905,
                "_PctRespBest_": 0.0,
                "_Gain_": 0.53686483852754,
                "_CumLift_": 1.53686483852754,
                "_Event_": "1",
                "_TargetName_": null,
                "_PctResp_": 0.06006006006006,
                "_GainBest_": 0.53846153846153,
                "_CumLiftBest_": 1.53846153846153,
                "_Lift_": 0.00298160393172,
                "_CumPctResp_": 30.957899378952,
                "_NEventsBest_": 0.0,
                "_CumPctRespBest_": 30.9900625690099,
                "_Value_": 0.0,
                "_NEvents_": 0.12552552552552,
                "_LiftBest_": 0.0,
                "_PartInd_": "1",
                "_Resp_": 0.01490801965861,
                "_Column_": "actual"
            },
            "rowNumber": 35
        },
        {
            "dataMap": {
                "_NObs_": 209.0,
                "_Depth_": 70.0,
                "_CumRespBest_": 100.0,
                "_formattedPartition_": "           1",
                "_column_": "predict",
                "_RespBest_": 0.0,
                "_DataRole_": "TRAIN",
                "_CumResp_": 99.9111225239492,
                "_PctRespBest_": 0.0,
                "_Gain_": 0.42730175034213,
                "_CumLift_": 1.42730175034213,
                "_Event_": "1",
                "_TargetName_": null,
                "_PctResp_": 0.06006006006006,
                "_GainBest_": 0.42857142857142,
                "_CumLiftBest_": 1.42857142857142,
                "_Lift_": 0.00298160393172,
                "_CumPctResp_": 28.750910856174,
                "_NEventsBest_": 0.0,
                "_CumPctRespBest_": 28.7764866712235,
                "_Value_": 0.0,
                "_NEvents_": 0.12552552552552,
                "_LiftBest_": 0.0,
                "_PartInd_": "1",
                "_Resp_": 0.01490801965861,
                "_Column_": "actual"
            },
            "rowNumber": 36
        },
        {
            "dataMap": {
                "_NObs_": 209.0,
                "_Depth_": 75.0,
                "_CumRespBest_": 100.0,
                "_formattedPartition_": "           1",
                "_column_": "predict",
                "_RespBest_": 0.0,
                "_DataRole_": "TRAIN",
                "_CumResp_": 99.9260305436078,
                "_PctRespBest_": 0.0,
                "_Gain_": 0.33234707391476,
                "_CumLift_": 1.33234707391476,
                "_Event_": "1",
                "_TargetName_": null,
                "_PctResp_": 0.06006006006006,
                "_GainBest_": 0.33333333333333,
                "_CumLiftBest_": 1.33333333333333,
                "_Lift_": 0.00298160393172,
                "_CumPctResp_": 26.8381874697664,
                "_NEventsBest_": 0.0,
                "_CumPctRespBest_": 26.8580542264752,
                "_Value_": 0.0,
                "_NEvents_": 0.12552552552552,
                "_LiftBest_": 0.0,
                "_PartInd_": "1",
                "_Resp_": 0.01490801965861,
                "_Column_": "actual"
            },
            "rowNumber": 37
        },
        {
            "dataMap": {
                "_NObs_": 209.0,
                "_Depth_": 80.0,
                "_CumRespBest_": 100.0,
                "_formattedPartition_": "           1",
                "_column_": "predict",
                "_RespBest_": 0.0,
                "_DataRole_": "TRAIN",
                "_CumResp_": 99.9409385632664,
                "_PctRespBest_": 0.0,
                "_Gain_": 0.24926173204082,
                "_CumLift_": 1.24926173204082,
                "_Event_": "1",
                "_TargetName_": null,
                "_PctResp_": 0.06006006006006,
                "_GainBest_": 0.24999999999999,
                "_CumLiftBest_": 1.25,
                "_Lift_": 0.00298160393172,
                "_CumPctResp_": 25.1645545066597,
                "_NEventsBest_": 0.0,
                "_CumPctRespBest_": 25.1794258373205,
                "_Value_": 0.0,
                "_NEvents_": 0.12552552552552,
                "_LiftBest_": 0.0,
                "_PartInd_": "1",
                "_Resp_": 0.01490801965861,
                "_Column_": "actual"
            },
            "rowNumber": 38
        },
        {
            "dataMap": {
                "_NObs_": 209.0,
                "_Depth_": 85.0,
                "_CumRespBest_": 100.0,
                "_formattedPartition_": "           1",
                "_column_": "predict",
                "_RespBest_": 0.0,
                "_DataRole_": "TRAIN",
                "_CumResp_": 99.955846582925,
                "_PctRespBest_": 0.0,
                "_Gain_": 0.1759511362697,
                "_CumLift_": 1.1759511362697,
                "_Event_": "1",
                "_TargetName_": null,
                "_PctResp_": 0.06006006006006,
                "_GainBest_": 0.17647058823529,
                "_CumLiftBest_": 1.17647058823529,
                "_Lift_": 0.00298160393172,
                "_CumPctResp_": 23.6878195392127,
                "_NEventsBest_": 0.0,
                "_CumPctRespBest_": 23.6982831410076,
                "_Value_": 0.0,
                "_NEvents_": 0.12552552552552,
                "_LiftBest_": 0.0,
                "_PartInd_": "1",
                "_Resp_": 0.01490801965861,
                "_Column_": "actual"
            },
            "rowNumber": 39
        },
        {
            "dataMap": {
                "_NObs_": 209.0,
                "_Depth_": 90.0,
                "_CumRespBest_": 100.0,
                "_formattedPartition_": "           1",
                "_column_": "predict",
                "_RespBest_": 0.0,
                "_DataRole_": "TRAIN",
                "_CumResp_": 99.9707546025836,
                "_PctRespBest_": 0.0,
                "_Gain_": 0.11078616225092,
                "_CumLift_": 1.11078616225092,
                "_Event_": "1",
                "_TargetName_": null,
                "_PctResp_": 0.06006006006006,
                "_GainBest_": 0.11111111111111,
                "_CumLiftBest_": 1.11111111111111,
                "_Lift_": 0.00298160393172,
                "_CumPctResp_": 22.3751662348153,
                "_NEventsBest_": 0.0,
                "_CumPctRespBest_": 22.381711855396,
                "_Value_": 0.0,
                "_NEvents_": 0.12552552552552,
                "_LiftBest_": 0.0,
                "_PartInd_": "1",
                "_Resp_": 0.01490801965861,
                "_Column_": "actual"
            },
            "rowNumber": 40
        },
        {
            "dataMap": {
                "_NObs_": 209.0,
                "_Depth_": 95.0,
                "_CumRespBest_": 100.0,
                "_formattedPartition_": "           1",
                "_column_": "predict",
                "_RespBest_": 0.0,
                "_DataRole_": "TRAIN",
                "_CumResp_": 99.9856626222423,
                "_PctRespBest_": 0.0,
                "_Gain_": 0.05248065918149,
                "_CumLift_": 1.05248065918149,
                "_Event_": "1",
                "_TargetName_": null,
                "_PctResp_": 0.06006006006006,
                "_GainBest_": 0.05263157894736,
                "_CumLiftBest_": 1.05263157894736,
                "_Lift_": 0.00298160393172,
                "_CumPctResp_": 21.2006869624598,
                "_NEventsBest_": 0.0,
                "_CumPctRespBest_": 21.2037270209015,
                "_Value_": 0.0,
                "_NEvents_": 0.12552552552552,
                "_LiftBest_": 0.0,
                "_PartInd_": "1",
                "_Resp_": 0.01490801965861,
                "_Column_": "actual"
            },
            "rowNumber": 41
        },
        {
            "dataMap": {
                "_NObs_": 201.0,
                "_Depth_": 100.0,
                "_CumRespBest_": 100.0,
                "_formattedPartition_": "           1",
                "_column_": "predict",
                "_RespBest_": 0.0,
                "_DataRole_": "TRAIN",
                "_CumResp_": 100.0,
                "_PctRespBest_": 0.0,
                "_Gain_": -2.2204460492503e-16,
                "_CumLift_": 1.0,
                "_Event_": "1",
                "_TargetName_": null,
                "_PctResp_": 0.06006006006006,
                "_GainBest_": 0.0,
                "_CumLiftBest_": 1.0,
                "_Lift_": 0.00286747555156,
                "_CumPctResp_": 20.1821668264621,
                "_NEventsBest_": 0.0,
                "_CumPctRespBest_": 20.1821668264621,
                "_Value_": 0.0,
                "_NEvents_": 0.12072072072072,
                "_LiftBest_": 0.0,
                "_PartInd_": "1",
                "_Resp_": 0.0143373777578,
                "_Column_": "actual"
            },
            "rowNumber": 42
        },
        {
            "dataMap": {
                "_NObs_": "0",
                "_Depth_": "0",
                "_CumRespBest_": "0",
                "_formattedPartition_": "           2",
                "_column_": "predict",
                "_RespBest_": "0",
                "_DataRole_": "TEST",
                "_CumResp_": "0",
                "_Event_": null,
                "_TargetName_": null,
                "_NEventsBest_": "0",
                "_Value_": "0",
                "_NEvents_": "0",
                "_PartInd_": "2",
                "_Resp_": "0"
            },
            "rowNumber": 43
        },
        {
            "dataMap": {
                "_NObs_": 90.0,
                "_Depth_": 5.0,
                "_CumRespBest_": 60.4026845637584,
                "_formattedPartition_": "           2",
                "_column_": "predict",
                "_RespBest_": 60.4026845637584,
                "_DataRole_": "TEST",
                "_CumResp_": 25.0662437382743,
                "_PctRespBest_": 100.0,
                "_Gain_": 4.01324874765487,
                "_CumLift_": 5.01324874765487,
                "_Event_": "1",
                "_TargetName_": null,
                "_PctResp_": 41.4985590778098,
                "_GainBest_": 11.0805369127516,
                "_CumLiftBest_": 12.0805369127516,
                "_Lift_": 5.01324874765487,
                "_CumPctResp_": 41.4985590778098,
                "_NEventsBest_": 90.0,
                "_CumPctRespBest_": 100.0,
                "_Value_": 1.0,
                "_NEvents_": 37.3487031700288,
                "_LiftBest_": 12.0805369127516,
                "_PartInd_": "2",
                "_Resp_": 25.0662437382743,
                "_Column_": "actual"
            },
            "rowNumber": 44
        },
        {
            "dataMap": {
                "_NObs_": 90.0,
                "_Depth_": 10.0,
                "_CumRespBest_": 100.0,
                "_formattedPartition_": "           2",
                "_column_": "predict",
                "_RespBest_": 39.5973154362416,
                "_DataRole_": "TEST",
                "_CumResp_": 50.1324874765487,
                "_PctRespBest_": 65.5555555555555,
                "_Gain_": 4.01324874765487,
                "_CumLift_": 5.01324874765487,
                "_Event_": "1",
                "_TargetName_": null,
                "_PctResp_": 41.4985590778098,
                "_GainBest_": 9.0,
                "_CumLiftBest_": 10.0,
                "_Lift_": 5.01324874765487,
                "_CumPctResp_": 41.4985590778098,
                "_NEventsBest_": 59.0,
                "_CumPctRespBest_": 82.7777777777777,
                "_Value_": 1.0,
                "_NEvents_": 37.3487031700288,
                "_LiftBest_": 7.91946308724832,
                "_PartInd_": "2",
                "_Resp_": 25.0662437382743,
                "_Column_": "actual"
            },
            "rowNumber": 45
        },
        {
            "dataMap": {
                "_NObs_": 90.0,
                "_Depth_": 15.0,
                "_CumRespBest_": 100.0,
                "_formattedPartition_": "           2",
                "_column_": "predict",
                "_RespBest_": 0.0,
                "_DataRole_": "TEST",
                "_CumResp_": 75.1987312148231,
                "_PctRespBest_": 0.0,
                "_Gain_": 4.01324874765487,
                "_CumLift_": 5.01324874765487,
                "_Event_": "1",
                "_TargetName_": null,
                "_PctResp_": 41.4985590778098,
                "_GainBest_": 5.66666666666666,
                "_CumLiftBest_": 6.66666666666666,
                "_Lift_": 5.01324874765487,
                "_CumPctResp_": 41.4985590778098,
                "_NEventsBest_": 0.0,
                "_CumPctRespBest_": 55.1851851851851,
                "_Value_": 1.0,
                "_NEvents_": 37.3487031700288,
                "_LiftBest_": 0.0,
                "_PartInd_": "2",
                "_Resp_": 25.0662437382743,
                "_Column_": "actual"
            },
            "rowNumber": 46
        },
        {
            "dataMap": {
                "_NObs_": 90.0,
                "_Depth_": 20.0,
                "_CumRespBest_": 100.0,
                "_formattedPartition_": "           2",
                "_column_": "predict",
                "_RespBest_": 0.0,
                "_DataRole_": "TEST",
                "_CumResp_": 96.6745688350278,
                "_PctRespBest_": 0.0,
                "_Gain_": 3.83372844175139,
                "_CumLift_": 4.83372844175139,
                "_Event_": "1",
                "_TargetName_": null,
                "_PctResp_": 35.5544422823389,
                "_GainBest_": 4.0,
                "_CumLiftBest_": 5.0,
                "_Lift_": 4.29516752404095,
                "_CumPctResp_": 40.0125298789421,
                "_NEventsBest_": 0.0,
                "_CumPctRespBest_": 41.3888888888888,
                "_Value_": 0.0,
                "_NEvents_": 31.998998054105,
                "_LiftBest_": 0.0,
                "_PartInd_": "2",
                "_Resp_": 21.4758376202047,
                "_Column_": "actual"
            },
            "rowNumber": 47
        },
        {
            "dataMap": {
                "_NObs_": 90.0,
                "_Depth_": 25.0,
                "_CumRespBest_": 100.0,
                "_formattedPartition_": "           2",
                "_column_": "predict",
                "_RespBest_": 0.0,
                "_DataRole_": "TEST",
                "_CumResp_": 96.8841548328202,
                "_PctRespBest_": 0.0,
                "_Gain_": 2.8753661933128,
                "_CumLift_": 3.87536619331281,
                "_Event_": "1",
                "_TargetName_": null,
                "_PctResp_": 0.34698126301179,
                "_GainBest_": 3.0,
                "_CumLiftBest_": 4.0,
                "_Lift_": 0.04191719955847,
                "_CumPctResp_": 32.079420155756,
                "_NEventsBest_": 0.0,
                "_CumPctRespBest_": 33.1111111111111,
                "_Value_": 0.0,
                "_NEvents_": 0.31228313671061,
                "_LiftBest_": 0.0,
                "_PartInd_": "2",
                "_Resp_": 0.20958599779236,
                "_Column_": "actual"
            },
            "rowNumber": 48
        },
        {
            "dataMap": {
                "_NObs_": 90.0,
                "_Depth_": 30.0,
                "_CumRespBest_": 100.0,
                "_formattedPartition_": "           2",
                "_column_": "predict",
                "_RespBest_": 0.0,
                "_DataRole_": "TEST",
                "_CumResp_": 97.0937408306126,
                "_PctRespBest_": 0.0,
                "_Gain_": 2.23645802768708,
                "_CumLift_": 3.23645802768708,
                "_Event_": "1",
                "_TargetName_": null,
                "_PctResp_": 0.34698126301179,
                "_GainBest_": 2.33333333333333,
                "_CumLiftBest_": 3.33333333333333,
                "_Lift_": 0.04191719955847,
                "_CumPctResp_": 26.7906803402986,
                "_NEventsBest_": 0.0,
                "_CumPctRespBest_": 27.5925925925925,
                "_Value_": 0.0,
                "_NEvents_": 0.31228313671061,
                "_LiftBest_": 0.0,
                "_PartInd_": "2",
                "_Resp_": 0.20958599779236,
                "_Column_": "actual"
            },
            "rowNumber": 49
        },
        {
            "dataMap": {
                "_NObs_": 90.0,
                "_Depth_": 35.0,
                "_CumRespBest_": 100.0,
                "_formattedPartition_": "           2",
                "_column_": "predict",
                "_RespBest_": 0.0,
                "_DataRole_": "TEST",
                "_CumResp_": 97.3033268284049,
                "_PctRespBest_": 0.0,
                "_Gain_": 1.78009505224014,
                "_CumLift_": 2.78009505224014,
                "_Event_": "1",
                "_TargetName_": null,
                "_PctResp_": 0.34698126301179,
                "_GainBest_": 1.85714285714285,
                "_CumLiftBest_": 2.85714285714285,
                "_Lift_": 0.04191719955847,
                "_CumPctResp_": 23.0130090435433,
                "_NEventsBest_": 0.0,
                "_CumPctRespBest_": 23.6507936507936,
                "_Value_": 0.0,
                "_NEvents_": 0.31228313671061,
                "_LiftBest_": 0.0,
                "_PartInd_": "2",
                "_Resp_": 0.20958599779236,
                "_Column_": "actual"
            },
            "rowNumber": 50
        },
        {
            "dataMap": {
                "_NObs_": 90.0,
                "_Depth_": 40.0,
                "_CumRespBest_": 100.0,
                "_formattedPartition_": "           2",
                "_column_": "predict",
                "_RespBest_": 0.0,
                "_DataRole_": "TEST",
                "_CumResp_": 97.5129128261973,
                "_PctRespBest_": 0.0,
                "_Gain_": 1.43782282065493,
                "_CumLift_": 2.43782282065493,
                "_Event_": "1",
                "_TargetName_": null,
                "_PctResp_": 0.34698126301179,
                "_GainBest_": 1.49999999999999,
                "_CumLiftBest_": 2.5,
                "_Lift_": 0.04191719955847,
                "_CumPctResp_": 20.1797555709769,
                "_NEventsBest_": 0.0,
                "_CumPctRespBest_": 20.6944444444444,
                "_Value_": 0.0,
                "_NEvents_": 0.31228313671061,
                "_LiftBest_": 0.0,
                "_PartInd_": "2",
                "_Resp_": 0.20958599779236,
                "_Column_": "actual"
            },
            "rowNumber": 51
        },
        {
            "dataMap": {
                "_NObs_": 90.0,
                "_Depth_": 45.0,
                "_CumRespBest_": 100.0,
                "_formattedPartition_": "           2",
                "_column_": "predict",
                "_RespBest_": 0.0,
                "_DataRole_": "TEST",
                "_CumResp_": 97.7224988239896,
                "_PctRespBest_": 0.0,
                "_Gain_": 1.17161108497754,
                "_CumLift_": 2.17161108497754,
                "_Event_": "1",
                "_TargetName_": null,
                "_PctResp_": 0.34698126301179,
                "_GainBest_": 1.22222222222222,
                "_CumLiftBest_": 2.22222222222222,
                "_Lift_": 0.04191719955847,
                "_CumPctResp_": 17.976113981203,
                "_NEventsBest_": 0.0,
                "_CumPctRespBest_": 18.395061728395,
                "_Value_": 0.0,
                "_NEvents_": 0.31228313671061,
                "_LiftBest_": 0.0,
                "_PartInd_": "2",
                "_Resp_": 0.20958599779236,
                "_Column_": "actual"
            },
            "rowNumber": 52
        },
        {
            "dataMap": {
                "_NObs_": 90.0,
                "_Depth_": 50.0,
                "_CumRespBest_": 100.0,
                "_formattedPartition_": "           2",
                "_column_": "predict",
                "_RespBest_": 0.0,
                "_DataRole_": "TEST",
                "_CumResp_": 97.932084821782,
                "_PctRespBest_": 0.0,
                "_Gain_": 0.95864169643564,
                "_CumLift_": 1.95864169643564,
                "_Event_": "1",
                "_TargetName_": null,
                "_PctResp_": 0.34698126301179,
                "_GainBest_": 0.99999999999999,
                "_CumLiftBest_": 2.0,
                "_Lift_": 0.04191719955847,
                "_CumPctResp_": 16.2132007093839,
                "_NEventsBest_": 0.0,
                "_CumPctRespBest_": 16.5555555555555,
                "_Value_": 0.0,
                "_NEvents_": 0.31228313671061,
                "_LiftBest_": 0.0,
                "_PartInd_": "2",
                "_Resp_": 0.20958599779236,
                "_Column_": "actual"
            },
            "rowNumber": 53
        },
        {
            "dataMap": {
                "_NObs_": 90.0,
                "_Depth_": 55.0,
                "_CumRespBest_": 100.0,
                "_formattedPartition_": "           2",
                "_column_": "predict",
                "_RespBest_": 0.0,
                "_DataRole_": "TEST",
                "_CumResp_": 98.1416708195744,
                "_PctRespBest_": 0.0,
                "_Gain_": 0.78439401490135,
                "_CumLift_": 1.78439401490135,
                "_Event_": "1",
                "_TargetName_": null,
                "_PctResp_": 0.34698126301179,
                "_GainBest_": 0.81818181818181,
                "_CumLiftBest_": 1.81818181818181,
                "_Lift_": 0.04191719955847,
                "_CumPctResp_": 14.77081712335,
                "_NEventsBest_": 0.0,
                "_CumPctRespBest_": 15.050505050505,
                "_Value_": 0.0,
                "_NEvents_": 0.31228313671061,
                "_LiftBest_": 0.0,
                "_PartInd_": "2",
                "_Resp_": 0.20958599779236,
                "_Column_": "actual"
            },
            "rowNumber": 54
        },
        {
            "dataMap": {
                "_NObs_": 90.0,
                "_Depth_": 60.0,
                "_CumRespBest_": 100.0,
                "_formattedPartition_": "           2",
                "_column_": "predict",
                "_RespBest_": 0.0,
                "_DataRole_": "TEST",
                "_CumResp_": 98.3512568173667,
                "_PctRespBest_": 0.0,
                "_Gain_": 0.63918761362277,
                "_CumLift_": 1.63918761362277,
                "_Event_": "1",
                "_TargetName_": null,
                "_PctResp_": 0.34698126301179,
                "_GainBest_": 0.66666666666666,
                "_CumLiftBest_": 1.66666666666666,
                "_Lift_": 0.04191719955847,
                "_CumPctResp_": 13.5688308016552,
                "_NEventsBest_": 0.0,
                "_CumPctRespBest_": 13.7962962962962,
                "_Value_": 0.0,
                "_NEvents_": 0.31228313671061,
                "_LiftBest_": 0.0,
                "_PartInd_": "2",
                "_Resp_": 0.20958599779236,
                "_Column_": "actual"
            },
            "rowNumber": 55
        },
        {
            "dataMap": {
                "_NObs_": 90.0,
                "_Depth_": 65.0,
                "_CumRespBest_": 100.0,
                "_formattedPartition_": "           2",
                "_column_": "predict",
                "_RespBest_": 0.0,
                "_DataRole_": "TEST",
                "_CumResp_": 98.5608428151591,
                "_PctRespBest_": 0.0,
                "_Gain_": 0.51632065869475,
                "_CumLift_": 1.51632065869475,
                "_Event_": "1",
                "_TargetName_": null,
                "_PctResp_": 0.34698126301179,
                "_GainBest_": 0.53846153846153,
                "_CumLiftBest_": 1.53846153846153,
                "_Lift_": 0.04191719955847,
                "_CumPctResp_": 12.5517654525288,
                "_NEventsBest_": 0.0,
                "_CumPctRespBest_": 12.7350427350427,
                "_Value_": 0.0,
                "_NEvents_": 0.31228313671061,
                "_LiftBest_": 0.0,
                "_PartInd_": "2",
                "_Resp_": 0.20958599779236,
                "_Column_": "actual"
            },
            "rowNumber": 56
        },
        {
            "dataMap": {
                "_NObs_": 90.0,
                "_Depth_": 70.0,
                "_CumRespBest_": 100.0,
                "_formattedPartition_": "           2",
                "_column_": "predict",
                "_RespBest_": 0.0,
                "_DataRole_": "TEST",
                "_CumResp_": 98.7704288129514,
                "_PctRespBest_": 0.0,
                "_Gain_": 0.4110061258993,
                "_CumLift_": 1.4110061258993,
                "_Event_": "1",
                "_TargetName_": null,
                "_PctResp_": 0.34698126301179,
                "_GainBest_": 0.42857142857142,
                "_CumLiftBest_": 1.42857142857142,
                "_Lift_": 0.04191719955847,
                "_CumPctResp_": 11.6799951532775,
                "_NEventsBest_": 0.0,
                "_CumPctRespBest_": 11.8253968253968,
                "_Value_": 0.0,
                "_NEvents_": 0.31228313671061,
                "_LiftBest_": 0.0,
                "_PartInd_": "2",
                "_Resp_": 0.20958599779236,
                "_Column_": "actual"
            },
            "rowNumber": 57
        },
        {
            "dataMap": {
                "_NObs_": 90.0,
                "_Depth_": 75.0,
                "_CumRespBest_": 100.0,
                "_formattedPartition_": "           2",
                "_column_": "predict",
                "_RespBest_": 0.0,
                "_DataRole_": "TEST",
                "_CumResp_": 98.9800148107438,
                "_PctRespBest_": 0.0,
                "_Gain_": 0.31973353080991,
                "_CumLift_": 1.31973353080991,
                "_Event_": "1",
                "_TargetName_": null,
                "_PctResp_": 0.34698126301179,
                "_GainBest_": 0.33333333333333,
                "_CumLiftBest_": 1.33333333333333,
                "_Lift_": 0.04191719955847,
                "_CumPctResp_": 10.9244608939265,
                "_NEventsBest_": 0.0,
                "_CumPctRespBest_": 11.037037037037,
                "_Value_": 0.0,
                "_NEvents_": 0.31228313671061,
                "_LiftBest_": 0.0,
                "_PartInd_": "2",
                "_Resp_": 0.20958599779236,
                "_Column_": "actual"
            },
            "rowNumber": 58
        },
        {
            "dataMap": {
                "_NObs_": 90.0,
                "_Depth_": 80.0,
                "_CumRespBest_": 100.0,
                "_formattedPartition_": "           2",
                "_column_": "predict",
                "_RespBest_": 0.0,
                "_DataRole_": "TEST",
                "_CumResp_": 99.1896008085361,
                "_PctRespBest_": 0.0,
                "_Gain_": 0.2398700101067,
                "_CumLift_": 1.2398700101067,
                "_Event_": "1",
                "_TargetName_": null,
                "_PctResp_": 0.34698126301179,
                "_GainBest_": 0.24999999999999,
                "_CumLiftBest_": 1.25,
                "_Lift_": 0.04191719955847,
                "_CumPctResp_": 10.2633684169943,
                "_NEventsBest_": 0.0,
                "_CumPctRespBest_": 10.3472222222222,
                "_Value_": 0.0,
                "_NEvents_": 0.31228313671061,
                "_LiftBest_": 0.0,
                "_PartInd_": "2",
                "_Resp_": 0.20958599779236,
                "_Column_": "actual"
            },
            "rowNumber": 59
        },
        {
            "dataMap": {
                "_NObs_": 90.0,
                "_Depth_": 85.0,
                "_CumRespBest_": 100.0,
                "_formattedPartition_": "           2",
                "_column_": "predict",
                "_RespBest_": 0.0,
                "_DataRole_": "TEST",
                "_CumResp_": 99.3991868063285,
                "_PctRespBest_": 0.0,
                "_Gain_": 0.16940219772151,
                "_CumLift_": 1.16940219772151,
                "_Event_": "1",
                "_TargetName_": null,
                "_PctResp_": 0.34698126301179,
                "_GainBest_": 0.17647058823529,
                "_CumLiftBest_": 1.17647058823529,
                "_Lift_": 0.04191719955847,
                "_CumPctResp_": 9.68005152558363,
                "_NEventsBest_": 0.0,
                "_CumPctRespBest_": 9.73856209150327,
                "_Value_": 0.0,
                "_NEvents_": 0.31228313671061,
                "_LiftBest_": 0.0,
                "_PartInd_": "2",
                "_Resp_": 0.20958599779236,
                "_Column_": "actual"
            },
            "rowNumber": 60
        },
        {
            "dataMap": {
                "_NObs_": 90.0,
                "_Depth_": 90.0,
                "_CumRespBest_": 100.0,
                "_formattedPartition_": "           2",
                "_column_": "predict",
                "_RespBest_": 0.0,
                "_DataRole_": "TEST",
                "_CumResp_": 99.6087728041209,
                "_PctRespBest_": 0.0,
                "_Gain_": 0.10676414226801,
                "_CumLift_": 1.10676414226801,
                "_Event_": "1",
                "_TargetName_": null,
                "_PctResp_": 0.34698126301179,
                "_GainBest_": 0.11111111111111,
                "_CumLiftBest_": 1.11111111111111,
                "_Lift_": 0.04191719955847,
                "_CumPctResp_": 9.16154762210742,
                "_NEventsBest_": 0.0,
                "_CumPctRespBest_": 9.19753086419753,
                "_Value_": 0.0,
                "_NEvents_": 0.31228313671061,
                "_LiftBest_": 0.0,
                "_PartInd_": "2",
                "_Resp_": 0.20958599779236,
                "_Column_": "actual"
            },
            "rowNumber": 61
        },
        {
            "dataMap": {
                "_NObs_": 90.0,
                "_Depth_": 95.0,
                "_CumRespBest_": 100.0,
                "_formattedPartition_": "           2",
                "_column_": "predict",
                "_RespBest_": 0.0,
                "_DataRole_": "TEST",
                "_CumResp_": 99.8183588019132,
                "_PctRespBest_": 0.0,
                "_Gain_": 0.05071956633592,
                "_CumLift_": 1.05071956633592,
                "_Event_": "1",
                "_TargetName_": null,
                "_PctResp_": 0.34698126301179,
                "_GainBest_": 0.05263157894736,
                "_CumLiftBest_": 1.05263157894736,
                "_Lift_": 0.04191719955847,
                "_CumPctResp_": 8.69762307689186,
                "_NEventsBest_": 0.0,
                "_CumPctRespBest_": 8.71345029239766,
                "_Value_": 0.0,
                "_NEvents_": 0.31228313671061,
                "_LiftBest_": 0.0,
                "_PartInd_": "2",
                "_Resp_": 0.20958599779236,
                "_Column_": "actual"
            },
            "rowNumber": 62
        },
        {
            "dataMap": {
                "_NObs_": 78.0,
                "_Depth_": 100.0,
                "_CumRespBest_": 100.0,
                "_formattedPartition_": "           2",
                "_column_": "predict",
                "_RespBest_": 0.0,
                "_DataRole_": "TEST",
                "_CumResp_": 99.9999999999999,
                "_PctRespBest_": 0.0,
                "_Gain_": 2.2204460492503e-16,
                "_CumLift_": 1.0,
                "_Event_": "1",
                "_TargetName_": null,
                "_PctResp_": 0.34698126301179,
                "_GainBest_": 0.0,
                "_CumLiftBest_": 1.0,
                "_Lift_": 0.03632823961734,
                "_CumPctResp_": 8.33333333333333,
                "_NEventsBest_": 0.0,
                "_CumPctRespBest_": 8.33333333333333,
                "_Value_": 0.0,
                "_NEvents_": 0.2706453851492,
                "_LiftBest_": 0.0,
                "_PartInd_": "2",
                "_Resp_": 0.18164119808671,
                "_Column_": "actual"
            },
            "rowNumber": 63
        }
    ],
    "version": 1,
    "xInteger": false,
    "yInteger": false
}