{
    "creationTimeStamp": "0001-01-01T00:00:00Z",
    "modifiedTimeStamp": "0001-01-01T00:00:00Z",
    "revision": 0,
    "name": "dmcas_relativeimportance",
    "version": 0,
    "order": 0,
    "parameterMap": {
        "LABEL": {
            "label": "Variable Label",
            "length": 256,
            "order": 1,
            "parameter": "LABEL",
            "preformatted": false,
            "type": "char",
            "values": [
                "LABEL"
            ]
        },
        "LEVEL": {
            "label": "Variable Level",
            "length": 10,
            "order": 5,
            "parameter": "LEVEL",
            "preformatted": false,
            "type": "char",
            "values": [
                "LEVEL"
            ]
        },
        "ROLE": {
            "label": "Role",
            "length": 32,
            "order": 4,
            "parameter": "ROLE",
            "preformatted": false,
            "type": "char",
            "values": [
                "ROLE"
            ]
        },
        "RelativeImportance": {
            "label": "Relative Importance",
            "length": 8,
            "order": 3,
            "parameter": "RelativeImportance",
            "preformatted": false,
            "type": "num",
            "values": [
                "RelativeImportance"
            ]
        },
        "Variable": {
            "label": "Variable Name",
            "length": 255,
            "order": 2,
            "parameter": "Variable",
            "preformatted": false,
            "type": "char",
            "values": [
                "Variable"
            ]
        }
    },
    "data": [
        {
            "dataMap": {
                "LABEL": "",
                "LEVEL": "INTERVAL",
                "ROLE": "INPUT",
                "RelativeImportance": "1.0",
                "Variable": "DEBTINC"
            },
            "rowNumber": 1
        },
        {
            "dataMap": {
                "LABEL": "",
                "LEVEL": "INTERVAL",
                "ROLE": "INPUT",
                "RelativeImportance": "0.74052151480109",
                "Variable": "DELINQ"
            },
            "rowNumber": 2
        },
        {
            "dataMap": {
                "LABEL": "",
                "LEVEL": "INTERVAL",
                "ROLE": "INPUT",
                "RelativeImportance": "0.50935330105263",
                "Variable": "DEROG"
            },
            "rowNumber": 3
        },
        {
            "dataMap": {
                "LABEL": "",
                "LEVEL": "INTERVAL",
                "ROLE": "INPUT",
                "RelativeImportance": "0.18719822965668",
                "Variable": "LOAN"
            },
            "rowNumber": 4
        },
        {
            "dataMap": {
                "LABEL": "",
                "LEVEL": "INTERVAL",
                "ROLE": "INPUT",
                "RelativeImportance": "0.17893151881537",
                "Variable": "VALUE"
            },
            "rowNumber": 5
        },
        {
            "dataMap": {
                "LABEL": "",
                "LEVEL": "INTERVAL",
                "ROLE": "INPUT",
                "RelativeImportance": "0.16385178055842",
                "Variable": "CLAGE"
            },
            "rowNumber": 6
        },
        {
            "dataMap": {
                "LABEL": "",
                "LEVEL": "INTERVAL",
                "ROLE": "INPUT",
                "RelativeImportance": "0.15287689004005",
                "Variable": "NINQ"
            },
            "rowNumber": 7
        },
        {
            "dataMap": {
                "LABEL": "",
                "LEVEL": "INTERVAL",
                "ROLE": "INPUT",
                "RelativeImportance": "0.15106254506983",
                "Variable": "CLNO"
            },
            "rowNumber": 8
        },
        {
            "dataMap": {
                "LABEL": "",
                "LEVEL": "INTERVAL",
                "ROLE": "INPUT",
                "RelativeImportance": "0.06506472670973",
                "Variable": "MORTDUE"
            },
            "rowNumber": 9
        },
        {
            "dataMap": {
                "LABEL": "",
                "LEVEL": "INTERVAL",
                "ROLE": "INPUT",
                "RelativeImportance": "0.05717845430939",
                "Variable": "YOJ"
            },
            "rowNumber": 10
        }
    ],
    "xInteger": false,
    "yInteger": false
}