{
    "name": "dmcas_lift",
    "revision": 0,
    "order": 0,
    "parameterMap": {
        "_NObs_": {
            "parameter": "_NObs_",
            "type": "num",
            "label": "Sum of Frequencies",
            "length": 8,
            "order": 9,
            "values": [
                "_NObs_"
            ],
            "preformatted": false
        },
        "_Depth_": {
            "parameter": "_Depth_",
            "type": "num",
            "label": "Depth",
            "length": 8,
            "order": 7,
            "values": [
                "_Depth_"
            ],
            "preformatted": false
        },
        "_CumRespBest_": {
            "parameter": "_CumRespBest_",
            "type": "num",
            "label": "Best Cumulative Captured Response Percentage",
            "length": 8,
            "order": 17,
            "values": [
                "_CumRespBest_"
            ],
            "preformatted": false
        },
        "_formattedPartition_": {
            "parameter": "_formattedPartition_",
            "type": "char",
            "label": "Formatted Partition",
            "length": 12,
            "order": 4,
            "values": [
                "_formattedPartition_"
            ],
            "preformatted": false
        },
        "_Column_": {
            "parameter": "_Column_",
            "type": "char",
            "label": "Analysis Variable",
            "length": 8,
            "order": 5,
            "values": [
                "_Column_"
            ],
            "preformatted": false
        },
        "_RespBest_": {
            "parameter": "_RespBest_",
            "type": "num",
            "label": "Best Captured Response Percentage",
            "length": 8,
            "order": 13,
            "values": [
                "_RespBest_"
            ],
            "preformatted": false
        },
        "_DataRole_": {
            "parameter": "_DataRole_",
            "type": "char",
            "label": "Data Role",
            "length": 10,
            "order": 2,
            "values": [
                "_DataRole_"
            ],
            "preformatted": false
        },
        "_CumResp_": {
            "parameter": "_CumResp_",
            "type": "num",
            "label": "Cumulative Captured Response Percentage",
            "length": 8,
            "order": 16,
            "values": [
                "_CumResp_"
            ],
            "preformatted": false
        },
        "_PctRespBest_": {
            "parameter": "_PctRespBest_",
            "type": "num",
            "label": "Best Response Percentage",
            "length": 8,
            "order": 21,
            "values": [
                "_PctRespBest_"
            ],
            "preformatted": false
        },
        "_Gain_": {
            "parameter": "_Gain_",
            "type": "num",
            "label": "Gain",
            "length": 8,
            "order": 24,
            "values": [
                "_Gain_"
            ],
            "preformatted": false
        },
        "_CumLift_": {
            "parameter": "_CumLift_",
            "type": "num",
            "label": "Cumulative Lift",
            "length": 8,
            "order": 18,
            "values": [
                "_CumLift_"
            ],
            "preformatted": false
        },
        "_Event_": {
            "parameter": "_Event_",
            "type": "char",
            "label": "Event",
            "length": 12,
            "order": 6,
            "values": [
                "_Event_"
            ],
            "preformatted": false
        },
        "_TargetName_": {
            "parameter": "_TargetName_",
            "type": "char",
            "label": "Target Name",
            "length": 6,
            "order": 1,
            "values": [
                "_TargetName_"
            ],
            "preformatted": false
        },
        "_PctResp_": {
            "parameter": "_PctResp_",
            "type": "num",
            "label": "Response Percentage",
            "length": 8,
            "order": 20,
            "values": [
                "_PctResp_"
            ],
            "preformatted": false
        },
        "_GainBest_": {
            "parameter": "_GainBest_",
            "type": "num",
            "label": "Best Gain",
            "length": 8,
            "order": 25,
            "values": [
                "_GainBest_"
            ],
            "preformatted": false
        },
        "_CumLiftBest_": {
            "parameter": "_CumLiftBest_",
            "type": "num",
            "label": "Best Cumulative Lift",
            "length": 8,
            "order": 19,
            "values": [
                "_CumLiftBest_"
            ],
            "preformatted": false
        },
        "_Lift_": {
            "parameter": "_Lift_",
            "type": "num",
            "label": "Lift",
            "length": 8,
            "order": 14,
            "values": [
                "_Lift_"
            ],
            "preformatted": false
        },
        "_CumPctResp_": {
            "parameter": "_CumPctResp_",
            "type": "num",
            "label": "Cumulative Response Percentage",
            "length": 8,
            "order": 22,
            "values": [
                "_CumPctResp_"
            ],
            "preformatted": false
        },
        "_NEventsBest_": {
            "parameter": "_NEventsBest_",
            "type": "num",
            "label": "Best Number of Events",
            "length": 8,
            "order": 11,
            "values": [
                "_NEventsBest_"
            ],
            "preformatted": false
        },
        "_CumPctRespBest_": {
            "parameter": "_CumPctRespBest_",
            "type": "num",
            "label": "Best Cumulative Response Percentage",
            "length": 8,
            "order": 23,
            "values": [
                "_CumPctRespBest_"
            ],
            "preformatted": false
        },
        "_Value_": {
            "parameter": "_Value_",
            "type": "num",
            "label": "Value",
            "length": 8,
            "order": 8,
            "values": [
                "_Value_"
            ],
            "preformatted": false
        },
        "_NEvents_": {
            "parameter": "_NEvents_",
            "type": "num",
            "label": "Number of Events",
            "length": 8,
            "order": 10,
            "values": [
                "_NEvents_"
            ],
            "preformatted": false
        },
        "_LiftBest_": {
            "parameter": "_LiftBest_",
            "type": "num",
            "label": "Best Lift",
            "length": 8,
            "order": 15,
            "values": [
                "_LiftBest_"
            ],
            "preformatted": false
        },
        "_PartInd_": {
            "parameter": "_PartInd_",
            "type": "num",
            "label": "Partition Indicator",
            "length": 8,
            "order": 3,
            "values": [
                "_PartInd_"
            ],
            "preformatted": false
        },
        "_Resp_": {
            "parameter": "_Resp_",
            "type": "num",
            "label": "Captured Response Percentage",
            "length": 8,
            "order": 12,
            "values": [
                "_Resp_"
            ],
            "preformatted": false
        }
    },
    "data": [
        {
            "dataMap": {
                "_NObs_": "0",
                "_Depth_": "0",
                "_CumRespBest_": "0",
                "_formattedPartition_": "           0",
                "_Column_": "predict",
                "_RespBest_": "0",
                "_DataRole_": "VALIDATE",
                "_CumResp_": "0",
                "_Event_": null,
                "_TargetName_": null,
                "_NEventsBest_": "0",
                "_Value_": "0",
                "_NEvents_": "0",
                "_PartInd_": "0",
                "_Resp_": "0"
            },
            "rowNumber": 1
        },
        {
            "dataMap": {
                "_NObs_": null,
                "_Depth_": null,
                "_CumRespBest_": null,
                "_formattedPartition_": "           0",
                "_column_": "predict",
                "_RespBest_": null,
                "_DataRole_": "VALIDATE",
                "_CumResp_": null,
                "_PctRespBest_": null,
                "_Gain_": null,
                "_CumLift_": null,
                "_Event_": null,
                "_TargetName_": null,
                "_PctResp_": null,
                "_GainBest_": null,
                "_CumLiftBest_": null,
                "_Lift_": null,
                "_CumPctResp_": null,
                "_NEventsBest_": null,
                "_CumPctRespBest_": null,
                "_Value_": null,
                "_NEvents_": null,
                "_LiftBest_": null,
                "_PartInd_": "0",
                "_Resp_": null
            },
            "rowNumber": 2
        },
        {
            "dataMap": {
                "_NObs_": null,
                "_Depth_": null,
                "_CumRespBest_": null,
                "_formattedPartition_": "           0",
                "_column_": "predict",
                "_RespBest_": null,
                "_DataRole_": "VALIDATE",
                "_CumResp_": null,
                "_PctRespBest_": null,
                "_Gain_": null,
                "_CumLift_": null,
                "_Event_": null,
                "_TargetName_": null,
                "_PctResp_": null,
                "_GainBest_": null,
                "_CumLiftBest_": null,
                "_Lift_": null,
                "_CumPctResp_": null,
                "_NEventsBest_": null,
                "_CumPctRespBest_": null,
                "_Value_": null,
                "_NEvents_": null,
                "_LiftBest_": null,
                "_PartInd_": "0",
                "_Resp_": null
            },
            "rowNumber": 3
        },
        {
            "dataMap": {
                "_NObs_": null,
                "_Depth_": null,
                "_CumRespBest_": null,
                "_formattedPartition_": "           0",
                "_column_": "predict",
                "_RespBest_": null,
                "_DataRole_": "VALIDATE",
                "_CumResp_": null,
                "_PctRespBest_": null,
                "_Gain_": null,
                "_CumLift_": null,
                "_Event_": null,
                "_TargetName_": null,
                "_PctResp_": null,
                "_GainBest_": null,
                "_CumLiftBest_": null,
                "_Lift_": null,
                "_CumPctResp_": null,
                "_NEventsBest_": null,
                "_CumPctRespBest_": null,
                "_Value_": null,
                "_NEvents_": null,
                "_LiftBest_": null,
                "_PartInd_": "0",
                "_Resp_": null
            },
            "rowNumber": 4
        },
        {
            "dataMap": {
                "_NObs_": null,
                "_Depth_": null,
                "_CumRespBest_": null,
                "_formattedPartition_": "           0",
                "_column_": "predict",
                "_RespBest_": null,
                "_DataRole_": "VALIDATE",
                "_CumResp_": null,
                "_PctRespBest_": null,
                "_Gain_": null,
                "_CumLift_": null,
                "_Event_": null,
                "_TargetName_": null,
                "_PctResp_": null,
                "_GainBest_": null,
                "_CumLiftBest_": null,
                "_Lift_": null,
                "_CumPctResp_": null,
                "_NEventsBest_": null,
                "_CumPctRespBest_": null,
                "_Value_": null,
                "_NEvents_": null,
                "_LiftBest_": null,
                "_PartInd_": "0",
                "_Resp_": null
            },
            "rowNumber": 5
        },
        {
            "dataMap": {
                "_NObs_": null,
                "_Depth_": null,
                "_CumRespBest_": null,
                "_formattedPartition_": "           0",
                "_column_": "predict",
                "_RespBest_": null,
                "_DataRole_": "VALIDATE",
                "_CumResp_": null,
                "_PctRespBest_": null,
                "_Gain_": null,
                "_CumLift_": null,
                "_Event_": null,
                "_TargetName_": null,
                "_PctResp_": null,
                "_GainBest_": null,
                "_CumLiftBest_": null,
                "_Lift_": null,
                "_CumPctResp_": null,
                "_NEventsBest_": null,
                "_CumPctRespBest_": null,
                "_Value_": null,
                "_NEvents_": null,
                "_LiftBest_": null,
                "_PartInd_": "0",
                "_Resp_": null
            },
            "rowNumber": 6
        },
        {
            "dataMap": {
                "_NObs_": null,
                "_Depth_": null,
                "_CumRespBest_": null,
                "_formattedPartition_": "           0",
                "_column_": "predict",
                "_RespBest_": null,
                "_DataRole_": "VALIDATE",
                "_CumResp_": null,
                "_PctRespBest_": null,
                "_Gain_": null,
                "_CumLift_": null,
                "_Event_": null,
                "_TargetName_": null,
                "_PctResp_": null,
                "_GainBest_": null,
                "_CumLiftBest_": null,
                "_Lift_": null,
                "_CumPctResp_": null,
                "_NEventsBest_": null,
                "_CumPctRespBest_": null,
                "_Value_": null,
                "_NEvents_": null,
                "_LiftBest_": null,
                "_PartInd_": "0",
                "_Resp_": null
            },
            "rowNumber": 7
        },
        {
            "dataMap": {
                "_NObs_": null,
                "_Depth_": null,
                "_CumRespBest_": null,
                "_formattedPartition_": "           0",
                "_column_": "predict",
                "_RespBest_": null,
                "_DataRole_": "VALIDATE",
                "_CumResp_": null,
                "_PctRespBest_": null,
                "_Gain_": null,
                "_CumLift_": null,
                "_Event_": null,
                "_TargetName_": null,
                "_PctResp_": null,
                "_GainBest_": null,
                "_CumLiftBest_": null,
                "_Lift_": null,
                "_CumPctResp_": null,
                "_NEventsBest_": null,
                "_CumPctRespBest_": null,
                "_Value_": null,
                "_NEvents_": null,
                "_LiftBest_": null,
                "_PartInd_": "0",
                "_Resp_": null
            },
            "rowNumber": 8
        },
        {
            "dataMap": {
                "_NObs_": null,
                "_Depth_": null,
                "_CumRespBest_": null,
                "_formattedPartition_": "           0",
                "_column_": "predict",
                "_RespBest_": null,
                "_DataRole_": "VALIDATE",
                "_CumResp_": null,
                "_PctRespBest_": null,
                "_Gain_": null,
                "_CumLift_": null,
                "_Event_": null,
                "_TargetName_": null,
                "_PctResp_": null,
                "_GainBest_": null,
                "_CumLiftBest_": null,
                "_Lift_": null,
                "_CumPctResp_": null,
                "_NEventsBest_": null,
                "_CumPctRespBest_": null,
                "_Value_": null,
                "_NEvents_": null,
                "_LiftBest_": null,
                "_PartInd_": "0",
                "_Resp_": null
            },
            "rowNumber": 9
        },
        {
            "dataMap": {
                "_NObs_": null,
                "_Depth_": null,
                "_CumRespBest_": null,
                "_formattedPartition_": "           0",
                "_column_": "predict",
                "_RespBest_": null,
                "_DataRole_": "VALIDATE",
                "_CumResp_": null,
                "_PctRespBest_": null,
                "_Gain_": null,
                "_CumLift_": null,
                "_Event_": null,
                "_TargetName_": null,
                "_PctResp_": null,
                "_GainBest_": null,
                "_CumLiftBest_": null,
                "_Lift_": null,
                "_CumPctResp_": null,
                "_NEventsBest_": null,
                "_CumPctRespBest_": null,
                "_Value_": null,
                "_NEvents_": null,
                "_LiftBest_": null,
                "_PartInd_": "0",
                "_Resp_": null
            },
            "rowNumber": 10
        },
        {
            "dataMap": {
                "_NObs_": null,
                "_Depth_": null,
                "_CumRespBest_": null,
                "_formattedPartition_": "           0",
                "_column_": "predict",
                "_RespBest_": null,
                "_DataRole_": "VALIDATE",
                "_CumResp_": null,
                "_PctRespBest_": null,
                "_Gain_": null,
                "_CumLift_": null,
                "_Event_": null,
                "_TargetName_": null,
                "_PctResp_": null,
                "_GainBest_": null,
                "_CumLiftBest_": null,
                "_Lift_": null,
                "_CumPctResp_": null,
                "_NEventsBest_": null,
                "_CumPctRespBest_": null,
                "_Value_": null,
                "_NEvents_": null,
                "_LiftBest_": null,
                "_PartInd_": "0",
                "_Resp_": null
            },
            "rowNumber": 11
        },
        {
            "dataMap": {
                "_NObs_": null,
                "_Depth_": null,
                "_CumRespBest_": null,
                "_formattedPartition_": "           0",
                "_column_": "predict",
                "_RespBest_": null,
                "_DataRole_": "VALIDATE",
                "_CumResp_": null,
                "_PctRespBest_": null,
                "_Gain_": null,
                "_CumLift_": null,
                "_Event_": null,
                "_TargetName_": null,
                "_PctResp_": null,
                "_GainBest_": null,
                "_CumLiftBest_": null,
                "_Lift_": null,
                "_CumPctResp_": null,
                "_NEventsBest_": null,
                "_CumPctRespBest_": null,
                "_Value_": null,
                "_NEvents_": null,
                "_LiftBest_": null,
                "_PartInd_": "0",
                "_Resp_": null
            },
            "rowNumber": 12
        },
        {
            "dataMap": {
                "_NObs_": null,
                "_Depth_": null,
                "_CumRespBest_": null,
                "_formattedPartition_": "           0",
                "_column_": "predict",
                "_RespBest_": null,
                "_DataRole_": "VALIDATE",
                "_CumResp_": null,
                "_PctRespBest_": null,
                "_Gain_": null,
                "_CumLift_": null,
                "_Event_": null,
                "_TargetName_": null,
                "_PctResp_": null,
                "_GainBest_": null,
                "_CumLiftBest_": null,
                "_Lift_": null,
                "_CumPctResp_": null,
                "_NEventsBest_": null,
                "_CumPctRespBest_": null,
                "_Value_": null,
                "_NEvents_": null,
                "_LiftBest_": null,
                "_PartInd_": "0",
                "_Resp_": null
            },
            "rowNumber": 13
        },
        {
            "dataMap": {
                "_NObs_": null,
                "_Depth_": null,
                "_CumRespBest_": null,
                "_formattedPartition_": "           0",
                "_column_": "predict",
                "_RespBest_": null,
                "_DataRole_": "VALIDATE",
                "_CumResp_": null,
                "_PctRespBest_": null,
                "_Gain_": null,
                "_CumLift_": null,
                "_Event_": null,
                "_TargetName_": null,
                "_PctResp_": null,
                "_GainBest_": null,
                "_CumLiftBest_": null,
                "_Lift_": null,
                "_CumPctResp_": null,
                "_NEventsBest_": null,
                "_CumPctRespBest_": null,
                "_Value_": null,
                "_NEvents_": null,
                "_LiftBest_": null,
                "_PartInd_": "0",
                "_Resp_": null
            },
            "rowNumber": 14
        },
        {
            "dataMap": {
                "_NObs_": null,
                "_Depth_": null,
                "_CumRespBest_": null,
                "_formattedPartition_": "           0",
                "_column_": "predict",
                "_RespBest_": null,
                "_DataRole_": "VALIDATE",
                "_CumResp_": null,
                "_PctRespBest_": null,
                "_Gain_": null,
                "_CumLift_": null,
                "_Event_": null,
                "_TargetName_": null,
                "_PctResp_": null,
                "_GainBest_": null,
                "_CumLiftBest_": null,
                "_Lift_": null,
                "_CumPctResp_": null,
                "_NEventsBest_": null,
                "_CumPctRespBest_": null,
                "_Value_": null,
                "_NEvents_": null,
                "_LiftBest_": null,
                "_PartInd_": "0",
                "_Resp_": null
            },
            "rowNumber": 15
        },
        {
            "dataMap": {
                "_NObs_": null,
                "_Depth_": null,
                "_CumRespBest_": null,
                "_formattedPartition_": "           0",
                "_column_": "predict",
                "_RespBest_": null,
                "_DataRole_": "VALIDATE",
                "_CumResp_": null,
                "_PctRespBest_": null,
                "_Gain_": null,
                "_CumLift_": null,
                "_Event_": null,
                "_TargetName_": null,
                "_PctResp_": null,
                "_GainBest_": null,
                "_CumLiftBest_": null,
                "_Lift_": null,
                "_CumPctResp_": null,
                "_NEventsBest_": null,
                "_CumPctRespBest_": null,
                "_Value_": null,
                "_NEvents_": null,
                "_LiftBest_": null,
                "_PartInd_": "0",
                "_Resp_": null
            },
            "rowNumber": 16
        },
        {
            "dataMap": {
                "_NObs_": null,
                "_Depth_": null,
                "_CumRespBest_": null,
                "_formattedPartition_": "           0",
                "_column_": "predict",
                "_RespBest_": null,
                "_DataRole_": "VALIDATE",
                "_CumResp_": null,
                "_PctRespBest_": null,
                "_Gain_": null,
                "_CumLift_": null,
                "_Event_": null,
                "_TargetName_": null,
                "_PctResp_": null,
                "_GainBest_": null,
                "_CumLiftBest_": null,
                "_Lift_": null,
                "_CumPctResp_": null,
                "_NEventsBest_": null,
                "_CumPctRespBest_": null,
                "_Value_": null,
                "_NEvents_": null,
                "_LiftBest_": null,
                "_PartInd_": "0",
                "_Resp_": null
            },
            "rowNumber": 17
        },
        {
            "dataMap": {
                "_NObs_": null,
                "_Depth_": null,
                "_CumRespBest_": null,
                "_formattedPartition_": "           0",
                "_column_": "predict",
                "_RespBest_": null,
                "_DataRole_": "VALIDATE",
                "_CumResp_": null,
                "_PctRespBest_": null,
                "_Gain_": null,
                "_CumLift_": null,
                "_Event_": null,
                "_TargetName_": null,
                "_PctResp_": null,
                "_GainBest_": null,
                "_CumLiftBest_": null,
                "_Lift_": null,
                "_CumPctResp_": null,
                "_NEventsBest_": null,
                "_CumPctRespBest_": null,
                "_Value_": null,
                "_NEvents_": null,
                "_LiftBest_": null,
                "_PartInd_": "0",
                "_Resp_": null
            },
            "rowNumber": 18
        },
        {
            "dataMap": {
                "_NObs_": null,
                "_Depth_": null,
                "_CumRespBest_": null,
                "_formattedPartition_": "           0",
                "_column_": "predict",
                "_RespBest_": null,
                "_DataRole_": "VALIDATE",
                "_CumResp_": null,
                "_PctRespBest_": null,
                "_Gain_": null,
                "_CumLift_": null,
                "_Event_": null,
                "_TargetName_": null,
                "_PctResp_": null,
                "_GainBest_": null,
                "_CumLiftBest_": null,
                "_Lift_": null,
                "_CumPctResp_": null,
                "_NEventsBest_": null,
                "_CumPctRespBest_": null,
                "_Value_": null,
                "_NEvents_": null,
                "_LiftBest_": null,
                "_PartInd_": "0",
                "_Resp_": null
            },
            "rowNumber": 19
        },
        {
            "dataMap": {
                "_NObs_": null,
                "_Depth_": null,
                "_CumRespBest_": null,
                "_formattedPartition_": "           0",
                "_column_": "predict",
                "_RespBest_": null,
                "_DataRole_": "VALIDATE",
                "_CumResp_": null,
                "_PctRespBest_": null,
                "_Gain_": null,
                "_CumLift_": null,
                "_Event_": null,
                "_TargetName_": null,
                "_PctResp_": null,
                "_GainBest_": null,
                "_CumLiftBest_": null,
                "_Lift_": null,
                "_CumPctResp_": null,
                "_NEventsBest_": null,
                "_CumPctRespBest_": null,
                "_Value_": null,
                "_NEvents_": null,
                "_LiftBest_": null,
                "_PartInd_": "0",
                "_Resp_": null
            },
            "rowNumber": 20
        },
        {
            "dataMap": {
                "_NObs_": null,
                "_Depth_": null,
                "_CumRespBest_": null,
                "_formattedPartition_": "           0",
                "_column_": "predict",
                "_RespBest_": null,
                "_DataRole_": "VALIDATE",
                "_CumResp_": null,
                "_PctRespBest_": null,
                "_Gain_": null,
                "_CumLift_": null,
                "_Event_": null,
                "_TargetName_": null,
                "_PctResp_": null,
                "_GainBest_": null,
                "_CumLiftBest_": null,
                "_Lift_": null,
                "_CumPctResp_": null,
                "_NEventsBest_": null,
                "_CumPctRespBest_": null,
                "_Value_": null,
                "_NEvents_": null,
                "_LiftBest_": null,
                "_PartInd_": "0",
                "_Resp_": null
            },
            "rowNumber": 21
        },
        {
            "dataMap": {
                "_NObs_": "0",
                "_Depth_": "0",
                "_CumRespBest_": "0",
                "_formattedPartition_": "           1",
                "_column_": "predict",
                "_RespBest_": "0",
                "_DataRole_": "TRAIN",
                "_CumResp_": "0",
                "_Event_": null,
                "_TargetName_": null,
                "_NEventsBest_": "0",
                "_Value_": "0",
                "_NEvents_": "0",
                "_PartInd_": "1",
                "_Resp_": "0"
            },
            "rowNumber": 22
        },
        {
            "dataMap": {
                "_NObs_": 209.0,
                "_Depth_": 5.0,
                "_CumRespBest_": 35.2445193929173,
                "_formattedPartition_": "           1",
                "_column_": "predict",
                "_RespBest_": 35.2445193929173,
                "_DataRole_": "TRAIN",
                "_CumResp_": 23.1475287699326,
                "_PctRespBest_": 100.0,
                "_Gain_": 3.62950575398653,
                "_CumLift_": 4.62950575398653,
                "_Event_": "1",
                "_TargetName_": null,
                "_PctResp_": 65.6769596199524,
                "_GainBest_": 6.04890387858347,
                "_CumLiftBest_": 7.04890387858347,
                "_Lift_": 4.62950575398653,
                "_CumPctResp_": 65.6769596199524,
                "_NEventsBest_": 209.0,
                "_CumPctRespBest_": 100.0,
                "_Value_": 1.0,
                "_NEvents_": 137.2648456057,
                "_LiftBest_": 7.04890387858347,
                "_PartInd_": "1",
                "_Resp_": 23.1475287699326,
                "_Column_": "actual"
            },
            "rowNumber": 23
        },
        {
            "dataMap": {
                "_NObs_": 209.0,
                "_Depth_": 10.0,
                "_CumRespBest_": 70.4890387858347,
                "_formattedPartition_": "           1",
                "_column_": "predict",
                "_RespBest_": 35.2445193929173,
                "_DataRole_": "TRAIN",
                "_CumResp_": 46.2950575398653,
                "_PctRespBest_": 100.0,
                "_Gain_": 3.62950575398653,
                "_CumLift_": 4.62950575398653,
                "_Event_": "1",
                "_TargetName_": null,
                "_PctResp_": 65.6769596199524,
                "_GainBest_": 6.04890387858347,
                "_CumLiftBest_": 7.04890387858347,
                "_Lift_": 4.62950575398653,
                "_CumPctResp_": 65.6769596199524,
                "_NEventsBest_": 209.0,
                "_CumPctRespBest_": 100.0,
                "_Value_": 1.0,
                "_NEvents_": 137.2648456057,
                "_LiftBest_": 7.04890387858347,
                "_PartInd_": "1",
                "_Resp_": 23.1475287699326,
                "_Column_": "actual"
            },
            "rowNumber": 24
        },
        {
            "dataMap": {
                "_NObs_": 209.0,
                "_Depth_": 15.0,
                "_CumRespBest_": 100.0,
                "_formattedPartition_": "           1",
                "_column_": "predict",
                "_RespBest_": 29.5109612141652,
                "_DataRole_": "TRAIN",
                "_CumResp_": 69.442586309798,
                "_PctRespBest_": 83.7320574162679,
                "_Gain_": 3.62950575398653,
                "_CumLift_": 4.62950575398653,
                "_Event_": "1",
                "_TargetName_": null,
                "_PctResp_": 65.6769596199524,
                "_GainBest_": 5.66666666666666,
                "_CumLiftBest_": 6.66666666666666,
                "_Lift_": 4.62950575398653,
                "_CumPctResp_": 65.6769596199524,
                "_NEventsBest_": 175.0,
                "_CumPctRespBest_": 94.5773524720893,
                "_Value_": 1.0,
                "_NEvents_": 137.2648456057,
                "_LiftBest_": 5.90219224283305,
                "_PartInd_": "1",
                "_Resp_": 23.1475287699326,
                "_Column_": "actual"
            },
            "rowNumber": 25
        },
        {
            "dataMap": {
                "_NObs_": 209.0,
                "_Depth_": 20.0,
                "_CumRespBest_": 100.0,
                "_formattedPartition_": "           1",
                "_column_": "predict",
                "_RespBest_": 0.0,
                "_DataRole_": "TRAIN",
                "_CumResp_": 92.5901150797306,
                "_PctRespBest_": 0.0,
                "_Gain_": 3.62950575398653,
                "_CumLift_": 4.62950575398653,
                "_Event_": "1",
                "_TargetName_": null,
                "_PctResp_": 65.6769596199524,
                "_GainBest_": 4.0,
                "_CumLiftBest_": 5.0,
                "_Lift_": 4.62950575398653,
                "_CumPctResp_": 65.6769596199524,
                "_NEventsBest_": 0.0,
                "_CumPctRespBest_": 70.9330143540669,
                "_Value_": 1.0,
                "_NEvents_": 137.2648456057,
                "_LiftBest_": 0.0,
                "_PartInd_": "1",
                "_Resp_": 23.1475287699326,
                "_Column_": "actual"
            },
            "rowNumber": 26
        },
        {
            "dataMap": {
                "_NObs_": 209.0,
                "_Depth_": 25.0,
                "_CumRespBest_": 100.0,
                "_formattedPartition_": "           1",
                "_column_": "predict",
                "_RespBest_": 0.0,
                "_DataRole_": "TRAIN",
                "_CumResp_": 93.6658412206473,
                "_PctRespBest_": 0.0,
                "_Gain_": 2.74663364882589,
                "_CumLift_": 3.74663364882589,
                "_Event_": "1",
                "_TargetName_": null,
                "_PctResp_": 3.05217991178736,
                "_GainBest_": 3.0,
                "_CumLiftBest_": 4.0,
                "_Lift_": 0.21514522818332,
                "_CumPctResp_": 53.1520036783194,
                "_NEventsBest_": 0.0,
                "_CumPctRespBest_": 56.7464114832536,
                "_Value_": 0.0,
                "_NEvents_": 6.37905601563558,
                "_LiftBest_": 0.0,
                "_PartInd_": "1",
                "_Resp_": 1.07572614091662,
                "_Column_": "actual"
            },
            "rowNumber": 27
        },
        {
            "dataMap": {
                "_NObs_": 209.0,
                "_Depth_": 30.0,
                "_CumRespBest_": 100.0,
                "_formattedPartition_": "           1",
                "_column_": "predict",
                "_RespBest_": 0.0,
                "_DataRole_": "TRAIN",
                "_CumResp_": 94.0891988109526,
                "_PctRespBest_": 0.0,
                "_Gain_": 2.13630662703175,
                "_CumLift_": 3.13630662703175,
                "_Event_": "1",
                "_TargetName_": null,
                "_PctResp_": 1.2012012012012,
                "_GainBest_": 2.33333333333333,
                "_CumLiftBest_": 3.33333333333333,
                "_Lift_": 0.08467151806106,
                "_CumPctResp_": 44.4935365987997,
                "_NEventsBest_": 0.0,
                "_CumPctRespBest_": 47.2886762360446,
                "_Value_": 0.0,
                "_NEvents_": 2.51051051051051,
                "_LiftBest_": 0.0,
                "_PartInd_": "1",
                "_Resp_": 0.42335759030531,
                "_Column_": "actual"
            },
            "rowNumber": 28
        },
        {
            "dataMap": {
                "_NObs_": 209.0,
                "_Depth_": 35.0,
                "_CumRespBest_": 100.0,
                "_formattedPartition_": "           1",
                "_column_": "predict",
                "_RespBest_": 0.0,
                "_DataRole_": "TRAIN",
                "_CumResp_": 94.5125564012579,
                "_PctRespBest_": 0.0,
                "_Gain_": 1.70035875432165,
                "_CumLift_": 2.70035875432165,
                "_Event_": "1",
                "_TargetName_": null,
                "_PctResp_": 1.2012012012012,
                "_GainBest_": 1.85714285714285,
                "_CumLiftBest_": 2.85714285714285,
                "_Lift_": 0.08467151806106,
                "_CumPctResp_": 38.3089172562856,
                "_NEventsBest_": 0.0,
                "_CumPctRespBest_": 40.5331510594668,
                "_Value_": 0.0,
                "_NEvents_": 2.51051051051051,
                "_LiftBest_": 0.0,
                "_PartInd_": "1",
                "_Resp_": 0.42335759030531,
                "_Column_": "actual"
            },
            "rowNumber": 29
        },
        {
            "dataMap": {
                "_NObs_": 209.0,
                "_Depth_": 40.0,
                "_CumRespBest_": 100.0,
                "_formattedPartition_": "           1",
                "_column_": "predict",
                "_RespBest_": 0.0,
                "_DataRole_": "TRAIN",
                "_CumResp_": 94.9359139915632,
                "_PctRespBest_": 0.0,
                "_Gain_": 1.37339784978908,
                "_CumLift_": 2.37339784978908,
                "_Event_": "1",
                "_TargetName_": null,
                "_PctResp_": 1.2012012012012,
                "_GainBest_": 1.5,
                "_CumLiftBest_": 2.5,
                "_Lift_": 0.08467151806106,
                "_CumPctResp_": 33.6704527494001,
                "_NEventsBest_": 0.0,
                "_CumPctRespBest_": 35.4665071770334,
                "_Value_": 0.0,
                "_NEvents_": 2.51051051051051,
                "_LiftBest_": 0.0,
                "_PartInd_": "1",
                "_Resp_": 0.42335759030531,
                "_Column_": "actual"
            },
            "rowNumber": 30
        },
        {
            "dataMap": {
                "_NObs_": 209.0,
                "_Depth_": 45.0,
                "_CumRespBest_": 100.0,
                "_formattedPartition_": "           1",
                "_column_": "predict",
                "_RespBest_": 0.0,
                "_DataRole_": "TRAIN",
                "_CumResp_": 95.3592715818685,
                "_PctRespBest_": 0.0,
                "_Gain_": 1.11909492404152,
                "_CumLift_": 2.11909492404152,
                "_Event_": "1",
                "_TargetName_": null,
                "_PctResp_": 1.2012012012012,
                "_GainBest_": 1.22222222222222,
                "_CumLiftBest_": 2.22222222222222,
                "_Lift_": 0.08467151806106,
                "_CumPctResp_": 30.0627581329335,
                "_NEventsBest_": 0.0,
                "_CumPctRespBest_": 31.5257841573631,
                "_Value_": 0.0,
                "_NEvents_": 2.51051051051051,
                "_LiftBest_": 0.0,
                "_PartInd_": "1",
                "_Resp_": 0.42335759030531,
                "_Column_": "actual"
            },
            "rowNumber": 31
        },
        {
            "dataMap": {
                "_NObs_": 209.0,
                "_Depth_": 50.0,
                "_CumRespBest_": 100.0,
                "_formattedPartition_": "           1",
                "_column_": "predict",
                "_RespBest_": 0.0,
                "_DataRole_": "TRAIN",
                "_CumResp_": 95.7826291721738,
                "_PctRespBest_": 0.0,
                "_Gain_": 0.91565258344347,
                "_CumLift_": 1.91565258344347,
                "_Event_": "1",
                "_TargetName_": null,
                "_PctResp_": 1.2012012012012,
                "_GainBest_": 1.0,
                "_CumLiftBest_": 2.0,
                "_Lift_": 0.08467151806106,
                "_CumPctResp_": 27.1766024397603,
                "_NEventsBest_": 0.0,
                "_CumPctRespBest_": 28.3732057416268,
                "_Value_": 0.0,
                "_NEvents_": 2.51051051051051,
                "_LiftBest_": 0.0,
                "_PartInd_": "1",
                "_Resp_": 0.42335759030531,
                "_Column_": "actual"
            },
            "rowNumber": 32
        },
        {
            "dataMap": {
                "_NObs_": 209.0,
                "_Depth_": 55.0,
                "_CumRespBest_": 100.0,
                "_formattedPartition_": "           1",
                "_column_": "predict",
                "_RespBest_": 0.0,
                "_DataRole_": "TRAIN",
                "_CumResp_": 96.2059867624792,
                "_PctRespBest_": 0.0,
                "_Gain_": 0.7491997593178,
                "_CumLift_": 1.7491997593178,
                "_Event_": "1",
                "_TargetName_": null,
                "_PctResp_": 1.2012012012012,
                "_GainBest_": 0.81818181818181,
                "_CumLiftBest_": 1.81818181818181,
                "_Lift_": 0.08467151806106,
                "_CumPctResp_": 24.815202327164,
                "_NEventsBest_": 0.0,
                "_CumPctRespBest_": 25.7938234014789,
                "_Value_": 0.0,
                "_NEvents_": 2.51051051051051,
                "_LiftBest_": 0.0,
                "_PartInd_": "1",
                "_Resp_": 0.42335759030531,
                "_Column_": "actual"
            },
            "rowNumber": 33
        },
        {
            "dataMap": {
                "_NObs_": 209.0,
                "_Depth_": 60.0,
                "_CumRespBest_": 100.0,
                "_formattedPartition_": "           1",
                "_column_": "predict",
                "_RespBest_": 0.0,
                "_DataRole_": "TRAIN",
                "_CumResp_": 96.6293443527845,
                "_PctRespBest_": 0.0,
                "_Gain_": 0.6104890725464,
                "_CumLift_": 1.6104890725464,
                "_Event_": "1",
                "_TargetName_": null,
                "_PctResp_": 1.2012012012012,
                "_GainBest_": 0.66666666666666,
                "_CumLiftBest_": 1.66666666666666,
                "_Lift_": 0.08467151806106,
                "_CumPctResp_": 22.8473689000004,
                "_NEventsBest_": 0.0,
                "_CumPctRespBest_": 23.6443381180223,
                "_Value_": 0.0,
                "_NEvents_": 2.51051051051051,
                "_LiftBest_": 0.0,
                "_PartInd_": "1",
                "_Resp_": 0.42335759030531,
                "_Column_": "actual"
            },
            "rowNumber": 34
        },
        {
            "dataMap": {
                "_NObs_": 209.0,
                "_Depth_": 65.0,
                "_CumRespBest_": 100.0,
                "_formattedPartition_": "           1",
                "_column_": "predict",
                "_RespBest_": 0.0,
                "_DataRole_": "TRAIN",
                "_CumResp_": 97.0527019430898,
                "_PctRespBest_": 0.0,
                "_Gain_": 0.49311849143215,
                "_CumLift_": 1.49311849143215,
                "_Event_": "1",
                "_TargetName_": null,
                "_PctResp_": 1.2012012012012,
                "_GainBest_": 0.53846153846153,
                "_CumLiftBest_": 1.53846153846153,
                "_Lift_": 0.08467151806106,
                "_CumPctResp_": 21.1822790770159,
                "_NEventsBest_": 0.0,
                "_CumPctRespBest_": 21.8255428781744,
                "_Value_": 0.0,
                "_NEvents_": 2.51051051051051,
                "_LiftBest_": 0.0,
                "_PartInd_": "1",
                "_Resp_": 0.42335759030531,
                "_Column_": "actual"
            },
            "rowNumber": 35
        },
        {
            "dataMap": {
                "_NObs_": 209.0,
                "_Depth_": 70.0,
                "_CumRespBest_": 100.0,
                "_formattedPartition_": "           1",
                "_column_": "predict",
                "_RespBest_": 0.0,
                "_DataRole_": "TRAIN",
                "_CumResp_": 97.4760595333951,
                "_PctRespBest_": 0.0,
                "_Gain_": 0.39251513619135,
                "_CumLift_": 1.39251513619135,
                "_Event_": "1",
                "_TargetName_": null,
                "_PctResp_": 1.2012012012012,
                "_GainBest_": 0.42857142857142,
                "_CumLiftBest_": 1.42857142857142,
                "_Lift_": 0.08467151806106,
                "_CumPctResp_": 19.7550592287434,
                "_NEventsBest_": 0.0,
                "_CumPctRespBest_": 20.2665755297334,
                "_Value_": 0.0,
                "_NEvents_": 2.51051051051051,
                "_LiftBest_": 0.0,
                "_PartInd_": "1",
                "_Resp_": 0.42335759030531,
                "_Column_": "actual"
            },
            "rowNumber": 36
        },
        {
            "dataMap": {
                "_NObs_": 209.0,
                "_Depth_": 75.0,
                "_CumRespBest_": 100.0,
                "_formattedPartition_": "           1",
                "_column_": "predict",
                "_RespBest_": 0.0,
                "_DataRole_": "TRAIN",
                "_CumResp_": 97.8994171237004,
                "_PctRespBest_": 0.0,
                "_Gain_": 0.30532556164933,
                "_CumLift_": 1.30532556164933,
                "_Event_": "1",
                "_TargetName_": null,
                "_PctResp_": 1.2012012012012,
                "_GainBest_": 0.33333333333333,
                "_CumLiftBest_": 1.33333333333333,
                "_Lift_": 0.08467151806106,
                "_CumPctResp_": 18.5181353602406,
                "_NEventsBest_": 0.0,
                "_CumPctRespBest_": 18.9154704944178,
                "_Value_": 0.0,
                "_NEvents_": 2.51051051051051,
                "_LiftBest_": 0.0,
                "_PartInd_": "1",
                "_Resp_": 0.42335759030531,
                "_Column_": "actual"
            },
            "rowNumber": 37
        },
        {
            "dataMap": {
                "_NObs_": 209.0,
                "_Depth_": 80.0,
                "_CumRespBest_": 100.0,
                "_formattedPartition_": "           1",
                "_column_": "predict",
                "_RespBest_": 0.0,
                "_DataRole_": "TRAIN",
                "_CumResp_": 98.3227747140057,
                "_PctRespBest_": 0.0,
                "_Gain_": 0.22903468392507,
                "_CumLift_": 1.22903468392507,
                "_Event_": "1",
                "_TargetName_": null,
                "_PctResp_": 1.2012012012012,
                "_GainBest_": 0.25,
                "_CumLiftBest_": 1.25,
                "_Lift_": 0.08467151806106,
                "_CumPctResp_": 17.4358269753006,
                "_NEventsBest_": 0.0,
                "_CumPctRespBest_": 17.7332535885167,
                "_Value_": 0.0,
                "_NEvents_": 2.51051051051051,
                "_LiftBest_": 0.0,
                "_PartInd_": "1",
                "_Resp_": 0.42335759030531,
                "_Column_": "actual"
            },
            "rowNumber": 38
        },
        {
            "dataMap": {
                "_NObs_": 209.0,
                "_Depth_": 85.0,
                "_CumRespBest_": 100.0,
                "_formattedPartition_": "           1",
                "_column_": "predict",
                "_RespBest_": 0.0,
                "_DataRole_": "TRAIN",
                "_CumResp_": 98.7461323043111,
                "_PctRespBest_": 0.0,
                "_Gain_": 0.16171920358012,
                "_CumLift_": 1.16171920358012,
                "_Event_": "1",
                "_TargetName_": null,
                "_PctResp_": 1.2012012012012,
                "_GainBest_": 0.17647058823529,
                "_CumLiftBest_": 1.17647058823529,
                "_Lift_": 0.08467151806106,
                "_CumPctResp_": 16.4808489885889,
                "_NEventsBest_": 0.0,
                "_CumPctRespBest_": 16.6901210244863,
                "_Value_": 0.0,
                "_NEvents_": 2.51051051051051,
                "_LiftBest_": 0.0,
                "_PartInd_": "1",
                "_Resp_": 0.42335759030531,
                "_Column_": "actual"
            },
            "rowNumber": 39
        },
        {
            "dataMap": {
                "_NObs_": 209.0,
                "_Depth_": 90.0,
                "_CumRespBest_": 100.0,
                "_formattedPartition_": "           1",
                "_column_": "predict",
                "_RespBest_": 0.0,
                "_DataRole_": "TRAIN",
                "_CumResp_": 99.1694898946164,
                "_PctRespBest_": 0.0,
                "_Gain_": 0.10188322105129,
                "_CumLift_": 1.10188322105129,
                "_Event_": "1",
                "_TargetName_": null,
                "_PctResp_": 1.2012012012012,
                "_GainBest_": 0.11111111111111,
                "_CumLiftBest_": 1.11111111111111,
                "_Lift_": 0.08467151806106,
                "_CumPctResp_": 15.6319796670673,
                "_NEventsBest_": 0.0,
                "_CumPctRespBest_": 15.7628920786815,
                "_Value_": 0.0,
                "_NEvents_": 2.51051051051051,
                "_LiftBest_": 0.0,
                "_PartInd_": "1",
                "_Resp_": 0.42335759030531,
                "_Column_": "actual"
            },
            "rowNumber": 40
        },
        {
            "dataMap": {
                "_NObs_": 209.0,
                "_Depth_": 95.0,
                "_CumRespBest_": 100.0,
                "_formattedPartition_": "           1",
                "_column_": "predict",
                "_RespBest_": 0.0,
                "_DataRole_": "TRAIN",
                "_CumResp_": 99.5928474849217,
                "_PctRespBest_": 0.0,
                "_Gain_": 0.04834576299917,
                "_CumLift_": 1.04834576299917,
                "_Event_": "1",
                "_TargetName_": null,
                "_PctResp_": 1.2012012012012,
                "_GainBest_": 0.05263157894736,
                "_CumLiftBest_": 1.05263157894736,
                "_Lift_": 0.08467151806106,
                "_CumPctResp_": 14.8724650109691,
                "_NEventsBest_": 0.0,
                "_CumPctRespBest_": 14.9332661798035,
                "_Value_": 0.0,
                "_NEvents_": 2.51051051051051,
                "_LiftBest_": 0.0,
                "_PartInd_": "1",
                "_Resp_": 0.42335759030531,
                "_Column_": "actual"
            },
            "rowNumber": 41
        },
        {
            "dataMap": {
                "_NObs_": 201.0,
                "_Depth_": 100.0,
                "_CumRespBest_": 100.0,
                "_formattedPartition_": "           1",
                "_column_": "predict",
                "_RespBest_": 0.0,
                "_DataRole_": "TRAIN",
                "_CumResp_": 100.0,
                "_PctRespBest_": 0.0,
                "_Gain_": -9.9920072216264e-16,
                "_CumLift_": 1.0,
                "_Event_": "1",
                "_TargetName_": null,
                "_PctResp_": 1.2012012012012,
                "_GainBest_": 0.0,
                "_CumLiftBest_": 1.0,
                "_Lift_": 0.08143050301566,
                "_CumPctResp_": 14.2138063279002,
                "_NEventsBest_": 0.0,
                "_CumPctRespBest_": 14.2138063279002,
                "_Value_": 0.0,
                "_NEvents_": 2.41441441441441,
                "_LiftBest_": 0.0,
                "_PartInd_": "1",
                "_Resp_": 0.40715251507831,
                "_Column_": "actual"
            },
            "rowNumber": 42
        },
        {
            "dataMap": {
                "_NObs_": "0",
                "_Depth_": "0",
                "_CumRespBest_": "0",
                "_formattedPartition_": "           2",
                "_column_": "predict",
                "_RespBest_": "0",
                "_DataRole_": "TEST",
                "_CumResp_": "0",
                "_Event_": null,
                "_TargetName_": null,
                "_NEventsBest_": "0",
                "_Value_": "0",
                "_NEvents_": "0",
                "_PartInd_": "2",
                "_Resp_": "0"
            },
            "rowNumber": 43
        },
        {
            "dataMap": {
                "_NObs_": 90.0,
                "_Depth_": 5.0,
                "_CumRespBest_": 100.0,
                "_formattedPartition_": "           2",
                "_column_": "predict",
                "_RespBest_": 100.0,
                "_DataRole_": "TEST",
                "_CumResp_": 25.6314629598237,
                "_PctRespBest_": 94.4444444444444,
                "_Gain_": 4.12629259196474,
                "_CumLift_": 5.12629259196474,
                "_Event_": "1",
                "_TargetName_": null,
                "_PctResp_": 24.207492795389,
                "_GainBest_": 19.0,
                "_CumLiftBest_": 20.0,
                "_Lift_": 5.12629259196474,
                "_CumPctResp_": 24.207492795389,
                "_NEventsBest_": 85.0,
                "_CumPctRespBest_": 94.4444444444444,
                "_Value_": 1.0,
                "_NEvents_": 21.7867435158501,
                "_LiftBest_": 20.0,
                "_PartInd_": "2",
                "_Resp_": 25.6314629598237,
                "_Column_": "actual"
            },
            "rowNumber": 44
        },
        {
            "dataMap": {
                "_NObs_": 90.0,
                "_Depth_": 10.0,
                "_CumRespBest_": 100.0,
                "_formattedPartition_": "           2",
                "_column_": "predict",
                "_RespBest_": 0.0,
                "_DataRole_": "TEST",
                "_CumResp_": 51.2629259196474,
                "_PctRespBest_": 0.0,
                "_Gain_": 4.12629259196474,
                "_CumLift_": 5.12629259196474,
                "_Event_": "1",
                "_TargetName_": null,
                "_PctResp_": 24.207492795389,
                "_GainBest_": 9.0,
                "_CumLiftBest_": 10.0,
                "_Lift_": 5.12629259196474,
                "_CumPctResp_": 24.207492795389,
                "_NEventsBest_": 0.0,
                "_CumPctRespBest_": 47.2222222222222,
                "_Value_": 1.0,
                "_NEvents_": 21.7867435158501,
                "_LiftBest_": 0.0,
                "_PartInd_": "2",
                "_Resp_": 25.6314629598237,
                "_Column_": "actual"
            },
            "rowNumber": 45
        },
        {
            "dataMap": {
                "_NObs_": 90.0,
                "_Depth_": 15.0,
                "_CumRespBest_": 100.0,
                "_formattedPartition_": "           2",
                "_column_": "predict",
                "_RespBest_": 0.0,
                "_DataRole_": "TEST",
                "_CumResp_": 76.8943888794711,
                "_PctRespBest_": 0.0,
                "_Gain_": 4.12629259196474,
                "_CumLift_": 5.12629259196474,
                "_Event_": "1",
                "_TargetName_": null,
                "_PctResp_": 24.207492795389,
                "_GainBest_": 5.66666666666666,
                "_CumLiftBest_": 6.66666666666666,
                "_Lift_": 5.12629259196474,
                "_CumPctResp_": 24.207492795389,
                "_NEventsBest_": 0.0,
                "_CumPctRespBest_": 31.4814814814814,
                "_Value_": 1.0,
                "_NEvents_": 21.7867435158501,
                "_LiftBest_": 0.0,
                "_PartInd_": "2",
                "_Resp_": 25.6314629598237,
                "_Column_": "actual"
            },
            "rowNumber": 46
        },
        {
            "dataMap": {
                "_NObs_": 90.0,
                "_Depth_": 20.0,
                "_CumRespBest_": 100.0,
                "_formattedPartition_": "           2",
                "_column_": "predict",
                "_RespBest_": 0.0,
                "_DataRole_": "TEST",
                "_CumResp_": 98.8341429562803,
                "_PctRespBest_": 0.0,
                "_Gain_": 3.94170714781401,
                "_CumLift_": 4.94170714781401,
                "_Event_": "1",
                "_TargetName_": null,
                "_PctResp_": 20.7208788503198,
                "_GainBest_": 4.0,
                "_CumLiftBest_": 5.0,
                "_Lift_": 4.38795081536185,
                "_CumPctResp_": 23.3358393091217,
                "_NEventsBest_": 0.0,
                "_CumPctRespBest_": 23.6111111111111,
                "_Value_": 0.0,
                "_NEvents_": 18.6487909652878,
                "_LiftBest_": 0.0,
                "_PartInd_": "2",
                "_Resp_": 21.9397540768092,
                "_Column_": "actual"
            },
            "rowNumber": 47
        },
        {
            "dataMap": {
                "_NObs_": 90.0,
                "_Depth_": 25.0,
                "_CumRespBest_": 100.0,
                "_formattedPartition_": "           2",
                "_column_": "predict",
                "_RespBest_": 0.0,
                "_DataRole_": "TEST",
                "_CumResp_": 98.9076213413887,
                "_PctRespBest_": 0.0,
                "_Gain_": 2.95630485365555,
                "_CumLift_": 3.95630485365555,
                "_Event_": "1",
                "_TargetName_": null,
                "_PctResp_": 0.06939625260235,
                "_GainBest_": 3.0,
                "_CumLiftBest_": 4.0,
                "_Lift_": 0.01469567702167,
                "_CumPctResp_": 18.6825506978178,
                "_NEventsBest_": 0.0,
                "_CumPctRespBest_": 18.8888888888888,
                "_Value_": 0.0,
                "_NEvents_": 0.06245662734212,
                "_LiftBest_": 0.0,
                "_PartInd_": "2",
                "_Resp_": 0.07347838510838,
                "_Column_": "actual"
            },
            "rowNumber": 48
        },
        {
            "dataMap": {
                "_NObs_": 90.0,
                "_Depth_": 30.0,
                "_CumRespBest_": 100.0,
                "_formattedPartition_": "           2",
                "_column_": "predict",
                "_RespBest_": 0.0,
                "_DataRole_": "TEST",
                "_CumResp_": 98.9810997264971,
                "_PctRespBest_": 0.0,
                "_Gain_": 2.29936999088323,
                "_CumLift_": 3.29936999088323,
                "_Event_": "1",
                "_TargetName_": null,
                "_PctResp_": 0.06939625260235,
                "_GainBest_": 2.33333333333333,
                "_CumLiftBest_": 3.33333333333333,
                "_Lift_": 0.01469567702167,
                "_CumPctResp_": 15.5803582902819,
                "_NEventsBest_": 0.0,
                "_CumPctRespBest_": 15.7407407407407,
                "_Value_": 0.0,
                "_NEvents_": 0.06245662734212,
                "_LiftBest_": 0.0,
                "_PartInd_": "2",
                "_Resp_": 0.07347838510838,
                "_Column_": "actual"
            },
            "rowNumber": 49
        },
        {
            "dataMap": {
                "_NObs_": 90.0,
                "_Depth_": 35.0,
                "_CumRespBest_": 100.0,
                "_formattedPartition_": "           2",
                "_column_": "predict",
                "_RespBest_": 0.0,
                "_DataRole_": "TEST",
                "_CumResp_": 99.0545781116055,
                "_PctRespBest_": 0.0,
                "_Gain_": 1.83013080318872,
                "_CumLift_": 2.83013080318872,
                "_Event_": "1",
                "_TargetName_": null,
                "_PctResp_": 0.06939625260235,
                "_GainBest_": 1.85714285714285,
                "_CumLiftBest_": 2.85714285714285,
                "_Lift_": 0.01469567702167,
                "_CumPctResp_": 13.3645065706134,
                "_NEventsBest_": 0.0,
                "_CumPctRespBest_": 13.4920634920634,
                "_Value_": 0.0,
                "_NEvents_": 0.06245662734212,
                "_LiftBest_": 0.0,
                "_PartInd_": "2",
                "_Resp_": 0.07347838510838,
                "_Column_": "actual"
            },
            "rowNumber": 50
        },
        {
            "dataMap": {
                "_NObs_": 90.0,
                "_Depth_": 40.0,
                "_CumRespBest_": 100.0,
                "_formattedPartition_": "           2",
                "_column_": "predict",
                "_RespBest_": 0.0,
                "_DataRole_": "TEST",
                "_CumResp_": 99.1280564967139,
                "_PctRespBest_": 0.0,
                "_Gain_": 1.47820141241784,
                "_CumLift_": 2.47820141241784,
                "_Event_": "1",
                "_TargetName_": null,
                "_PctResp_": 0.06939625260235,
                "_GainBest_": 1.5,
                "_CumLiftBest_": 2.5,
                "_Lift_": 0.01469567702167,
                "_CumPctResp_": 11.702617780862,
                "_NEventsBest_": 0.0,
                "_CumPctRespBest_": 11.8055555555555,
                "_Value_": 0.0,
                "_NEvents_": 0.06245662734212,
                "_LiftBest_": 0.0,
                "_PartInd_": "2",
                "_Resp_": 0.07347838510838,
                "_Column_": "actual"
            },
            "rowNumber": 51
        },
        {
            "dataMap": {
                "_NObs_": 90.0,
                "_Depth_": 45.0,
                "_CumRespBest_": 100.0,
                "_formattedPartition_": "           2",
                "_column_": "predict",
                "_RespBest_": 0.0,
                "_DataRole_": "TEST",
                "_CumResp_": 99.2015348818223,
                "_PctRespBest_": 0.0,
                "_Gain_": 1.20447855292938,
                "_CumLift_": 2.20447855292938,
                "_Event_": "1",
                "_TargetName_": null,
                "_PctResp_": 0.06939625260235,
                "_GainBest_": 1.22222222222222,
                "_CumLiftBest_": 2.22222222222222,
                "_Lift_": 0.01469567702167,
                "_CumPctResp_": 10.4100376110554,
                "_NEventsBest_": 0.0,
                "_CumPctRespBest_": 10.4938271604938,
                "_Value_": 0.0,
                "_NEvents_": 0.06245662734212,
                "_LiftBest_": 0.0,
                "_PartInd_": "2",
                "_Resp_": 0.07347838510838,
                "_Column_": "actual"
            },
            "rowNumber": 52
        },
        {
            "dataMap": {
                "_NObs_": 90.0,
                "_Depth_": 50.0,
                "_CumRespBest_": 100.0,
                "_formattedPartition_": "           2",
                "_column_": "predict",
                "_RespBest_": 0.0,
                "_DataRole_": "TEST",
                "_CumResp_": 99.2750132669307,
                "_PctRespBest_": 0.0,
                "_Gain_": 0.98550026533861,
                "_CumLift_": 1.98550026533861,
                "_Event_": "1",
                "_TargetName_": null,
                "_PctResp_": 0.06939625260235,
                "_GainBest_": 1.0,
                "_CumLiftBest_": 2.0,
                "_Lift_": 0.01469567702167,
                "_CumPctResp_": 9.37597347521012,
                "_NEventsBest_": 0.0,
                "_CumPctRespBest_": 9.44444444444444,
                "_Value_": 0.0,
                "_NEvents_": 0.06245662734212,
                "_LiftBest_": 0.0,
                "_PartInd_": "2",
                "_Resp_": 0.07347838510838,
                "_Column_": "actual"
            },
            "rowNumber": 53
        },
        {
            "dataMap": {
                "_NObs_": 90.0,
                "_Depth_": 55.0,
                "_CumRespBest_": 100.0,
                "_formattedPartition_": "           2",
                "_column_": "predict",
                "_RespBest_": 0.0,
                "_DataRole_": "TEST",
                "_CumResp_": 99.3484916520391,
                "_PctRespBest_": 0.0,
                "_Gain_": 0.80633621185525,
                "_CumLift_": 1.80633621185525,
                "_Event_": "1",
                "_TargetName_": null,
                "_PctResp_": 0.06939625260235,
                "_GainBest_": 0.81818181818181,
                "_CumLiftBest_": 1.81818181818181,
                "_Lift_": 0.01469567702167,
                "_CumPctResp_": 8.52992100042759,
                "_NEventsBest_": 0.0,
                "_CumPctRespBest_": 8.58585858585858,
                "_Value_": 0.0,
                "_NEvents_": 0.06245662734212,
                "_LiftBest_": 0.0,
                "_PartInd_": "2",
                "_Resp_": 0.07347838510838,
                "_Column_": "actual"
            },
            "rowNumber": 54
        },
        {
            "dataMap": {
                "_NObs_": 90.0,
                "_Depth_": 60.0,
                "_CumRespBest_": 100.0,
                "_formattedPartition_": "           2",
                "_column_": "predict",
                "_RespBest_": 0.0,
                "_DataRole_": "TEST",
                "_CumResp_": 99.4219700371474,
                "_PctRespBest_": 0.0,
                "_Gain_": 0.65703283395245,
                "_CumLift_": 1.65703283395245,
                "_Event_": "1",
                "_TargetName_": null,
                "_PctResp_": 0.06939625260235,
                "_GainBest_": 0.66666666666666,
                "_CumLiftBest_": 1.66666666666666,
                "_Lift_": 0.01469567702167,
                "_CumPctResp_": 7.82487727144216,
                "_NEventsBest_": 0.0,
                "_CumPctRespBest_": 7.87037037037037,
                "_Value_": 0.0,
                "_NEvents_": 0.06245662734212,
                "_LiftBest_": 0.0,
                "_PartInd_": "2",
                "_Resp_": 0.07347838510838,
                "_Column_": "actual"
            },
            "rowNumber": 55
        },
        {
            "dataMap": {
                "_NObs_": 90.0,
                "_Depth_": 65.0,
                "_CumRespBest_": 100.0,
                "_formattedPartition_": "           2",
                "_column_": "predict",
                "_RespBest_": 0.0,
                "_DataRole_": "TEST",
                "_CumResp_": 99.4954484222558,
                "_PctRespBest_": 0.0,
                "_Gain_": 0.53069920649624,
                "_CumLift_": 1.53069920649624,
                "_Event_": "1",
                "_TargetName_": null,
                "_PctResp_": 0.06939625260235,
                "_GainBest_": 0.53846153846153,
                "_CumLiftBest_": 1.53846153846153,
                "_Lift_": 0.01469567702167,
                "_CumPctResp_": 7.22830180845448,
                "_NEventsBest_": 0.0,
                "_CumPctRespBest_": 7.26495726495726,
                "_Value_": 0.0,
                "_NEvents_": 0.06245662734212,
                "_LiftBest_": 0.0,
                "_PartInd_": "2",
                "_Resp_": 0.07347838510838,
                "_Column_": "actual"
            },
            "rowNumber": 56
        },
        {
            "dataMap": {
                "_NObs_": 90.0,
                "_Depth_": 70.0,
                "_CumRespBest_": 100.0,
                "_formattedPartition_": "           2",
                "_column_": "predict",
                "_RespBest_": 0.0,
                "_DataRole_": "TEST",
                "_CumResp_": 99.5689268073642,
                "_PctRespBest_": 0.0,
                "_Gain_": 0.4224132401052,
                "_CumLift_": 1.4224132401052,
                "_Event_": "1",
                "_TargetName_": null,
                "_PctResp_": 0.06939625260235,
                "_GainBest_": 0.42857142857142,
                "_CumLiftBest_": 1.42857142857142,
                "_Lift_": 0.01469567702167,
                "_CumPctResp_": 6.7169514116079,
                "_NEventsBest_": 0.0,
                "_CumPctRespBest_": 6.74603174603174,
                "_Value_": 0.0,
                "_NEvents_": 0.06245662734212,
                "_LiftBest_": 0.0,
                "_PartInd_": "2",
                "_Resp_": 0.07347838510838,
                "_Column_": "actual"
            },
            "rowNumber": 57
        },
        {
            "dataMap": {
                "_NObs_": 90.0,
                "_Depth_": 75.0,
                "_CumRespBest_": 100.0,
                "_formattedPartition_": "           2",
                "_column_": "predict",
                "_RespBest_": 0.0,
                "_DataRole_": "TEST",
                "_CumResp_": 99.6424051924726,
                "_PctRespBest_": 0.0,
                "_Gain_": 0.3285654025663,
                "_CumLift_": 1.3285654025663,
                "_Event_": "1",
                "_TargetName_": null,
                "_PctResp_": 0.06939625260235,
                "_GainBest_": 0.33333333333333,
                "_CumLiftBest_": 1.33333333333333,
                "_Lift_": 0.01469567702167,
                "_CumPctResp_": 6.2737810676742,
                "_NEventsBest_": 0.0,
                "_CumPctRespBest_": 6.29629629629629,
                "_Value_": 0.0,
                "_NEvents_": 0.06245662734212,
                "_LiftBest_": 0.0,
                "_PartInd_": "2",
                "_Resp_": 0.07347838510838,
                "_Column_": "actual"
            },
            "rowNumber": 58
        },
        {
            "dataMap": {
                "_NObs_": 90.0,
                "_Depth_": 80.0,
                "_CumRespBest_": 100.0,
                "_formattedPartition_": "           2",
                "_column_": "predict",
                "_RespBest_": 0.0,
                "_DataRole_": "TEST",
                "_CumResp_": 99.715883577581,
                "_PctRespBest_": 0.0,
                "_Gain_": 0.24644854471976,
                "_CumLift_": 1.24644854471976,
                "_Event_": "1",
                "_TargetName_": null,
                "_PctResp_": 0.06939625260235,
                "_GainBest_": 0.25,
                "_CumLiftBest_": 1.25,
                "_Lift_": 0.01469567702167,
                "_CumPctResp_": 5.88600701673221,
                "_NEventsBest_": 0.0,
                "_CumPctRespBest_": 5.90277777777777,
                "_Value_": 0.0,
                "_NEvents_": 0.06245662734212,
                "_LiftBest_": 0.0,
                "_PartInd_": "2",
                "_Resp_": 0.07347838510838,
                "_Column_": "actual"
            },
            "rowNumber": 59
        },
        {
            "dataMap": {
                "_NObs_": 90.0,
                "_Depth_": 85.0,
                "_CumRespBest_": 100.0,
                "_formattedPartition_": "           2",
                "_column_": "predict",
                "_RespBest_": 0.0,
                "_DataRole_": "TEST",
                "_CumResp_": 99.7893619626894,
                "_PctRespBest_": 0.0,
                "_Gain_": 0.17399249367869,
                "_CumLift_": 1.17399249367869,
                "_Event_": "1",
                "_TargetName_": null,
                "_PctResp_": 0.06939625260235,
                "_GainBest_": 0.17647058823529,
                "_CumLiftBest_": 1.17647058823529,
                "_Lift_": 0.01469567702167,
                "_CumPctResp_": 5.54385344237163,
                "_NEventsBest_": 0.0,
                "_CumPctRespBest_": 5.55555555555555,
                "_Value_": 0.0,
                "_NEvents_": 0.06245662734212,
                "_LiftBest_": 0.0,
                "_PartInd_": "2",
                "_Resp_": 0.07347838510838,
                "_Column_": "actual"
            },
            "rowNumber": 60
        },
        {
            "dataMap": {
                "_NObs_": 90.0,
                "_Depth_": 90.0,
                "_CumRespBest_": 100.0,
                "_formattedPartition_": "           2",
                "_column_": "predict",
                "_RespBest_": 0.0,
                "_DataRole_": "TEST",
                "_CumResp_": 99.8628403477978,
                "_PctRespBest_": 0.0,
                "_Gain_": 0.10958711497553,
                "_CumLift_": 1.10958711497553,
                "_Event_": "1",
                "_TargetName_": null,
                "_PctResp_": 0.06939625260235,
                "_GainBest_": 0.11111111111111,
                "_CumLiftBest_": 1.11111111111111,
                "_Lift_": 0.01469567702167,
                "_CumPctResp_": 5.23971693182889,
                "_NEventsBest_": 0.0,
                "_CumPctRespBest_": 5.24691358024691,
                "_Value_": 0.0,
                "_NEvents_": 0.06245662734212,
                "_LiftBest_": 0.0,
                "_PartInd_": "2",
                "_Resp_": 0.07347838510838,
                "_Column_": "actual"
            },
            "rowNumber": 61
        },
        {
            "dataMap": {
                "_NObs_": 90.0,
                "_Depth_": 95.0,
                "_CumRespBest_": 100.0,
                "_formattedPartition_": "           2",
                "_column_": "predict",
                "_RespBest_": 0.0,
                "_DataRole_": "TEST",
                "_CumResp_": 99.9363187329062,
                "_PctRespBest_": 0.0,
                "_Gain_": 0.05196124982006,
                "_CumLift_": 1.05196124982006,
                "_Event_": "1",
                "_TargetName_": null,
                "_PctResp_": 0.06939625260235,
                "_GainBest_": 0.05263157894736,
                "_CumLiftBest_": 1.05263157894736,
                "_Lift_": 0.01469567702167,
                "_CumPctResp_": 4.96759479081697,
                "_NEventsBest_": 0.0,
                "_CumPctRespBest_": 4.97076023391812,
                "_Value_": 0.0,
                "_NEvents_": 0.06245662734212,
                "_LiftBest_": 0.0,
                "_PartInd_": "2",
                "_Resp_": 0.07347838510838,
                "_Column_": "actual"
            },
            "rowNumber": 62
        },
        {
            "dataMap": {
                "_NObs_": 78.0,
                "_Depth_": 100.0,
                "_CumRespBest_": 100.0,
                "_formattedPartition_": "           2",
                "_column_": "predict",
                "_RespBest_": 0.0,
                "_DataRole_": "TEST",
                "_CumResp_": 100.0,
                "_PctRespBest_": 0.0,
                "_Gain_": 6.6613381477509e-16,
                "_CumLift_": 1.0,
                "_Event_": "1",
                "_TargetName_": null,
                "_PctResp_": 0.06939625260235,
                "_GainBest_": 0.0,
                "_CumLiftBest_": 1.0,
                "_Lift_": 0.01273625341878,
                "_CumPctResp_": 4.75391498881432,
                "_NEventsBest_": 0.0,
                "_CumPctRespBest_": 4.75391498881431,
                "_Value_": 0.0,
                "_NEvents_": 0.05412907702984,
                "_LiftBest_": 0.0,
                "_PartInd_": "2",
                "_Resp_": 0.06368126709392,
                "_Column_": "actual"
            },
            "rowNumber": 63
        }
    ],
    "version": 1,
    "xInteger": false,
    "yInteger": false
}