{
    "name": "dmcas_lift",
    "revision": 0,
    "order": 0,
    "parameterMap": {
        "_NObs_": {
            "parameter": "_NObs_",
            "type": "num",
            "label": "Sum of Frequencies",
            "length": 8,
            "order": 9,
            "values": [
                "_NObs_"
            ],
            "preformatted": false
        },
        "_Depth_": {
            "parameter": "_Depth_",
            "type": "num",
            "label": "Depth",
            "length": 8,
            "order": 7,
            "values": [
                "_Depth_"
            ],
            "preformatted": false
        },
        "_CumRespBest_": {
            "parameter": "_CumRespBest_",
            "type": "num",
            "label": "Best Cumulative Captured Response Percentage",
            "length": 8,
            "order": 17,
            "values": [
                "_CumRespBest_"
            ],
            "preformatted": false
        },
        "_formattedPartition_": {
            "parameter": "_formattedPartition_",
            "type": "char",
            "label": "Formatted Partition",
            "length": 12,
            "order": 4,
            "values": [
                "_formattedPartition_"
            ],
            "preformatted": false
        },
        "_Column_": {
            "parameter": "_Column_",
            "type": "char",
            "label": "Analysis Variable",
            "length": 8,
            "order": 5,
            "values": [
                "_Column_"
            ],
            "preformatted": false
        },
        "_RespBest_": {
            "parameter": "_RespBest_",
            "type": "num",
            "label": "Best Captured Response Percentage",
            "length": 8,
            "order": 13,
            "values": [
                "_RespBest_"
            ],
            "preformatted": false
        },
        "_DataRole_": {
            "parameter": "_DataRole_",
            "type": "char",
            "label": "Data Role",
            "length": 10,
            "order": 2,
            "values": [
                "_DataRole_"
            ],
            "preformatted": false
        },
        "_CumResp_": {
            "parameter": "_CumResp_",
            "type": "num",
            "label": "Cumulative Captured Response Percentage",
            "length": 8,
            "order": 16,
            "values": [
                "_CumResp_"
            ],
            "preformatted": false
        },
        "_PctRespBest_": {
            "parameter": "_PctRespBest_",
            "type": "num",
            "label": "Best Response Percentage",
            "length": 8,
            "order": 21,
            "values": [
                "_PctRespBest_"
            ],
            "preformatted": false
        },
        "_Gain_": {
            "parameter": "_Gain_",
            "type": "num",
            "label": "Gain",
            "length": 8,
            "order": 24,
            "values": [
                "_Gain_"
            ],
            "preformatted": false
        },
        "_CumLift_": {
            "parameter": "_CumLift_",
            "type": "num",
            "label": "Cumulative Lift",
            "length": 8,
            "order": 18,
            "values": [
                "_CumLift_"
            ],
            "preformatted": false
        },
        "_Event_": {
            "parameter": "_Event_",
            "type": "char",
            "label": "Event",
            "length": 12,
            "order": 6,
            "values": [
                "_Event_"
            ],
            "preformatted": false
        },
        "_TargetName_": {
            "parameter": "_TargetName_",
            "type": "char",
            "label": "Target Name",
            "length": 6,
            "order": 1,
            "values": [
                "_TargetName_"
            ],
            "preformatted": false
        },
        "_PctResp_": {
            "parameter": "_PctResp_",
            "type": "num",
            "label": "Response Percentage",
            "length": 8,
            "order": 20,
            "values": [
                "_PctResp_"
            ],
            "preformatted": false
        },
        "_GainBest_": {
            "parameter": "_GainBest_",
            "type": "num",
            "label": "Best Gain",
            "length": 8,
            "order": 25,
            "values": [
                "_GainBest_"
            ],
            "preformatted": false
        },
        "_CumLiftBest_": {
            "parameter": "_CumLiftBest_",
            "type": "num",
            "label": "Best Cumulative Lift",
            "length": 8,
            "order": 19,
            "values": [
                "_CumLiftBest_"
            ],
            "preformatted": false
        },
        "_Lift_": {
            "parameter": "_Lift_",
            "type": "num",
            "label": "Lift",
            "length": 8,
            "order": 14,
            "values": [
                "_Lift_"
            ],
            "preformatted": false
        },
        "_CumPctResp_": {
            "parameter": "_CumPctResp_",
            "type": "num",
            "label": "Cumulative Response Percentage",
            "length": 8,
            "order": 22,
            "values": [
                "_CumPctResp_"
            ],
            "preformatted": false
        },
        "_NEventsBest_": {
            "parameter": "_NEventsBest_",
            "type": "num",
            "label": "Best Number of Events",
            "length": 8,
            "order": 11,
            "values": [
                "_NEventsBest_"
            ],
            "preformatted": false
        },
        "_CumPctRespBest_": {
            "parameter": "_CumPctRespBest_",
            "type": "num",
            "label": "Best Cumulative Response Percentage",
            "length": 8,
            "order": 23,
            "values": [
                "_CumPctRespBest_"
            ],
            "preformatted": false
        },
        "_Value_": {
            "parameter": "_Value_",
            "type": "num",
            "label": "Value",
            "length": 8,
            "order": 8,
            "values": [
                "_Value_"
            ],
            "preformatted": false
        },
        "_NEvents_": {
            "parameter": "_NEvents_",
            "type": "num",
            "label": "Number of Events",
            "length": 8,
            "order": 10,
            "values": [
                "_NEvents_"
            ],
            "preformatted": false
        },
        "_LiftBest_": {
            "parameter": "_LiftBest_",
            "type": "num",
            "label": "Best Lift",
            "length": 8,
            "order": 15,
            "values": [
                "_LiftBest_"
            ],
            "preformatted": false
        },
        "_PartInd_": {
            "parameter": "_PartInd_",
            "type": "num",
            "label": "Partition Indicator",
            "length": 8,
            "order": 3,
            "values": [
                "_PartInd_"
            ],
            "preformatted": false
        },
        "_Resp_": {
            "parameter": "_Resp_",
            "type": "num",
            "label": "Captured Response Percentage",
            "length": 8,
            "order": 12,
            "values": [
                "_Resp_"
            ],
            "preformatted": false
        }
    },
    "data": [
        {
            "dataMap": {
                "_NObs_": "0",
                "_Depth_": "0",
                "_CumRespBest_": "0",
                "_formattedPartition_": "           0",
                "_Column_": "predict",
                "_RespBest_": "0",
                "_DataRole_": "VALIDATE",
                "_CumResp_": "0",
                "_Event_": null,
                "_TargetName_": null,
                "_NEventsBest_": "0",
                "_Value_": "0",
                "_NEvents_": "0",
                "_PartInd_": "0",
                "_Resp_": "0"
            },
            "rowNumber": 1
        },
        {
            "dataMap": {
                "_NObs_": null,
                "_Depth_": null,
                "_CumRespBest_": null,
                "_formattedPartition_": "           0",
                "_column_": "predict",
                "_RespBest_": null,
                "_DataRole_": "VALIDATE",
                "_CumResp_": null,
                "_PctRespBest_": null,
                "_Gain_": null,
                "_CumLift_": null,
                "_Event_": null,
                "_TargetName_": null,
                "_PctResp_": null,
                "_GainBest_": null,
                "_CumLiftBest_": null,
                "_Lift_": null,
                "_CumPctResp_": null,
                "_NEventsBest_": null,
                "_CumPctRespBest_": null,
                "_Value_": null,
                "_NEvents_": null,
                "_LiftBest_": null,
                "_PartInd_": "0",
                "_Resp_": null
            },
            "rowNumber": 2
        },
        {
            "dataMap": {
                "_NObs_": null,
                "_Depth_": null,
                "_CumRespBest_": null,
                "_formattedPartition_": "           0",
                "_column_": "predict",
                "_RespBest_": null,
                "_DataRole_": "VALIDATE",
                "_CumResp_": null,
                "_PctRespBest_": null,
                "_Gain_": null,
                "_CumLift_": null,
                "_Event_": null,
                "_TargetName_": null,
                "_PctResp_": null,
                "_GainBest_": null,
                "_CumLiftBest_": null,
                "_Lift_": null,
                "_CumPctResp_": null,
                "_NEventsBest_": null,
                "_CumPctRespBest_": null,
                "_Value_": null,
                "_NEvents_": null,
                "_LiftBest_": null,
                "_PartInd_": "0",
                "_Resp_": null
            },
            "rowNumber": 3
        },
        {
            "dataMap": {
                "_NObs_": null,
                "_Depth_": null,
                "_CumRespBest_": null,
                "_formattedPartition_": "           0",
                "_column_": "predict",
                "_RespBest_": null,
                "_DataRole_": "VALIDATE",
                "_CumResp_": null,
                "_PctRespBest_": null,
                "_Gain_": null,
                "_CumLift_": null,
                "_Event_": null,
                "_TargetName_": null,
                "_PctResp_": null,
                "_GainBest_": null,
                "_CumLiftBest_": null,
                "_Lift_": null,
                "_CumPctResp_": null,
                "_NEventsBest_": null,
                "_CumPctRespBest_": null,
                "_Value_": null,
                "_NEvents_": null,
                "_LiftBest_": null,
                "_PartInd_": "0",
                "_Resp_": null
            },
            "rowNumber": 4
        },
        {
            "dataMap": {
                "_NObs_": null,
                "_Depth_": null,
                "_CumRespBest_": null,
                "_formattedPartition_": "           0",
                "_column_": "predict",
                "_RespBest_": null,
                "_DataRole_": "VALIDATE",
                "_CumResp_": null,
                "_PctRespBest_": null,
                "_Gain_": null,
                "_CumLift_": null,
                "_Event_": null,
                "_TargetName_": null,
                "_PctResp_": null,
                "_GainBest_": null,
                "_CumLiftBest_": null,
                "_Lift_": null,
                "_CumPctResp_": null,
                "_NEventsBest_": null,
                "_CumPctRespBest_": null,
                "_Value_": null,
                "_NEvents_": null,
                "_LiftBest_": null,
                "_PartInd_": "0",
                "_Resp_": null
            },
            "rowNumber": 5
        },
        {
            "dataMap": {
                "_NObs_": null,
                "_Depth_": null,
                "_CumRespBest_": null,
                "_formattedPartition_": "           0",
                "_column_": "predict",
                "_RespBest_": null,
                "_DataRole_": "VALIDATE",
                "_CumResp_": null,
                "_PctRespBest_": null,
                "_Gain_": null,
                "_CumLift_": null,
                "_Event_": null,
                "_TargetName_": null,
                "_PctResp_": null,
                "_GainBest_": null,
                "_CumLiftBest_": null,
                "_Lift_": null,
                "_CumPctResp_": null,
                "_NEventsBest_": null,
                "_CumPctRespBest_": null,
                "_Value_": null,
                "_NEvents_": null,
                "_LiftBest_": null,
                "_PartInd_": "0",
                "_Resp_": null
            },
            "rowNumber": 6
        },
        {
            "dataMap": {
                "_NObs_": null,
                "_Depth_": null,
                "_CumRespBest_": null,
                "_formattedPartition_": "           0",
                "_column_": "predict",
                "_RespBest_": null,
                "_DataRole_": "VALIDATE",
                "_CumResp_": null,
                "_PctRespBest_": null,
                "_Gain_": null,
                "_CumLift_": null,
                "_Event_": null,
                "_TargetName_": null,
                "_PctResp_": null,
                "_GainBest_": null,
                "_CumLiftBest_": null,
                "_Lift_": null,
                "_CumPctResp_": null,
                "_NEventsBest_": null,
                "_CumPctRespBest_": null,
                "_Value_": null,
                "_NEvents_": null,
                "_LiftBest_": null,
                "_PartInd_": "0",
                "_Resp_": null
            },
            "rowNumber": 7
        },
        {
            "dataMap": {
                "_NObs_": null,
                "_Depth_": null,
                "_CumRespBest_": null,
                "_formattedPartition_": "           0",
                "_column_": "predict",
                "_RespBest_": null,
                "_DataRole_": "VALIDATE",
                "_CumResp_": null,
                "_PctRespBest_": null,
                "_Gain_": null,
                "_CumLift_": null,
                "_Event_": null,
                "_TargetName_": null,
                "_PctResp_": null,
                "_GainBest_": null,
                "_CumLiftBest_": null,
                "_Lift_": null,
                "_CumPctResp_": null,
                "_NEventsBest_": null,
                "_CumPctRespBest_": null,
                "_Value_": null,
                "_NEvents_": null,
                "_LiftBest_": null,
                "_PartInd_": "0",
                "_Resp_": null
            },
            "rowNumber": 8
        },
        {
            "dataMap": {
                "_NObs_": null,
                "_Depth_": null,
                "_CumRespBest_": null,
                "_formattedPartition_": "           0",
                "_column_": "predict",
                "_RespBest_": null,
                "_DataRole_": "VALIDATE",
                "_CumResp_": null,
                "_PctRespBest_": null,
                "_Gain_": null,
                "_CumLift_": null,
                "_Event_": null,
                "_TargetName_": null,
                "_PctResp_": null,
                "_GainBest_": null,
                "_CumLiftBest_": null,
                "_Lift_": null,
                "_CumPctResp_": null,
                "_NEventsBest_": null,
                "_CumPctRespBest_": null,
                "_Value_": null,
                "_NEvents_": null,
                "_LiftBest_": null,
                "_PartInd_": "0",
                "_Resp_": null
            },
            "rowNumber": 9
        },
        {
            "dataMap": {
                "_NObs_": null,
                "_Depth_": null,
                "_CumRespBest_": null,
                "_formattedPartition_": "           0",
                "_column_": "predict",
                "_RespBest_": null,
                "_DataRole_": "VALIDATE",
                "_CumResp_": null,
                "_PctRespBest_": null,
                "_Gain_": null,
                "_CumLift_": null,
                "_Event_": null,
                "_TargetName_": null,
                "_PctResp_": null,
                "_GainBest_": null,
                "_CumLiftBest_": null,
                "_Lift_": null,
                "_CumPctResp_": null,
                "_NEventsBest_": null,
                "_CumPctRespBest_": null,
                "_Value_": null,
                "_NEvents_": null,
                "_LiftBest_": null,
                "_PartInd_": "0",
                "_Resp_": null
            },
            "rowNumber": 10
        },
        {
            "dataMap": {
                "_NObs_": null,
                "_Depth_": null,
                "_CumRespBest_": null,
                "_formattedPartition_": "           0",
                "_column_": "predict",
                "_RespBest_": null,
                "_DataRole_": "VALIDATE",
                "_CumResp_": null,
                "_PctRespBest_": null,
                "_Gain_": null,
                "_CumLift_": null,
                "_Event_": null,
                "_TargetName_": null,
                "_PctResp_": null,
                "_GainBest_": null,
                "_CumLiftBest_": null,
                "_Lift_": null,
                "_CumPctResp_": null,
                "_NEventsBest_": null,
                "_CumPctRespBest_": null,
                "_Value_": null,
                "_NEvents_": null,
                "_LiftBest_": null,
                "_PartInd_": "0",
                "_Resp_": null
            },
            "rowNumber": 11
        },
        {
            "dataMap": {
                "_NObs_": null,
                "_Depth_": null,
                "_CumRespBest_": null,
                "_formattedPartition_": "           0",
                "_column_": "predict",
                "_RespBest_": null,
                "_DataRole_": "VALIDATE",
                "_CumResp_": null,
                "_PctRespBest_": null,
                "_Gain_": null,
                "_CumLift_": null,
                "_Event_": null,
                "_TargetName_": null,
                "_PctResp_": null,
                "_GainBest_": null,
                "_CumLiftBest_": null,
                "_Lift_": null,
                "_CumPctResp_": null,
                "_NEventsBest_": null,
                "_CumPctRespBest_": null,
                "_Value_": null,
                "_NEvents_": null,
                "_LiftBest_": null,
                "_PartInd_": "0",
                "_Resp_": null
            },
            "rowNumber": 12
        },
        {
            "dataMap": {
                "_NObs_": null,
                "_Depth_": null,
                "_CumRespBest_": null,
                "_formattedPartition_": "           0",
                "_column_": "predict",
                "_RespBest_": null,
                "_DataRole_": "VALIDATE",
                "_CumResp_": null,
                "_PctRespBest_": null,
                "_Gain_": null,
                "_CumLift_": null,
                "_Event_": null,
                "_TargetName_": null,
                "_PctResp_": null,
                "_GainBest_": null,
                "_CumLiftBest_": null,
                "_Lift_": null,
                "_CumPctResp_": null,
                "_NEventsBest_": null,
                "_CumPctRespBest_": null,
                "_Value_": null,
                "_NEvents_": null,
                "_LiftBest_": null,
                "_PartInd_": "0",
                "_Resp_": null
            },
            "rowNumber": 13
        },
        {
            "dataMap": {
                "_NObs_": null,
                "_Depth_": null,
                "_CumRespBest_": null,
                "_formattedPartition_": "           0",
                "_column_": "predict",
                "_RespBest_": null,
                "_DataRole_": "VALIDATE",
                "_CumResp_": null,
                "_PctRespBest_": null,
                "_Gain_": null,
                "_CumLift_": null,
                "_Event_": null,
                "_TargetName_": null,
                "_PctResp_": null,
                "_GainBest_": null,
                "_CumLiftBest_": null,
                "_Lift_": null,
                "_CumPctResp_": null,
                "_NEventsBest_": null,
                "_CumPctRespBest_": null,
                "_Value_": null,
                "_NEvents_": null,
                "_LiftBest_": null,
                "_PartInd_": "0",
                "_Resp_": null
            },
            "rowNumber": 14
        },
        {
            "dataMap": {
                "_NObs_": null,
                "_Depth_": null,
                "_CumRespBest_": null,
                "_formattedPartition_": "           0",
                "_column_": "predict",
                "_RespBest_": null,
                "_DataRole_": "VALIDATE",
                "_CumResp_": null,
                "_PctRespBest_": null,
                "_Gain_": null,
                "_CumLift_": null,
                "_Event_": null,
                "_TargetName_": null,
                "_PctResp_": null,
                "_GainBest_": null,
                "_CumLiftBest_": null,
                "_Lift_": null,
                "_CumPctResp_": null,
                "_NEventsBest_": null,
                "_CumPctRespBest_": null,
                "_Value_": null,
                "_NEvents_": null,
                "_LiftBest_": null,
                "_PartInd_": "0",
                "_Resp_": null
            },
            "rowNumber": 15
        },
        {
            "dataMap": {
                "_NObs_": null,
                "_Depth_": null,
                "_CumRespBest_": null,
                "_formattedPartition_": "           0",
                "_column_": "predict",
                "_RespBest_": null,
                "_DataRole_": "VALIDATE",
                "_CumResp_": null,
                "_PctRespBest_": null,
                "_Gain_": null,
                "_CumLift_": null,
                "_Event_": null,
                "_TargetName_": null,
                "_PctResp_": null,
                "_GainBest_": null,
                "_CumLiftBest_": null,
                "_Lift_": null,
                "_CumPctResp_": null,
                "_NEventsBest_": null,
                "_CumPctRespBest_": null,
                "_Value_": null,
                "_NEvents_": null,
                "_LiftBest_": null,
                "_PartInd_": "0",
                "_Resp_": null
            },
            "rowNumber": 16
        },
        {
            "dataMap": {
                "_NObs_": null,
                "_Depth_": null,
                "_CumRespBest_": null,
                "_formattedPartition_": "           0",
                "_column_": "predict",
                "_RespBest_": null,
                "_DataRole_": "VALIDATE",
                "_CumResp_": null,
                "_PctRespBest_": null,
                "_Gain_": null,
                "_CumLift_": null,
                "_Event_": null,
                "_TargetName_": null,
                "_PctResp_": null,
                "_GainBest_": null,
                "_CumLiftBest_": null,
                "_Lift_": null,
                "_CumPctResp_": null,
                "_NEventsBest_": null,
                "_CumPctRespBest_": null,
                "_Value_": null,
                "_NEvents_": null,
                "_LiftBest_": null,
                "_PartInd_": "0",
                "_Resp_": null
            },
            "rowNumber": 17
        },
        {
            "dataMap": {
                "_NObs_": null,
                "_Depth_": null,
                "_CumRespBest_": null,
                "_formattedPartition_": "           0",
                "_column_": "predict",
                "_RespBest_": null,
                "_DataRole_": "VALIDATE",
                "_CumResp_": null,
                "_PctRespBest_": null,
                "_Gain_": null,
                "_CumLift_": null,
                "_Event_": null,
                "_TargetName_": null,
                "_PctResp_": null,
                "_GainBest_": null,
                "_CumLiftBest_": null,
                "_Lift_": null,
                "_CumPctResp_": null,
                "_NEventsBest_": null,
                "_CumPctRespBest_": null,
                "_Value_": null,
                "_NEvents_": null,
                "_LiftBest_": null,
                "_PartInd_": "0",
                "_Resp_": null
            },
            "rowNumber": 18
        },
        {
            "dataMap": {
                "_NObs_": null,
                "_Depth_": null,
                "_CumRespBest_": null,
                "_formattedPartition_": "           0",
                "_column_": "predict",
                "_RespBest_": null,
                "_DataRole_": "VALIDATE",
                "_CumResp_": null,
                "_PctRespBest_": null,
                "_Gain_": null,
                "_CumLift_": null,
                "_Event_": null,
                "_TargetName_": null,
                "_PctResp_": null,
                "_GainBest_": null,
                "_CumLiftBest_": null,
                "_Lift_": null,
                "_CumPctResp_": null,
                "_NEventsBest_": null,
                "_CumPctRespBest_": null,
                "_Value_": null,
                "_NEvents_": null,
                "_LiftBest_": null,
                "_PartInd_": "0",
                "_Resp_": null
            },
            "rowNumber": 19
        },
        {
            "dataMap": {
                "_NObs_": null,
                "_Depth_": null,
                "_CumRespBest_": null,
                "_formattedPartition_": "           0",
                "_column_": "predict",
                "_RespBest_": null,
                "_DataRole_": "VALIDATE",
                "_CumResp_": null,
                "_PctRespBest_": null,
                "_Gain_": null,
                "_CumLift_": null,
                "_Event_": null,
                "_TargetName_": null,
                "_PctResp_": null,
                "_GainBest_": null,
                "_CumLiftBest_": null,
                "_Lift_": null,
                "_CumPctResp_": null,
                "_NEventsBest_": null,
                "_CumPctRespBest_": null,
                "_Value_": null,
                "_NEvents_": null,
                "_LiftBest_": null,
                "_PartInd_": "0",
                "_Resp_": null
            },
            "rowNumber": 20
        },
        {
            "dataMap": {
                "_NObs_": null,
                "_Depth_": null,
                "_CumRespBest_": null,
                "_formattedPartition_": "           0",
                "_column_": "predict",
                "_RespBest_": null,
                "_DataRole_": "VALIDATE",
                "_CumResp_": null,
                "_PctRespBest_": null,
                "_Gain_": null,
                "_CumLift_": null,
                "_Event_": null,
                "_TargetName_": null,
                "_PctResp_": null,
                "_GainBest_": null,
                "_CumLiftBest_": null,
                "_Lift_": null,
                "_CumPctResp_": null,
                "_NEventsBest_": null,
                "_CumPctRespBest_": null,
                "_Value_": null,
                "_NEvents_": null,
                "_LiftBest_": null,
                "_PartInd_": "0",
                "_Resp_": null
            },
            "rowNumber": 21
        },
        {
            "dataMap": {
                "_NObs_": "0",
                "_Depth_": "0",
                "_CumRespBest_": "0",
                "_formattedPartition_": "           1",
                "_column_": "predict",
                "_RespBest_": "0",
                "_DataRole_": "TRAIN",
                "_CumResp_": "0",
                "_Event_": null,
                "_TargetName_": null,
                "_NEventsBest_": "0",
                "_Value_": "0",
                "_NEvents_": "0",
                "_PartInd_": "1",
                "_Resp_": "0"
            },
            "rowNumber": 22
        },
        {
            "dataMap": {
                "_NObs_": 5.0,
                "_Depth_": 5.0,
                "_CumRespBest_": 16.1290322580645,
                "_formattedPartition_": "           1",
                "_column_": "predict",
                "_RespBest_": 16.1290322580645,
                "_DataRole_": "TRAIN",
                "_CumResp_": 16.1290322580645,
                "_PctRespBest_": 100.0,
                "_Gain_": 2.2258064516129,
                "_CumLift_": 3.2258064516129,
                "_Event_": "1",
                "_TargetName_": null,
                "_PctResp_": 100.0,
                "_GainBest_": 2.2258064516129,
                "_CumLiftBest_": 3.2258064516129,
                "_Lift_": 3.2258064516129,
                "_CumPctResp_": 100.0,
                "_NEventsBest_": 5.0,
                "_CumPctRespBest_": 100.0,
                "_Value_": 1.0,
                "_NEvents_": 5.0,
                "_LiftBest_": 3.2258064516129,
                "_PartInd_": "1",
                "_Resp_": 16.1290322580645,
                "_Column_": "actual"
            },
            "rowNumber": 23
        },
        {
            "dataMap": {
                "_NObs_": 5.0,
                "_Depth_": 10.0,
                "_CumRespBest_": 32.258064516129,
                "_formattedPartition_": "           1",
                "_column_": "predict",
                "_RespBest_": 16.1290322580645,
                "_DataRole_": "TRAIN",
                "_CumResp_": 32.258064516129,
                "_PctRespBest_": 100.0,
                "_Gain_": 2.2258064516129,
                "_CumLift_": 3.2258064516129,
                "_Event_": "1",
                "_TargetName_": null,
                "_PctResp_": 100.0,
                "_GainBest_": 2.2258064516129,
                "_CumLiftBest_": 3.2258064516129,
                "_Lift_": 3.2258064516129,
                "_CumPctResp_": 100.0,
                "_NEventsBest_": 5.0,
                "_CumPctRespBest_": 100.0,
                "_Value_": 1.0,
                "_NEvents_": 5.0,
                "_LiftBest_": 3.2258064516129,
                "_PartInd_": "1",
                "_Resp_": 16.1290322580645,
                "_Column_": "actual"
            },
            "rowNumber": 24
        },
        {
            "dataMap": {
                "_NObs_": 5.0,
                "_Depth_": 15.0,
                "_CumRespBest_": 48.3870967741935,
                "_formattedPartition_": "           1",
                "_column_": "predict",
                "_RespBest_": 16.1290322580645,
                "_DataRole_": "TRAIN",
                "_CumResp_": 48.3870967741935,
                "_PctRespBest_": 100.0,
                "_Gain_": 2.2258064516129,
                "_CumLift_": 3.2258064516129,
                "_Event_": "1",
                "_TargetName_": null,
                "_PctResp_": 100.0,
                "_GainBest_": 2.2258064516129,
                "_CumLiftBest_": 3.2258064516129,
                "_Lift_": 3.2258064516129,
                "_CumPctResp_": 100.0,
                "_NEventsBest_": 5.0,
                "_CumPctRespBest_": 100.0,
                "_Value_": 1.0,
                "_NEvents_": 5.0,
                "_LiftBest_": 3.2258064516129,
                "_PartInd_": "1",
                "_Resp_": 16.1290322580645,
                "_Column_": "actual"
            },
            "rowNumber": 25
        },
        {
            "dataMap": {
                "_NObs_": 5.0,
                "_Depth_": 20.0,
                "_CumRespBest_": 64.516129032258,
                "_formattedPartition_": "           1",
                "_column_": "predict",
                "_RespBest_": 16.1290322580645,
                "_DataRole_": "TRAIN",
                "_CumResp_": 64.516129032258,
                "_PctRespBest_": 100.0,
                "_Gain_": 2.2258064516129,
                "_CumLift_": 3.2258064516129,
                "_Event_": "1",
                "_TargetName_": null,
                "_PctResp_": 100.0,
                "_GainBest_": 2.2258064516129,
                "_CumLiftBest_": 3.2258064516129,
                "_Lift_": 3.2258064516129,
                "_CumPctResp_": 100.0,
                "_NEventsBest_": 5.0,
                "_CumPctRespBest_": 100.0,
                "_Value_": 1.0,
                "_NEvents_": 5.0,
                "_LiftBest_": 3.2258064516129,
                "_PartInd_": "1",
                "_Resp_": 16.1290322580645,
                "_Column_": "actual"
            },
            "rowNumber": 26
        },
        {
            "dataMap": {
                "_NObs_": 5.0,
                "_Depth_": 25.0,
                "_CumRespBest_": 80.6451612903225,
                "_formattedPartition_": "           1",
                "_column_": "predict",
                "_RespBest_": 16.1290322580645,
                "_DataRole_": "TRAIN",
                "_CumResp_": 80.6451612903225,
                "_PctRespBest_": 100.0,
                "_Gain_": 2.2258064516129,
                "_CumLift_": 3.2258064516129,
                "_Event_": "1",
                "_TargetName_": null,
                "_PctResp_": 100.0,
                "_GainBest_": 2.2258064516129,
                "_CumLiftBest_": 3.2258064516129,
                "_Lift_": 3.2258064516129,
                "_CumPctResp_": 100.0,
                "_NEventsBest_": 5.0,
                "_CumPctRespBest_": 100.0,
                "_Value_": 1.0,
                "_NEvents_": 5.0,
                "_LiftBest_": 3.2258064516129,
                "_PartInd_": "1",
                "_Resp_": 16.1290322580645,
                "_Column_": "actual"
            },
            "rowNumber": 27
        },
        {
            "dataMap": {
                "_NObs_": 5.0,
                "_Depth_": 30.0,
                "_CumRespBest_": 96.7741935483871,
                "_formattedPartition_": "           1",
                "_column_": "predict",
                "_RespBest_": 16.1290322580645,
                "_DataRole_": "TRAIN",
                "_CumResp_": 96.7741935483871,
                "_PctRespBest_": 100.0,
                "_Gain_": 2.2258064516129,
                "_CumLift_": 3.2258064516129,
                "_Event_": "1",
                "_TargetName_": null,
                "_PctResp_": 100.0,
                "_GainBest_": 2.2258064516129,
                "_CumLiftBest_": 3.2258064516129,
                "_Lift_": 3.2258064516129,
                "_CumPctResp_": 100.0,
                "_NEventsBest_": 5.0,
                "_CumPctRespBest_": 100.0,
                "_Value_": 1.0,
                "_NEvents_": 5.0,
                "_LiftBest_": 3.2258064516129,
                "_PartInd_": "1",
                "_Resp_": 16.1290322580645,
                "_Column_": "actual"
            },
            "rowNumber": 28
        },
        {
            "dataMap": {
                "_NObs_": 5.0,
                "_Depth_": 35.0,
                "_CumRespBest_": 100.0,
                "_formattedPartition_": "           1",
                "_column_": "predict",
                "_RespBest_": 3.2258064516129,
                "_DataRole_": "TRAIN",
                "_CumResp_": 100.0,
                "_PctRespBest_": 20.0,
                "_Gain_": 1.85714285714285,
                "_CumLift_": 2.85714285714285,
                "_Event_": "1",
                "_TargetName_": null,
                "_PctResp_": 20.0,
                "_GainBest_": 1.85714285714285,
                "_CumLiftBest_": 2.85714285714285,
                "_Lift_": 0.64516129032258,
                "_CumPctResp_": 88.5714285714285,
                "_NEventsBest_": 1.0,
                "_CumPctRespBest_": 88.5714285714285,
                "_Value_": 0.0,
                "_NEvents_": 1.0,
                "_LiftBest_": 0.64516129032258,
                "_PartInd_": "1",
                "_Resp_": 3.2258064516129,
                "_Column_": "actual"
            },
            "rowNumber": 29
        },
        {
            "dataMap": {
                "_NObs_": 5.0,
                "_Depth_": 40.0,
                "_CumRespBest_": 100.0,
                "_formattedPartition_": "           1",
                "_column_": "predict",
                "_RespBest_": 0.0,
                "_DataRole_": "TRAIN",
                "_CumResp_": 100.0,
                "_PctRespBest_": 0.0,
                "_Gain_": 1.49999999999999,
                "_CumLift_": 2.5,
                "_Event_": "1",
                "_TargetName_": null,
                "_PctResp_": 0.0,
                "_GainBest_": 1.49999999999999,
                "_CumLiftBest_": 2.5,
                "_Lift_": 0.0,
                "_CumPctResp_": 77.5,
                "_NEventsBest_": 0.0,
                "_CumPctRespBest_": 77.5,
                "_Value_": 0.0,
                "_NEvents_": 0.0,
                "_LiftBest_": 0.0,
                "_PartInd_": "1",
                "_Resp_": 0.0,
                "_Column_": "actual"
            },
            "rowNumber": 30
        },
        {
            "dataMap": {
                "_NObs_": 5.0,
                "_Depth_": 45.0,
                "_CumRespBest_": 100.0,
                "_formattedPartition_": "           1",
                "_column_": "predict",
                "_RespBest_": 0.0,
                "_DataRole_": "TRAIN",
                "_CumResp_": 100.0,
                "_PctRespBest_": 0.0,
                "_Gain_": 1.22222222222222,
                "_CumLift_": 2.22222222222222,
                "_Event_": "1",
                "_TargetName_": null,
                "_PctResp_": 0.0,
                "_GainBest_": 1.22222222222222,
                "_CumLiftBest_": 2.22222222222222,
                "_Lift_": 0.0,
                "_CumPctResp_": 68.8888888888888,
                "_NEventsBest_": 0.0,
                "_CumPctRespBest_": 68.8888888888888,
                "_Value_": 0.0,
                "_NEvents_": 0.0,
                "_LiftBest_": 0.0,
                "_PartInd_": "1",
                "_Resp_": 0.0,
                "_Column_": "actual"
            },
            "rowNumber": 31
        },
        {
            "dataMap": {
                "_NObs_": 5.0,
                "_Depth_": 50.0,
                "_CumRespBest_": 100.0,
                "_formattedPartition_": "           1",
                "_column_": "predict",
                "_RespBest_": 0.0,
                "_DataRole_": "TRAIN",
                "_CumResp_": 100.0,
                "_PctRespBest_": 0.0,
                "_Gain_": 0.99999999999999,
                "_CumLift_": 2.0,
                "_Event_": "1",
                "_TargetName_": null,
                "_PctResp_": 0.0,
                "_GainBest_": 0.99999999999999,
                "_CumLiftBest_": 2.0,
                "_Lift_": 0.0,
                "_CumPctResp_": 62.0,
                "_NEventsBest_": 0.0,
                "_CumPctRespBest_": 62.0,
                "_Value_": 0.0,
                "_NEvents_": 0.0,
                "_LiftBest_": 0.0,
                "_PartInd_": "1",
                "_Resp_": 0.0,
                "_Column_": "actual"
            },
            "rowNumber": 32
        },
        {
            "dataMap": {
                "_NObs_": 5.0,
                "_Depth_": 55.0,
                "_CumRespBest_": 100.0,
                "_formattedPartition_": "           1",
                "_column_": "predict",
                "_RespBest_": 0.0,
                "_DataRole_": "TRAIN",
                "_CumResp_": 100.0,
                "_PctRespBest_": 0.0,
                "_Gain_": 0.81818181818181,
                "_CumLift_": 1.81818181818181,
                "_Event_": "1",
                "_TargetName_": null,
                "_PctResp_": 0.0,
                "_GainBest_": 0.81818181818181,
                "_CumLiftBest_": 1.81818181818181,
                "_Lift_": 0.0,
                "_CumPctResp_": 56.3636363636363,
                "_NEventsBest_": 0.0,
                "_CumPctRespBest_": 56.3636363636363,
                "_Value_": 0.0,
                "_NEvents_": 0.0,
                "_LiftBest_": 0.0,
                "_PartInd_": "1",
                "_Resp_": 0.0,
                "_Column_": "actual"
            },
            "rowNumber": 33
        },
        {
            "dataMap": {
                "_NObs_": 5.0,
                "_Depth_": 60.0,
                "_CumRespBest_": 100.0,
                "_formattedPartition_": "           1",
                "_column_": "predict",
                "_RespBest_": 0.0,
                "_DataRole_": "TRAIN",
                "_CumResp_": 100.0,
                "_PctRespBest_": 0.0,
                "_Gain_": 0.66666666666666,
                "_CumLift_": 1.66666666666666,
                "_Event_": "1",
                "_TargetName_": null,
                "_PctResp_": 0.0,
                "_GainBest_": 0.66666666666666,
                "_CumLiftBest_": 1.66666666666666,
                "_Lift_": 0.0,
                "_CumPctResp_": 51.6666666666666,
                "_NEventsBest_": 0.0,
                "_CumPctRespBest_": 51.6666666666666,
                "_Value_": 0.0,
                "_NEvents_": 0.0,
                "_LiftBest_": 0.0,
                "_PartInd_": "1",
                "_Resp_": 0.0,
                "_Column_": "actual"
            },
            "rowNumber": 34
        },
        {
            "dataMap": {
                "_NObs_": 5.0,
                "_Depth_": 65.0,
                "_CumRespBest_": 100.0,
                "_formattedPartition_": "           1",
                "_column_": "predict",
                "_RespBest_": 0.0,
                "_DataRole_": "TRAIN",
                "_CumResp_": 100.0,
                "_PctRespBest_": 0.0,
                "_Gain_": 0.53846153846153,
                "_CumLift_": 1.53846153846153,
                "_Event_": "1",
                "_TargetName_": null,
                "_PctResp_": 0.0,
                "_GainBest_": 0.53846153846153,
                "_CumLiftBest_": 1.53846153846153,
                "_Lift_": 0.0,
                "_CumPctResp_": 47.6923076923077,
                "_NEventsBest_": 0.0,
                "_CumPctRespBest_": 47.6923076923077,
                "_Value_": 0.0,
                "_NEvents_": 0.0,
                "_LiftBest_": 0.0,
                "_PartInd_": "1",
                "_Resp_": 0.0,
                "_Column_": "actual"
            },
            "rowNumber": 35
        },
        {
            "dataMap": {
                "_NObs_": 5.0,
                "_Depth_": 70.0,
                "_CumRespBest_": 100.0,
                "_formattedPartition_": "           1",
                "_column_": "predict",
                "_RespBest_": 0.0,
                "_DataRole_": "TRAIN",
                "_CumResp_": 100.0,
                "_PctRespBest_": 0.0,
                "_Gain_": 0.42857142857142,
                "_CumLift_": 1.42857142857142,
                "_Event_": "1",
                "_TargetName_": null,
                "_PctResp_": 0.0,
                "_GainBest_": 0.42857142857142,
                "_CumLiftBest_": 1.42857142857142,
                "_Lift_": 0.0,
                "_CumPctResp_": 44.2857142857142,
                "_NEventsBest_": 0.0,
                "_CumPctRespBest_": 44.2857142857142,
                "_Value_": 0.0,
                "_NEvents_": 0.0,
                "_LiftBest_": 0.0,
                "_PartInd_": "1",
                "_Resp_": 0.0,
                "_Column_": "actual"
            },
            "rowNumber": 36
        },
        {
            "dataMap": {
                "_NObs_": 5.0,
                "_Depth_": 75.0,
                "_CumRespBest_": 100.0,
                "_formattedPartition_": "           1",
                "_column_": "predict",
                "_RespBest_": 0.0,
                "_DataRole_": "TRAIN",
                "_CumResp_": 100.0,
                "_PctRespBest_": 0.0,
                "_Gain_": 0.33333333333333,
                "_CumLift_": 1.33333333333333,
                "_Event_": "1",
                "_TargetName_": null,
                "_PctResp_": 0.0,
                "_GainBest_": 0.33333333333333,
                "_CumLiftBest_": 1.33333333333333,
                "_Lift_": 0.0,
                "_CumPctResp_": 41.3333333333333,
                "_NEventsBest_": 0.0,
                "_CumPctRespBest_": 41.3333333333333,
                "_Value_": 0.0,
                "_NEvents_": 0.0,
                "_LiftBest_": 0.0,
                "_PartInd_": "1",
                "_Resp_": 0.0,
                "_Column_": "actual"
            },
            "rowNumber": 37
        },
        {
            "dataMap": {
                "_NObs_": 5.0,
                "_Depth_": 80.0,
                "_CumRespBest_": 100.0,
                "_formattedPartition_": "           1",
                "_column_": "predict",
                "_RespBest_": 0.0,
                "_DataRole_": "TRAIN",
                "_CumResp_": 100.0,
                "_PctRespBest_": 0.0,
                "_Gain_": 0.24999999999999,
                "_CumLift_": 1.24999999999999,
                "_Event_": "1",
                "_TargetName_": null,
                "_PctResp_": 0.0,
                "_GainBest_": 0.24999999999999,
                "_CumLiftBest_": 1.24999999999999,
                "_Lift_": 0.0,
                "_CumPctResp_": 38.75,
                "_NEventsBest_": 0.0,
                "_CumPctRespBest_": 38.75,
                "_Value_": 0.0,
                "_NEvents_": 0.0,
                "_LiftBest_": 0.0,
                "_PartInd_": "1",
                "_Resp_": 0.0,
                "_Column_": "actual"
            },
            "rowNumber": 38
        },
        {
            "dataMap": {
                "_NObs_": 5.0,
                "_Depth_": 85.0,
                "_CumRespBest_": 100.0,
                "_formattedPartition_": "           1",
                "_column_": "predict",
                "_RespBest_": 0.0,
                "_DataRole_": "TRAIN",
                "_CumResp_": 100.0,
                "_PctRespBest_": 0.0,
                "_Gain_": 0.17647058823529,
                "_CumLift_": 1.17647058823529,
                "_Event_": "1",
                "_TargetName_": null,
                "_PctResp_": 0.0,
                "_GainBest_": 0.17647058823529,
                "_CumLiftBest_": 1.17647058823529,
                "_Lift_": 0.0,
                "_CumPctResp_": 36.4705882352941,
                "_NEventsBest_": 0.0,
                "_CumPctRespBest_": 36.4705882352941,
                "_Value_": 0.0,
                "_NEvents_": 0.0,
                "_LiftBest_": 0.0,
                "_PartInd_": "1",
                "_Resp_": 0.0,
                "_Column_": "actual"
            },
            "rowNumber": 39
        },
        {
            "dataMap": {
                "_NObs_": 2.0,
                "_Depth_": 90.0,
                "_CumRespBest_": 100.0,
                "_formattedPartition_": "           1",
                "_column_": "predict",
                "_RespBest_": 0.0,
                "_DataRole_": "TRAIN",
                "_CumResp_": 100.0,
                "_PctRespBest_": 0.0,
                "_Gain_": 0.11111111111111,
                "_CumLift_": 1.11111111111111,
                "_Event_": "1",
                "_TargetName_": null,
                "_PctResp_": 0.0,
                "_GainBest_": 0.11111111111111,
                "_CumLiftBest_": 1.11111111111111,
                "_Lift_": 0.0,
                "_CumPctResp_": 35.6321839080459,
                "_NEventsBest_": 0.0,
                "_CumPctRespBest_": 35.6321839080459,
                "_Value_": 0.0,
                "_NEvents_": 0.0,
                "_LiftBest_": 0.0,
                "_PartInd_": "1",
                "_Resp_": 0.0,
                "_Column_": "actual"
            },
            "rowNumber": 40
        },
        {
            "dataMap": {
                "_NObs_": 0.0,
                "_Depth_": 95.0,
                "_CumRespBest_": 100.0,
                "_formattedPartition_": "           1",
                "_column_": "predict",
                "_RespBest_": 0.0,
                "_DataRole_": "TRAIN",
                "_CumResp_": 100.0,
                "_PctRespBest_": 0.0,
                "_Gain_": 0.05263157894736,
                "_CumLift_": 1.05263157894736,
                "_Event_": "1",
                "_TargetName_": null,
                "_PctResp_": 0.0,
                "_GainBest_": 0.05263157894736,
                "_CumLiftBest_": 1.05263157894736,
                "_Lift_": 0.0,
                "_CumPctResp_": 35.6321839080459,
                "_NEventsBest_": 0.0,
                "_CumPctRespBest_": 35.6321839080459,
                "_Value_": 0.0,
                "_NEvents_": 0.0,
                "_LiftBest_": 0.0,
                "_PartInd_": "1",
                "_Resp_": 0.0,
                "_Column_": "actual"
            },
            "rowNumber": 41
        },
        {
            "dataMap": {
                "_NObs_": 0.0,
                "_Depth_": 100.0,
                "_CumRespBest_": 100.0,
                "_formattedPartition_": "           1",
                "_column_": "predict",
                "_RespBest_": 0.0,
                "_DataRole_": "TRAIN",
                "_CumResp_": 100.0,
                "_PctRespBest_": 0.0,
                "_Gain_": 0.0,
                "_CumLift_": 1.0,
                "_Event_": "1",
                "_TargetName_": null,
                "_PctResp_": 0.0,
                "_GainBest_": 0.0,
                "_CumLiftBest_": 1.0,
                "_Lift_": 0.0,
                "_CumPctResp_": 35.6321839080459,
                "_NEventsBest_": 0.0,
                "_CumPctRespBest_": 35.6321839080459,
                "_Value_": 0.0,
                "_NEvents_": 0.0,
                "_LiftBest_": 0.0,
                "_PartInd_": "1",
                "_Resp_": 0.0,
                "_Column_": "actual"
            },
            "rowNumber": 42
        },
        {
            "dataMap": {
                "_NObs_": "0",
                "_Depth_": "0",
                "_CumRespBest_": "0",
                "_formattedPartition_": "           2",
                "_column_": "predict",
                "_RespBest_": "0",
                "_DataRole_": "TEST",
                "_CumResp_": "0",
                "_Event_": null,
                "_TargetName_": null,
                "_NEventsBest_": "0",
                "_Value_": "0",
                "_NEvents_": "0",
                "_PartInd_": "2",
                "_Resp_": "0"
            },
            "rowNumber": 43
        },
        {
            "dataMap": {
                "_NObs_": 2.0,
                "_Depth_": 5.0,
                "_CumRespBest_": 28.5714285714285,
                "_formattedPartition_": "           2",
                "_column_": "predict",
                "_RespBest_": 28.5714285714285,
                "_DataRole_": "TEST",
                "_CumResp_": 9.52380952380952,
                "_PctRespBest_": 100.0,
                "_Gain_": 0.9047619047619,
                "_CumLift_": 1.9047619047619,
                "_Event_": "1",
                "_TargetName_": null,
                "_PctResp_": 33.3333333333333,
                "_GainBest_": 4.71428571428571,
                "_CumLiftBest_": 5.71428571428571,
                "_Lift_": 1.9047619047619,
                "_CumPctResp_": 33.3333333333333,
                "_NEventsBest_": 2.0,
                "_CumPctRespBest_": 100.0,
                "_Value_": 1.0,
                "_NEvents_": 0.66666666666666,
                "_LiftBest_": 5.71428571428571,
                "_PartInd_": "2",
                "_Resp_": 9.52380952380952,
                "_Column_": "actual"
            },
            "rowNumber": 44
        },
        {
            "dataMap": {
                "_NObs_": 2.0,
                "_Depth_": 10.0,
                "_CumRespBest_": 57.1428571428571,
                "_formattedPartition_": "           2",
                "_column_": "predict",
                "_RespBest_": 28.5714285714285,
                "_DataRole_": "TEST",
                "_CumResp_": 19.047619047619,
                "_PctRespBest_": 100.0,
                "_Gain_": 0.9047619047619,
                "_CumLift_": 1.9047619047619,
                "_Event_": "1",
                "_TargetName_": null,
                "_PctResp_": 33.3333333333333,
                "_GainBest_": 4.71428571428571,
                "_CumLiftBest_": 5.71428571428571,
                "_Lift_": 1.9047619047619,
                "_CumPctResp_": 33.3333333333333,
                "_NEventsBest_": 2.0,
                "_CumPctRespBest_": 100.0,
                "_Value_": 1.0,
                "_NEvents_": 0.66666666666666,
                "_LiftBest_": 5.71428571428571,
                "_PartInd_": "2",
                "_Resp_": 9.52380952380952,
                "_Column_": "actual"
            },
            "rowNumber": 45
        },
        {
            "dataMap": {
                "_NObs_": 2.0,
                "_Depth_": 15.0,
                "_CumRespBest_": 85.7142857142857,
                "_formattedPartition_": "           2",
                "_column_": "predict",
                "_RespBest_": 28.5714285714285,
                "_DataRole_": "TEST",
                "_CumResp_": 28.5714285714285,
                "_PctRespBest_": 100.0,
                "_Gain_": 0.9047619047619,
                "_CumLift_": 1.9047619047619,
                "_Event_": "1",
                "_TargetName_": null,
                "_PctResp_": 33.3333333333333,
                "_GainBest_": 4.71428571428571,
                "_CumLiftBest_": 5.71428571428571,
                "_Lift_": 1.9047619047619,
                "_CumPctResp_": 33.3333333333333,
                "_NEventsBest_": 2.0,
                "_CumPctRespBest_": 100.0,
                "_Value_": 1.0,
                "_NEvents_": 0.66666666666666,
                "_LiftBest_": 5.71428571428571,
                "_PartInd_": "2",
                "_Resp_": 9.52380952380952,
                "_Column_": "actual"
            },
            "rowNumber": 46
        },
        {
            "dataMap": {
                "_NObs_": 2.0,
                "_Depth_": 20.0,
                "_CumRespBest_": 100.0,
                "_formattedPartition_": "           2",
                "_column_": "predict",
                "_RespBest_": 14.2857142857142,
                "_DataRole_": "TEST",
                "_CumResp_": 38.0952380952381,
                "_PctRespBest_": 50.0,
                "_Gain_": 0.9047619047619,
                "_CumLift_": 1.9047619047619,
                "_Event_": "1",
                "_TargetName_": null,
                "_PctResp_": 33.3333333333333,
                "_GainBest_": 4.0,
                "_CumLiftBest_": 5.0,
                "_Lift_": 1.9047619047619,
                "_CumPctResp_": 33.3333333333333,
                "_NEventsBest_": 1.0,
                "_CumPctRespBest_": 87.5,
                "_Value_": 1.0,
                "_NEvents_": 0.66666666666666,
                "_LiftBest_": 2.85714285714285,
                "_PartInd_": "2",
                "_Resp_": 9.52380952380952,
                "_Column_": "actual"
            },
            "rowNumber": 47
        },
        {
            "dataMap": {
                "_NObs_": 2.0,
                "_Depth_": 25.0,
                "_CumRespBest_": 100.0,
                "_formattedPartition_": "           2",
                "_column_": "predict",
                "_RespBest_": 0.0,
                "_DataRole_": "TEST",
                "_CumResp_": 44.8275862068965,
                "_PctRespBest_": 0.0,
                "_Gain_": 0.79310344827586,
                "_CumLift_": 1.79310344827586,
                "_Event_": "1",
                "_TargetName_": null,
                "_PctResp_": 23.5632183908046,
                "_GainBest_": 3.0,
                "_CumLiftBest_": 4.0,
                "_Lift_": 1.34646962233169,
                "_CumPctResp_": 31.3793103448275,
                "_NEventsBest_": 0.0,
                "_CumPctRespBest_": 70.0,
                "_Value_": 0.0,
                "_NEvents_": 0.47126436781609,
                "_LiftBest_": 0.0,
                "_PartInd_": "2",
                "_Resp_": 6.73234811165845,
                "_Column_": "actual"
            },
            "rowNumber": 48
        },
        {
            "dataMap": {
                "_NObs_": 2.0,
                "_Depth_": 30.0,
                "_CumRespBest_": 100.0,
                "_formattedPartition_": "           2",
                "_column_": "predict",
                "_RespBest_": 0.0,
                "_DataRole_": "TEST",
                "_CumResp_": 48.7684729064039,
                "_PctRespBest_": 0.0,
                "_Gain_": 0.62561576354679,
                "_CumLift_": 1.62561576354679,
                "_Event_": "1",
                "_TargetName_": null,
                "_PctResp_": 13.7931034482758,
                "_GainBest_": 2.33333333333333,
                "_CumLiftBest_": 3.33333333333333,
                "_Lift_": 0.78817733990147,
                "_CumPctResp_": 28.4482758620689,
                "_NEventsBest_": 0.0,
                "_CumPctRespBest_": 58.3333333333333,
                "_Value_": 0.0,
                "_NEvents_": 0.27586206896551,
                "_LiftBest_": 0.0,
                "_PartInd_": "2",
                "_Resp_": 3.94088669950739,
                "_Column_": "actual"
            },
            "rowNumber": 49
        },
        {
            "dataMap": {
                "_NObs_": 2.0,
                "_Depth_": 35.0,
                "_CumRespBest_": 100.0,
                "_formattedPartition_": "           2",
                "_column_": "predict",
                "_RespBest_": 0.0,
                "_DataRole_": "TEST",
                "_CumResp_": 52.7093596059113,
                "_PctRespBest_": 0.0,
                "_Gain_": 0.50598170302603,
                "_CumLift_": 1.50598170302603,
                "_Event_": "1",
                "_TargetName_": null,
                "_PctResp_": 13.7931034482758,
                "_GainBest_": 1.85714285714285,
                "_CumLiftBest_": 2.85714285714285,
                "_Lift_": 0.78817733990147,
                "_CumPctResp_": 26.3546798029556,
                "_NEventsBest_": 0.0,
                "_CumPctRespBest_": 50.0,
                "_Value_": 0.0,
                "_NEvents_": 0.27586206896551,
                "_LiftBest_": 0.0,
                "_PartInd_": "2",
                "_Resp_": 3.94088669950739,
                "_Column_": "actual"
            },
            "rowNumber": 50
        },
        {
            "dataMap": {
                "_NObs_": 2.0,
                "_Depth_": 40.0,
                "_CumRespBest_": 100.0,
                "_formattedPartition_": "           2",
                "_column_": "predict",
                "_RespBest_": 0.0,
                "_DataRole_": "TEST",
                "_CumResp_": 56.6502463054187,
                "_PctRespBest_": 0.0,
                "_Gain_": 0.41625615763546,
                "_CumLift_": 1.41625615763546,
                "_Event_": "1",
                "_TargetName_": null,
                "_PctResp_": 13.7931034482758,
                "_GainBest_": 1.5,
                "_CumLiftBest_": 2.5,
                "_Lift_": 0.78817733990147,
                "_CumPctResp_": 24.7844827586206,
                "_NEventsBest_": 0.0,
                "_CumPctRespBest_": 43.75,
                "_Value_": 0.0,
                "_NEvents_": 0.27586206896551,
                "_LiftBest_": 0.0,
                "_PartInd_": "2",
                "_Resp_": 3.94088669950739,
                "_Column_": "actual"
            },
            "rowNumber": 51
        },
        {
            "dataMap": {
                "_NObs_": 2.0,
                "_Depth_": 45.0,
                "_CumRespBest_": 100.0,
                "_formattedPartition_": "           2",
                "_column_": "predict",
                "_RespBest_": 0.0,
                "_DataRole_": "TEST",
                "_CumResp_": 60.5911330049261,
                "_PctRespBest_": 0.0,
                "_Gain_": 0.34646962233169,
                "_CumLift_": 1.34646962233169,
                "_Event_": "1",
                "_TargetName_": null,
                "_PctResp_": 13.7931034482758,
                "_GainBest_": 1.22222222222222,
                "_CumLiftBest_": 2.22222222222222,
                "_Lift_": 0.78817733990147,
                "_CumPctResp_": 23.5632183908046,
                "_NEventsBest_": 0.0,
                "_CumPctRespBest_": 38.8888888888888,
                "_Value_": 0.0,
                "_NEvents_": 0.27586206896551,
                "_LiftBest_": 0.0,
                "_PartInd_": "2",
                "_Resp_": 3.94088669950739,
                "_Column_": "actual"
            },
            "rowNumber": 52
        },
        {
            "dataMap": {
                "_NObs_": 2.0,
                "_Depth_": 50.0,
                "_CumRespBest_": 100.0,
                "_formattedPartition_": "           2",
                "_column_": "predict",
                "_RespBest_": 0.0,
                "_DataRole_": "TEST",
                "_CumResp_": 64.5320197044335,
                "_PctRespBest_": 0.0,
                "_Gain_": 0.29064039408866,
                "_CumLift_": 1.29064039408866,
                "_Event_": "1",
                "_TargetName_": null,
                "_PctResp_": 13.7931034482758,
                "_GainBest_": 1.0,
                "_CumLiftBest_": 2.0,
                "_Lift_": 0.78817733990147,
                "_CumPctResp_": 22.5862068965517,
                "_NEventsBest_": 0.0,
                "_CumPctRespBest_": 35.0,
                "_Value_": 0.0,
                "_NEvents_": 0.27586206896551,
                "_LiftBest_": 0.0,
                "_PartInd_": "2",
                "_Resp_": 3.94088669950739,
                "_Column_": "actual"
            },
            "rowNumber": 53
        },
        {
            "dataMap": {
                "_NObs_": 2.0,
                "_Depth_": 55.0,
                "_CumRespBest_": 100.0,
                "_formattedPartition_": "           2",
                "_column_": "predict",
                "_RespBest_": 0.0,
                "_DataRole_": "TEST",
                "_CumResp_": 68.4729064039408,
                "_PctRespBest_": 0.0,
                "_Gain_": 0.2449619346171,
                "_CumLift_": 1.2449619346171,
                "_Event_": "1",
                "_TargetName_": null,
                "_PctResp_": 13.7931034482758,
                "_GainBest_": 0.81818181818181,
                "_CumLiftBest_": 1.81818181818181,
                "_Lift_": 0.78817733990147,
                "_CumPctResp_": 21.7868338557993,
                "_NEventsBest_": 0.0,
                "_CumPctRespBest_": 31.8181818181818,
                "_Value_": 0.0,
                "_NEvents_": 0.27586206896551,
                "_LiftBest_": 0.0,
                "_PartInd_": "2",
                "_Resp_": 3.94088669950739,
                "_Column_": "actual"
            },
            "rowNumber": 54
        },
        {
            "dataMap": {
                "_NObs_": 2.0,
                "_Depth_": 60.0,
                "_CumRespBest_": 100.0,
                "_formattedPartition_": "           2",
                "_column_": "predict",
                "_RespBest_": 0.0,
                "_DataRole_": "TEST",
                "_CumResp_": 72.4137931034482,
                "_PctRespBest_": 0.0,
                "_Gain_": 0.20689655172413,
                "_CumLift_": 1.20689655172413,
                "_Event_": "1",
                "_TargetName_": null,
                "_PctResp_": 13.7931034482758,
                "_GainBest_": 0.66666666666666,
                "_CumLiftBest_": 1.66666666666666,
                "_Lift_": 0.78817733990147,
                "_CumPctResp_": 21.1206896551724,
                "_NEventsBest_": 0.0,
                "_CumPctRespBest_": 29.1666666666666,
                "_Value_": 0.0,
                "_NEvents_": 0.27586206896551,
                "_LiftBest_": 0.0,
                "_PartInd_": "2",
                "_Resp_": 3.94088669950739,
                "_Column_": "actual"
            },
            "rowNumber": 55
        },
        {
            "dataMap": {
                "_NObs_": 2.0,
                "_Depth_": 65.0,
                "_CumRespBest_": 100.0,
                "_formattedPartition_": "           2",
                "_column_": "predict",
                "_RespBest_": 0.0,
                "_DataRole_": "TEST",
                "_CumResp_": 76.3546798029556,
                "_PctRespBest_": 0.0,
                "_Gain_": 0.17468738158393,
                "_CumLift_": 1.17468738158393,
                "_Event_": "1",
                "_TargetName_": null,
                "_PctResp_": 13.7931034482758,
                "_GainBest_": 0.53846153846153,
                "_CumLiftBest_": 1.53846153846153,
                "_Lift_": 0.78817733990147,
                "_CumPctResp_": 20.5570291777188,
                "_NEventsBest_": 0.0,
                "_CumPctRespBest_": 26.9230769230769,
                "_Value_": 0.0,
                "_NEvents_": 0.27586206896551,
                "_LiftBest_": 0.0,
                "_PartInd_": "2",
                "_Resp_": 3.94088669950739,
                "_Column_": "actual"
            },
            "rowNumber": 56
        },
        {
            "dataMap": {
                "_NObs_": 2.0,
                "_Depth_": 70.0,
                "_CumRespBest_": 100.0,
                "_formattedPartition_": "           2",
                "_column_": "predict",
                "_RespBest_": 0.0,
                "_DataRole_": "TEST",
                "_CumResp_": 80.295566502463,
                "_PctRespBest_": 0.0,
                "_Gain_": 0.14707952146375,
                "_CumLift_": 1.14707952146375,
                "_Event_": "1",
                "_TargetName_": null,
                "_PctResp_": 13.7931034482758,
                "_GainBest_": 0.42857142857142,
                "_CumLiftBest_": 1.42857142857142,
                "_Lift_": 0.78817733990147,
                "_CumPctResp_": 20.0738916256157,
                "_NEventsBest_": 0.0,
                "_CumPctRespBest_": 25.0,
                "_Value_": 0.0,
                "_NEvents_": 0.27586206896551,
                "_LiftBest_": 0.0,
                "_PartInd_": "2",
                "_Resp_": 3.94088669950739,
                "_Column_": "actual"
            },
            "rowNumber": 57
        },
        {
            "dataMap": {
                "_NObs_": 2.0,
                "_Depth_": 75.0,
                "_CumRespBest_": 100.0,
                "_formattedPartition_": "           2",
                "_column_": "predict",
                "_RespBest_": 0.0,
                "_DataRole_": "TEST",
                "_CumResp_": 84.2364532019704,
                "_PctRespBest_": 0.0,
                "_Gain_": 0.1231527093596,
                "_CumLift_": 1.1231527093596,
                "_Event_": "1",
                "_TargetName_": null,
                "_PctResp_": 13.7931034482758,
                "_GainBest_": 0.33333333333333,
                "_CumLiftBest_": 1.33333333333333,
                "_Lift_": 0.78817733990147,
                "_CumPctResp_": 19.655172413793,
                "_NEventsBest_": 0.0,
                "_CumPctRespBest_": 23.3333333333333,
                "_Value_": 0.0,
                "_NEvents_": 0.27586206896551,
                "_LiftBest_": 0.0,
                "_PartInd_": "2",
                "_Resp_": 3.94088669950739,
                "_Column_": "actual"
            },
            "rowNumber": 58
        },
        {
            "dataMap": {
                "_NObs_": 2.0,
                "_Depth_": 80.0,
                "_CumRespBest_": 100.0,
                "_formattedPartition_": "           2",
                "_column_": "predict",
                "_RespBest_": 0.0,
                "_DataRole_": "TEST",
                "_CumResp_": 88.1773399014778,
                "_PctRespBest_": 0.0,
                "_Gain_": 0.10221674876847,
                "_CumLift_": 1.10221674876847,
                "_Event_": "1",
                "_TargetName_": null,
                "_PctResp_": 13.7931034482758,
                "_GainBest_": 0.25,
                "_CumLiftBest_": 1.25,
                "_Lift_": 0.78817733990147,
                "_CumPctResp_": 19.2887931034482,
                "_NEventsBest_": 0.0,
                "_CumPctRespBest_": 21.875,
                "_Value_": 0.0,
                "_NEvents_": 0.27586206896551,
                "_LiftBest_": 0.0,
                "_PartInd_": "2",
                "_Resp_": 3.94088669950739,
                "_Column_": "actual"
            },
            "rowNumber": 59
        },
        {
            "dataMap": {
                "_NObs_": 2.0,
                "_Depth_": 85.0,
                "_CumRespBest_": 100.0,
                "_formattedPartition_": "           2",
                "_column_": "predict",
                "_RespBest_": 0.0,
                "_DataRole_": "TEST",
                "_CumResp_": 92.1182266009852,
                "_PctRespBest_": 0.0,
                "_Gain_": 0.08374384236453,
                "_CumLift_": 1.08374384236453,
                "_Event_": "1",
                "_TargetName_": null,
                "_PctResp_": 13.7931034482758,
                "_GainBest_": 0.17647058823529,
                "_CumLiftBest_": 1.17647058823529,
                "_Lift_": 0.78817733990147,
                "_CumPctResp_": 18.9655172413793,
                "_NEventsBest_": 0.0,
                "_CumPctRespBest_": 20.5882352941176,
                "_Value_": 0.0,
                "_NEvents_": 0.27586206896551,
                "_LiftBest_": 0.0,
                "_PartInd_": "2",
                "_Resp_": 3.94088669950739,
                "_Column_": "actual"
            },
            "rowNumber": 60
        },
        {
            "dataMap": {
                "_NObs_": 2.0,
                "_Depth_": 90.0,
                "_CumRespBest_": 100.0,
                "_formattedPartition_": "           2",
                "_column_": "predict",
                "_RespBest_": 0.0,
                "_DataRole_": "TEST",
                "_CumResp_": 96.0591133004926,
                "_PctRespBest_": 0.0,
                "_Gain_": 0.06732348111658,
                "_CumLift_": 1.06732348111658,
                "_Event_": "1",
                "_TargetName_": null,
                "_PctResp_": 13.7931034482758,
                "_GainBest_": 0.11111111111111,
                "_CumLiftBest_": 1.11111111111111,
                "_Lift_": 0.78817733990147,
                "_CumPctResp_": 18.6781609195402,
                "_NEventsBest_": 0.0,
                "_CumPctRespBest_": 19.4444444444444,
                "_Value_": 0.0,
                "_NEvents_": 0.27586206896551,
                "_LiftBest_": 0.0,
                "_PartInd_": "2",
                "_Resp_": 3.94088669950739,
                "_Column_": "actual"
            },
            "rowNumber": 61
        },
        {
            "dataMap": {
                "_NObs_": 2.0,
                "_Depth_": 95.0,
                "_CumRespBest_": 100.0,
                "_formattedPartition_": "           2",
                "_column_": "predict",
                "_RespBest_": 0.0,
                "_DataRole_": "TEST",
                "_CumResp_": 100.0,
                "_PctRespBest_": 0.0,
                "_Gain_": 0.05263157894736,
                "_CumLift_": 1.05263157894736,
                "_Event_": "1",
                "_TargetName_": null,
                "_PctResp_": 13.7931034482758,
                "_GainBest_": 0.05263157894736,
                "_CumLiftBest_": 1.05263157894736,
                "_Lift_": 0.78817733990147,
                "_CumPctResp_": 18.4210526315789,
                "_NEventsBest_": 0.0,
                "_CumPctRespBest_": 18.4210526315789,
                "_Value_": 0.0,
                "_NEvents_": 0.27586206896551,
                "_LiftBest_": 0.0,
                "_PartInd_": "2",
                "_Resp_": 3.94088669950739,
                "_Column_": "actual"
            },
            "rowNumber": 62
        },
        {
            "dataMap": {
                "_NObs_": 0.0,
                "_Depth_": 100.0,
                "_CumRespBest_": 100.0,
                "_formattedPartition_": "           2",
                "_column_": "predict",
                "_RespBest_": 0.0,
                "_DataRole_": "TEST",
                "_CumResp_": 100.0,
                "_PctRespBest_": 0.0,
                "_Gain_": -3.3306690738754e-16,
                "_CumLift_": 1.0,
                "_Event_": "1",
                "_TargetName_": null,
                "_PctResp_": 0.0,
                "_GainBest_": 0.0,
                "_CumLiftBest_": 1.0,
                "_Lift_": 0.0,
                "_CumPctResp_": 18.4210526315789,
                "_NEventsBest_": 0.0,
                "_CumPctRespBest_": 18.4210526315789,
                "_Value_": 0.0,
                "_NEvents_": 0.0,
                "_LiftBest_": 0.0,
                "_PartInd_": "2",
                "_Resp_": 0.0,
                "_Column_": "actual"
            },
            "rowNumber": 63
        }
    ],
    "version": 1,
    "xInteger": false,
    "yInteger": false
}