[
    {
        "name": "Age",
        "level": "interval",
        "type": "decimal",
        "length": 8
    },
    {
        "name": "SibSp",
        "level": "interval",
        "type": "decimal",
        "length": 8
    },
    {
        "name": "Parch",
        "level": "interval",
        "type": "decimal",
        "length": 8
    },
    {
        "name": "Fare",
        "level": "interval",
        "type": "decimal",
        "length": 8
    },
    {
        "name": "Sex_female",
        "level": "interval",
        "type": "decimal",
        "length": 8
    },
    {
        "name": "Sex_male",
        "level": "interval",
        "type": "decimal",
        "length": 8
    },
    {
        "name": "Pclass_1",
        "level": "interval",
        "type": "decimal",
        "length": 8
    },
    {
        "name": "Pclass_2",
        "level": "interval",
        "type": "decimal",
        "length": 8
    },
    {
        "name": "Pclass_3",
        "level": "interval",
        "type": "decimal",
        "length": 8
    },
    {
        "name": "Embarked_C",
        "level": "interval",
        "type": "decimal",
        "length": 8
    },
    {
        "name": "Embarked_Q",
        "level": "interval",
        "type": "decimal",
        "length": 8
    },
    {
        "name": "Embarked_S",
        "level": "interval",
        "type": "decimal",
        "length": 8
    }
]