{
    "creationTimeStamp": "0001-01-01T00:00:00Z",
    "modifiedTimeStamp": "0001-01-01T00:00:00Z",
    "revision": 0,
    "name": "groupMetrics",
    "version": 0,
    "order": 0,
    "parameterMap": {
        "LEVEL": {
            "label": "Variable Level",
            "length": 100,
            "order": 4,
            "parameter": "LEVEL",
            "preformatted": false,
            "type": "char",
            "values": [
                "LEVEL"
            ]
        },
        "Predicted_Composite_Score": {
            "label": "Predicted_Composite_Score",
            "length": 8,
            "order": 13,
            "parameter": "Predicted_Composite_Score",
            "preformatted": false,
            "type": "num",
            "values": [
                "Predicted_Composite_Score"
            ]
        },
        "VLABEL": {
            "label": "Variable Label",
            "length": 256,
            "order": 2,
            "parameter": "VLABEL",
            "preformatted": false,
            "type": "char",
            "values": [
                "VLABEL"
            ]
        },
        "_DATAROLE_": {
            "label": "Data Role",
            "length": 8,
            "order": 3,
            "parameter": "_DATAROLE_",
            "preformatted": false,
            "type": "char",
            "values": [
                "_DATAROLE_"
            ]
        },
        "_VARIABLE_": {
            "label": "Variable",
            "length": 255,
            "order": 1,
            "parameter": "_VARIABLE_",
            "preformatted": false,
            "type": "char",
            "values": [
                "_VARIABLE_"
            ]
        },
        "_ase_": {
            "label": "Average Squared Error",
            "length": 8,
            "order": 6,
            "parameter": "_ase_",
            "preformatted": false,
            "type": "num",
            "values": [
                "_ase_"
            ]
        },
        "_avgyhat_": {
            "label": "Average Prediction for Target Variable",
            "length": 8,
            "order": 12,
            "parameter": "_avgyhat_",
            "preformatted": false,
            "type": "num",
            "values": [
                "_avgyhat_"
            ]
        },
        "_mae_": {
            "label": "Mean Absolute Error",
            "length": 8,
            "order": 8,
            "parameter": "_mae_",
            "preformatted": false,
            "type": "num",
            "values": [
                "_mae_"
            ]
        },
        "_msle_": {
            "label": "Mean Squared Logarithmic Error",
            "length": 8,
            "order": 10,
            "parameter": "_msle_",
            "preformatted": false,
            "type": "num",
            "values": [
                "_msle_"
            ]
        },
        "_nobs_": {
            "label": "Number of Observations",
            "length": 8,
            "order": 5,
            "parameter": "_nobs_",
            "preformatted": false,
            "type": "num",
            "values": [
                "_nobs_"
            ]
        },
        "_rase_": {
            "label": "Root Average Squared Error",
            "length": 8,
            "order": 7,
            "parameter": "_rase_",
            "preformatted": false,
            "type": "num",
            "values": [
                "_rase_"
            ]
        },
        "_rmae_": {
            "label": "Root Mean Absolute Error",
            "length": 8,
            "order": 9,
            "parameter": "_rmae_",
            "preformatted": false,
            "type": "num",
            "values": [
                "_rmae_"
            ]
        },
        "_rmsle_": {
            "label": "Root Mean Squared Logarithmic Error",
            "length": 8,
            "order": 11,
            "parameter": "_rmsle_",
            "preformatted": false,
            "type": "num",
            "values": [
                "_rmsle_"
            ]
        }
    },
    "data": [
        {
            "dataMap": {
                "LEVEL": "group_A",
                "Predicted_Composite_Score": 163.911,
                "VLABEL": "",
                "_DATAROLE_": "TEST",
                "_VARIABLE_": "Race",
                "_ase_": 7266.428762,
                "_avgyhat_": 163.911,
                "_mae_": 79.589,
                "_msle_": 0.20875717562081,
                "_nobs_": 2.0,
                "_rase_": 85.243350250914,
                "_rmae_": 8.92126672619981,
                "_rmsle_": 0.45689952464498
            },
            "rowNumber": 1
        },
        {
            "dataMap": {
                "LEVEL": "group_B",
                "Predicted_Composite_Score": 179.978851190476,
                "VLABEL": "",
                "_DATAROLE_": "TEST",
                "_VARIABLE_": "Race",
                "_ase_": 625.906102640164,
                "_avgyhat_": 179.978851190476,
                "_mae_": 22.1664821428571,
                "_msle_": 0.01879953281266,
                "_nobs_": 4.0,
                "_rase_": 25.0181154893841,
                "_rmae_": 4.70812936768491,
                "_rmsle_": 0.13711138834051
            },
            "rowNumber": 2
        },
        {
            "dataMap": {
                "LEVEL": "group_C",
                "Predicted_Composite_Score": 174.4155,
                "VLABEL": "",
                "_DATAROLE_": "TEST",
                "_VARIABLE_": "Race",
                "_ase_": 453.2097757183,
                "_avgyhat_": 174.4155,
                "_mae_": 17.7349444444444,
                "_msle_": 0.01177428025897,
                "_nobs_": 6.0,
                "_rase_": 21.2887241449153,
                "_rmae_": 4.21128774182487,
                "_rmsle_": 0.10850935562879
            },
            "rowNumber": 3
        },
        {
            "dataMap": {
                "LEVEL": "group_D",
                "Predicted_Composite_Score": 213.402687229437,
                "VLABEL": "",
                "_DATAROLE_": "TEST",
                "_VARIABLE_": "Race",
                "_ase_": 566.985913558763,
                "_avgyhat_": 213.402687229437,
                "_mae_": 18.1267478354978,
                "_msle_": 0.01489748482667,
                "_nobs_": 11.0,
                "_rase_": 23.8114660102809,
                "_rmae_": 4.25755185940204,
                "_rmsle_": 0.12205525317113
            },
            "rowNumber": 4
        },
        {
            "dataMap": {
                "LEVEL": "group_E",
                "Predicted_Composite_Score": 204.246309523809,
                "VLABEL": "",
                "_DATAROLE_": "TEST",
                "_VARIABLE_": "Race",
                "_ase_": 826.707788940476,
                "_avgyhat_": 204.246309523809,
                "_mae_": 22.9856904761904,
                "_msle_": 0.02089983841703,
                "_nobs_": 7.0,
                "_rase_": 28.7525266531565,
                "_rmae_": 4.79433942021113,
                "_rmsle_": 0.14456776410056
            },
            "rowNumber": 5
        },
        {
            "dataMap": {
                "LEVEL": "female",
                "Predicted_Composite_Score": 208.708013888888,
                "VLABEL": "",
                "_DATAROLE_": "TEST",
                "_VARIABLE_": "Gender",
                "_ase_": 967.447226196759,
                "_avgyhat_": 208.708013888888,
                "_mae_": 25.6318194444444,
                "_msle_": 0.02397688842437,
                "_nobs_": 12.0,
                "_rase_": 31.1038136921625,
                "_rmae_": 5.06278771473231,
                "_rmsle_": 0.1548447235923
            },
            "rowNumber": 6
        },
        {
            "dataMap": {
                "LEVEL": "male",
                "Predicted_Composite_Score": 187.049331349206,
                "VLABEL": "",
                "_DATAROLE_": "TEST",
                "_VARIABLE_": "Gender",
                "_ase_": 1120.56519145772,
                "_avgyhat_": 187.049331349206,
                "_mae_": 22.6092123015873,
                "_msle_": 0.03254481694256,
                "_nobs_": 18.0,
                "_rase_": 33.4748441588265,
                "_rmae_": 4.75491454198572,
                "_rmsle_": 0.18040182078507
            },
            "rowNumber": 7
        }
    ],
    "xInteger": false,
    "yInteger": false
}