{
    "creationTimeStamp": "0001-01-01T00:00:00Z",
    "modifiedTimeStamp": "0001-01-01T00:00:00Z",
    "revision": 0,
    "name": "maxDifferences",
    "version": 0,
    "order": 0,
    "parameterMap": {
        "BASE": {
            "label": "Base Level",
            "length": 100,
            "order": 4,
            "parameter": "BASE",
            "preformatted": false,
            "type": "char",
            "values": [
                "BASE"
            ]
        },
        "COMPARE": {
            "label": "Comparison Level",
            "length": 100,
            "order": 5,
            "parameter": "COMPARE",
            "preformatted": false,
            "type": "char",
            "values": [
                "COMPARE"
            ]
        },
        "Metric": {
            "label": "Metric",
            "length": 9,
            "order": 6,
            "parameter": "Metric",
            "preformatted": false,
            "type": "char",
            "values": [
                "Metric"
            ]
        },
        "MetricLabel": {
            "label": "Metric Label",
            "length": 35,
            "order": 7,
            "parameter": "MetricLabel",
            "preformatted": false,
            "type": "char",
            "values": [
                "MetricLabel"
            ]
        },
        "VLABEL": {
            "label": "Variable Label",
            "length": 256,
            "order": 2,
            "parameter": "VLABEL",
            "preformatted": false,
            "type": "char",
            "values": [
                "VLABEL"
            ]
        },
        "_DATAROLE_": {
            "label": "Data Role",
            "length": 8,
            "order": 3,
            "parameter": "_DATAROLE_",
            "preformatted": false,
            "type": "char",
            "values": [
                "_DATAROLE_"
            ]
        },
        "_VARIABLE_": {
            "label": "Variable",
            "length": 255,
            "order": 1,
            "parameter": "_VARIABLE_",
            "preformatted": false,
            "type": "char",
            "values": [
                "_VARIABLE_"
            ]
        },
        "maxdiff": {
            "label": "Maximum Metric Difference",
            "length": 8,
            "order": 8,
            "parameter": "maxdiff",
            "preformatted": false,
            "type": "num",
            "values": [
                "maxdiff"
            ]
        }
    },
    "data": [
        {
            "dataMap": {
                "BASE": "group_D",
                "COMPARE": "group_A",
                "Metric": "Predicted_Composite_Score",
                "MetricLabel": "Average Predicted: Composite_Score",
                "VLABEL": "",
                "_DATAROLE_": "TEST",
                "_VARIABLE_": "Race",
                "maxdiff": 49.4916872294372
            },
            "rowNumber": 1
        },
        {
            "dataMap": {
                "BASE": "group_A",
                "COMPARE": "group_C",
                "Metric": "ASE",
                "MetricLabel": "Average Square Error",
                "VLABEL": "",
                "_DATAROLE_": "TEST",
                "_VARIABLE_": "Race",
                "maxdiff": 6813.2189862817
            },
            "rowNumber": 2
        },
        {
            "dataMap": {
                "BASE": "group_A",
                "COMPARE": "group_C",
                "Metric": "RASE",
                "MetricLabel": "Root Average Square Error",
                "VLABEL": "",
                "_DATAROLE_": "TEST",
                "_VARIABLE_": "Race",
                "maxdiff": 63.9546261059986
            },
            "rowNumber": 3
        },
        {
            "dataMap": {
                "BASE": "group_A",
                "COMPARE": "group_C",
                "Metric": "MAE",
                "MetricLabel": "Mean Absolute Error",
                "VLABEL": "",
                "_DATAROLE_": "TEST",
                "_VARIABLE_": "Race",
                "maxdiff": 61.8540555555555
            },
            "rowNumber": 4
        },
        {
            "dataMap": {
                "BASE": "group_A",
                "COMPARE": "group_C",
                "Metric": "RMAE",
                "MetricLabel": "Root Mean Absolute Error",
                "VLABEL": "",
                "_DATAROLE_": "TEST",
                "_VARIABLE_": "Race",
                "maxdiff": 4.70997898437494
            },
            "rowNumber": 5
        },
        {
            "dataMap": {
                "BASE": "group_A",
                "COMPARE": "group_C",
                "Metric": "MSLE",
                "MetricLabel": "Mean Square Logarithmic Error",
                "VLABEL": "",
                "_DATAROLE_": "TEST",
                "_VARIABLE_": "Race",
                "maxdiff": 0.19698289536184
            },
            "rowNumber": 6
        },
        {
            "dataMap": {
                "BASE": "group_A",
                "COMPARE": "group_C",
                "Metric": "RMSLE",
                "MetricLabel": "Root Mean Square Logarithmic Error",
                "VLABEL": "",
                "_DATAROLE_": "TEST",
                "_VARIABLE_": "Race",
                "maxdiff": 0.34839016901619
            },
            "rowNumber": 7
        },
        {
            "dataMap": {
                "BASE": "group_D",
                "COMPARE": "group_A",
                "Metric": "PREDICTED",
                "MetricLabel": "Average Prediction",
                "VLABEL": "",
                "_DATAROLE_": "TEST",
                "_VARIABLE_": "Race",
                "maxdiff": 49.4916872294372
            },
            "rowNumber": 8
        },
        {
            "dataMap": {
                "BASE": "female",
                "COMPARE": "male",
                "Metric": "Predicted_Composite_Score",
                "MetricLabel": "Average Predicted: Composite_Score",
                "VLABEL": "",
                "_DATAROLE_": "TEST",
                "_VARIABLE_": "Gender",
                "maxdiff": 21.6586825396825
            },
            "rowNumber": 9
        },
        {
            "dataMap": {
                "BASE": "male",
                "COMPARE": "female",
                "Metric": "ASE",
                "MetricLabel": "Average Square Error",
                "VLABEL": "",
                "_DATAROLE_": "TEST",
                "_VARIABLE_": "Gender",
                "maxdiff": 153.117965260967
            },
            "rowNumber": 10
        },
        {
            "dataMap": {
                "BASE": "male",
                "COMPARE": "female",
                "Metric": "RASE",
                "MetricLabel": "Root Average Square Error",
                "VLABEL": "",
                "_DATAROLE_": "TEST",
                "_VARIABLE_": "Gender",
                "maxdiff": 2.37103046666403
            },
            "rowNumber": 11
        },
        {
            "dataMap": {
                "BASE": "female",
                "COMPARE": "male",
                "Metric": "MAE",
                "MetricLabel": "Mean Absolute Error",
                "VLABEL": "",
                "_DATAROLE_": "TEST",
                "_VARIABLE_": "Gender",
                "maxdiff": 3.02260714285713
            },
            "rowNumber": 12
        },
        {
            "dataMap": {
                "BASE": "female",
                "COMPARE": "male",
                "Metric": "RMAE",
                "MetricLabel": "Root Mean Absolute Error",
                "VLABEL": "",
                "_DATAROLE_": "TEST",
                "_VARIABLE_": "Gender",
                "maxdiff": 0.30787317274658
            },
            "rowNumber": 13
        },
        {
            "dataMap": {
                "BASE": "male",
                "COMPARE": "female",
                "Metric": "MSLE",
                "MetricLabel": "Mean Square Logarithmic Error",
                "VLABEL": "",
                "_DATAROLE_": "TEST",
                "_VARIABLE_": "Gender",
                "maxdiff": 0.00856792851819
            },
            "rowNumber": 14
        },
        {
            "dataMap": {
                "BASE": "male",
                "COMPARE": "female",
                "Metric": "RMSLE",
                "MetricLabel": "Root Mean Square Logarithmic Error",
                "VLABEL": "",
                "_DATAROLE_": "TEST",
                "_VARIABLE_": "Gender",
                "maxdiff": 0.02555709719276
            },
            "rowNumber": 15
        },
        {
            "dataMap": {
                "BASE": "female",
                "COMPARE": "male",
                "Metric": "PREDICTED",
                "MetricLabel": "Average Prediction",
                "VLABEL": "",
                "_DATAROLE_": "TEST",
                "_VARIABLE_": "Gender",
                "maxdiff": 21.6586825396825
            },
            "rowNumber": 16
        }
    ],
    "xInteger": false,
    "yInteger": false
}