{
    "name": "DecisionTreeClassifier2",
    "description": "Description for the DecisionTreeClassifier2 model.",
    "scoreCodeType": "python",
    "trainTable": "cas-shared-default/Public/DECISIONTREECLASSIFIER2_TRAIN_DATA",
    "trainCodeType": "Python",
    "algorithm": "DecisionTreeClassifier",
    "function": "classification",
    "targetVariable": "BAD",
    "targetEvent": "1",
    "targetLevel": "Binary",
    "eventProbVar": "P_1",
    "modeler": "sasdemo",
    "tool": "Python 3",
    "toolVersion": "3.8.16",
    "properties": [],
    "eventPercentage": "0.20182166826462",
    "selectionStatistic": "_RASE_",
    "selectionStatisticValue": "0.33514616799162"
}