{
    "name": "dmcas_lift",
    "revision": 0,
    "order": 0,
    "parameterMap": {
        "_NObs_": {
            "parameter": "_NObs_",
            "type": "num",
            "label": "Sum of Frequencies",
            "length": 8,
            "order": 9,
            "values": [
                "_NObs_"
            ],
            "preformatted": false
        },
        "_Depth_": {
            "parameter": "_Depth_",
            "type": "num",
            "label": "Depth",
            "length": 8,
            "order": 7,
            "values": [
                "_Depth_"
            ],
            "preformatted": false
        },
        "_CumRespBest_": {
            "parameter": "_CumRespBest_",
            "type": "num",
            "label": "Best Cumulative Captured Response Percentage",
            "length": 8,
            "order": 17,
            "values": [
                "_CumRespBest_"
            ],
            "preformatted": false
        },
        "_formattedPartition_": {
            "parameter": "_formattedPartition_",
            "type": "char",
            "label": "Formatted Partition",
            "length": 12,
            "order": 4,
            "values": [
                "_formattedPartition_"
            ],
            "preformatted": false
        },
        "_Column_": {
            "parameter": "_Column_",
            "type": "char",
            "label": "Analysis Variable",
            "length": 8,
            "order": 5,
            "values": [
                "_Column_"
            ],
            "preformatted": false
        },
        "_RespBest_": {
            "parameter": "_RespBest_",
            "type": "num",
            "label": "Best Captured Response Percentage",
            "length": 8,
            "order": 13,
            "values": [
                "_RespBest_"
            ],
            "preformatted": false
        },
        "_DataRole_": {
            "parameter": "_DataRole_",
            "type": "char",
            "label": "Data Role",
            "length": 10,
            "order": 2,
            "values": [
                "_DataRole_"
            ],
            "preformatted": false
        },
        "_CumResp_": {
            "parameter": "_CumResp_",
            "type": "num",
            "label": "Cumulative Captured Response Percentage",
            "length": 8,
            "order": 16,
            "values": [
                "_CumResp_"
            ],
            "preformatted": false
        },
        "_PctRespBest_": {
            "parameter": "_PctRespBest_",
            "type": "num",
            "label": "Best Response Percentage",
            "length": 8,
            "order": 21,
            "values": [
                "_PctRespBest_"
            ],
            "preformatted": false
        },
        "_Gain_": {
            "parameter": "_Gain_",
            "type": "num",
            "label": "Gain",
            "length": 8,
            "order": 24,
            "values": [
                "_Gain_"
            ],
            "preformatted": false
        },
        "_CumLift_": {
            "parameter": "_CumLift_",
            "type": "num",
            "label": "Cumulative Lift",
            "length": 8,
            "order": 18,
            "values": [
                "_CumLift_"
            ],
            "preformatted": false
        },
        "_Event_": {
            "parameter": "_Event_",
            "type": "char",
            "label": "Event",
            "length": 12,
            "order": 6,
            "values": [
                "_Event_"
            ],
            "preformatted": false
        },
        "_TargetName_": {
            "parameter": "_TargetName_",
            "type": "char",
            "label": "Target Name",
            "length": 6,
            "order": 1,
            "values": [
                "_TargetName_"
            ],
            "preformatted": false
        },
        "_PctResp_": {
            "parameter": "_PctResp_",
            "type": "num",
            "label": "Response Percentage",
            "length": 8,
            "order": 20,
            "values": [
                "_PctResp_"
            ],
            "preformatted": false
        },
        "_GainBest_": {
            "parameter": "_GainBest_",
            "type": "num",
            "label": "Best Gain",
            "length": 8,
            "order": 25,
            "values": [
                "_GainBest_"
            ],
            "preformatted": false
        },
        "_CumLiftBest_": {
            "parameter": "_CumLiftBest_",
            "type": "num",
            "label": "Best Cumulative Lift",
            "length": 8,
            "order": 19,
            "values": [
                "_CumLiftBest_"
            ],
            "preformatted": false
        },
        "_Lift_": {
            "parameter": "_Lift_",
            "type": "num",
            "label": "Lift",
            "length": 8,
            "order": 14,
            "values": [
                "_Lift_"
            ],
            "preformatted": false
        },
        "_CumPctResp_": {
            "parameter": "_CumPctResp_",
            "type": "num",
            "label": "Cumulative Response Percentage",
            "length": 8,
            "order": 22,
            "values": [
                "_CumPctResp_"
            ],
            "preformatted": false
        },
        "_NEventsBest_": {
            "parameter": "_NEventsBest_",
            "type": "num",
            "label": "Best Number of Events",
            "length": 8,
            "order": 11,
            "values": [
                "_NEventsBest_"
            ],
            "preformatted": false
        },
        "_CumPctRespBest_": {
            "parameter": "_CumPctRespBest_",
            "type": "num",
            "label": "Best Cumulative Response Percentage",
            "length": 8,
            "order": 23,
            "values": [
                "_CumPctRespBest_"
            ],
            "preformatted": false
        },
        "_Value_": {
            "parameter": "_Value_",
            "type": "num",
            "label": "Value",
            "length": 8,
            "order": 8,
            "values": [
                "_Value_"
            ],
            "preformatted": false
        },
        "_NEvents_": {
            "parameter": "_NEvents_",
            "type": "num",
            "label": "Number of Events",
            "length": 8,
            "order": 10,
            "values": [
                "_NEvents_"
            ],
            "preformatted": false
        },
        "_LiftBest_": {
            "parameter": "_LiftBest_",
            "type": "num",
            "label": "Best Lift",
            "length": 8,
            "order": 15,
            "values": [
                "_LiftBest_"
            ],
            "preformatted": false
        },
        "_PartInd_": {
            "parameter": "_PartInd_",
            "type": "num",
            "label": "Partition Indicator",
            "length": 8,
            "order": 3,
            "values": [
                "_PartInd_"
            ],
            "preformatted": false
        },
        "_Resp_": {
            "parameter": "_Resp_",
            "type": "num",
            "label": "Captured Response Percentage",
            "length": 8,
            "order": 12,
            "values": [
                "_Resp_"
            ],
            "preformatted": false
        }
    },
    "data": [
        {
            "dataMap": {
                "_NObs_": "0",
                "_Depth_": "0",
                "_CumRespBest_": "0",
                "_formattedPartition_": "           2",
                "_column_": "predict",
                "_RespBest_": "0",
                "_DataRole_": "TEST",
                "_CumResp_": "0",
                "_Event_": "1",
                "_TargetName_": "Maintenance_flag",
                "_NEventsBest_": "0",
                "_Value_": "0",
                "_NEvents_": "0",
                "_PartInd_": "2",
                "_Resp_": "0"
            },
            "rowNumber": 1
        },
        {
            "dataMap": {
                "_NObs_": "125.0",
                "_Depth_": "5.0",
                "_CumRespBest_": "22.5225225225225",
                "_formattedPartition_": "           2",
                "_column_": "predict",
                "_RespBest_": "22.5225225225225",
                "_DataRole_": "TEST",
                "_CumResp_": "13.1515444015444",
                "_PctRespBest_": "100.0",
                "_Gain_": "1.63030888030888",
                "_CumLift_": "2.63030888030888",
                "_Event_": "1",
                "_TargetName_": "Maintenance_flag",
                "_PctResp_": "58.3928571428571",
                "_GainBest_": "3.5045045045045",
                "_CumLiftBest_": "4.5045045045045",
                "_Lift_": "2.63030888030888",
                "_CumPctResp_": "58.3928571428571",
                "_NEventsBest_": "125.0",
                "_CumPctRespBest_": "100.0",
                "_Value_": "1.0",
                "_NEvents_": "72.9910714285714",
                "_LiftBest_": "4.5045045045045",
                "_PartInd_": "2",
                "_Resp_": "13.1515444015444"
            },
            "rowNumber": 2
        },
        {
            "dataMap": {
                "_NObs_": "125.0",
                "_Depth_": "10.0",
                "_CumRespBest_": "45.045045045045",
                "_formattedPartition_": "           2",
                "_column_": "predict",
                "_RespBest_": "22.5225225225225",
                "_DataRole_": "TEST",
                "_CumResp_": "26.3030888030888",
                "_PctRespBest_": "100.0",
                "_Gain_": "1.63030888030888",
                "_CumLift_": "2.63030888030888",
                "_Event_": "1",
                "_TargetName_": "Maintenance_flag",
                "_PctResp_": "58.3928571428571",
                "_GainBest_": "3.5045045045045",
                "_CumLiftBest_": "4.5045045045045",
                "_Lift_": "2.63030888030888",
                "_CumPctResp_": "58.3928571428571",
                "_NEventsBest_": "125.0",
                "_CumPctRespBest_": "100.0",
                "_Value_": "1.0",
                "_NEvents_": "72.9910714285714",
                "_LiftBest_": "4.5045045045045",
                "_PartInd_": "2",
                "_Resp_": "13.1515444015444"
            },
            "rowNumber": 3
        },
        {
            "dataMap": {
                "_NObs_": "125.0",
                "_Depth_": "15.0",
                "_CumRespBest_": "67.5675675675675",
                "_formattedPartition_": "           2",
                "_column_": "predict",
                "_RespBest_": "22.5225225225225",
                "_DataRole_": "TEST",
                "_CumResp_": "39.4546332046332",
                "_PctRespBest_": "100.0",
                "_Gain_": "1.63030888030888",
                "_CumLift_": "2.63030888030888",
                "_Event_": "1",
                "_TargetName_": "Maintenance_flag",
                "_PctResp_": "58.3928571428571",
                "_GainBest_": "3.5045045045045",
                "_CumLiftBest_": "4.5045045045045",
                "_Lift_": "2.63030888030888",
                "_CumPctResp_": "58.3928571428571",
                "_NEventsBest_": "125.0",
                "_CumPctRespBest_": "100.0",
                "_Value_": "1.0",
                "_NEvents_": "72.9910714285714",
                "_LiftBest_": "4.5045045045045",
                "_PartInd_": "2",
                "_Resp_": "13.1515444015444"
            },
            "rowNumber": 4
        },
        {
            "dataMap": {
                "_NObs_": "125.0",
                "_Depth_": "20.0",
                "_CumRespBest_": "90.0900900900901",
                "_formattedPartition_": "           2",
                "_column_": "predict",
                "_RespBest_": "22.5225225225225",
                "_DataRole_": "TEST",
                "_CumResp_": "52.6061776061776",
                "_PctRespBest_": "100.0",
                "_Gain_": "1.63030888030888",
                "_CumLift_": "2.63030888030888",
                "_Event_": "1",
                "_TargetName_": "Maintenance_flag",
                "_PctResp_": "58.3928571428571",
                "_GainBest_": "3.5045045045045",
                "_CumLiftBest_": "4.5045045045045",
                "_Lift_": "2.63030888030888",
                "_CumPctResp_": "58.3928571428571",
                "_NEventsBest_": "125.0",
                "_CumPctRespBest_": "100.0",
                "_Value_": "1.0",
                "_NEvents_": "72.9910714285714",
                "_LiftBest_": "4.5045045045045",
                "_PartInd_": "2",
                "_Resp_": "13.1515444015444"
            },
            "rowNumber": 5
        },
        {
            "dataMap": {
                "_NObs_": "125.0",
                "_Depth_": "25.0",
                "_CumRespBest_": "100.0",
                "_formattedPartition_": "           2",
                "_column_": "predict",
                "_RespBest_": "9.90990990990991",
                "_DataRole_": "TEST",
                "_CumResp_": "60.3003313712056",
                "_PctRespBest_": "44.0",
                "_Gain_": "1.41201325484822",
                "_CumLift_": "2.41201325484822",
                "_Event_": "1",
                "_TargetName_": "Maintenance_flag",
                "_PctResp_": "34.1620427167245",
                "_GainBest_": "3.0",
                "_CumLiftBest_": "4.0",
                "_Lift_": "1.53883075300561",
                "_CumPctResp_": "53.5466942576306",
                "_NEventsBest_": "55.0",
                "_CumPctRespBest_": "88.8",
                "_Value_": "0.0",
                "_NEvents_": "42.7025533959057",
                "_LiftBest_": "1.98198198198198",
                "_PartInd_": "2",
                "_Resp_": "7.69415376502805"
            },
            "rowNumber": 6
        },
        {
            "dataMap": {
                "_NObs_": "125.0",
                "_Depth_": "30.0",
                "_CumRespBest_": "100.0",
                "_formattedPartition_": "           2",
                "_column_": "predict",
                "_RespBest_": "0.0",
                "_DataRole_": "TEST",
                "_CumResp_": "62.9568937794494",
                "_PctRespBest_": "0.0",
                "_Gain_": "1.09856312598164",
                "_CumLift_": "2.09856312598164",
                "_Event_": "1",
                "_TargetName_": "Maintenance_flag",
                "_PctResp_": "11.7951370926021",
                "_GainBest_": "2.33333333333333",
                "_CumLiftBest_": "3.33333333333333",
                "_Lift_": "0.53131248164874",
                "_CumPctResp_": "46.5881013967925",
                "_NEventsBest_": "0.0",
                "_CumPctRespBest_": "74.0",
                "_Value_": "0.0",
                "_NEvents_": "14.7439213657527",
                "_LiftBest_": "0.0",
                "_PartInd_": "2",
                "_Resp_": "2.65656240824373"
            },
            "rowNumber": 7
        },
        {
            "dataMap": {
                "_NObs_": "125.0",
                "_Depth_": "35.0",
                "_CumRespBest_": "100.0",
                "_formattedPartition_": "           2",
                "_column_": "predict",
                "_RespBest_": "0.0",
                "_DataRole_": "TEST",
                "_CumResp_": "65.6134561876931",
                "_PctRespBest_": "0.0",
                "_Gain_": "0.87467017679123",
                "_CumLift_": "1.87467017679123",
                "_Event_": "1",
                "_TargetName_": "Maintenance_flag",
                "_PctResp_": "11.7951370926021",
                "_GainBest_": "1.85714285714285",
                "_CumLiftBest_": "2.85714285714285",
                "_Lift_": "0.53131248164874",
                "_CumPctResp_": "41.6176779247653",
                "_NEventsBest_": "0.0",
                "_CumPctRespBest_": "63.4285714285714",
                "_Value_": "0.0",
                "_NEvents_": "14.7439213657527",
                "_LiftBest_": "0.0",
                "_PartInd_": "2",
                "_Resp_": "2.65656240824373"
            },
            "rowNumber": 8
        },
        {
            "dataMap": {
                "_NObs_": "125.0",
                "_Depth_": "40.0",
                "_CumRespBest_": "100.0",
                "_formattedPartition_": "           2",
                "_column_": "predict",
                "_RespBest_": "0.0",
                "_DataRole_": "TEST",
                "_CumResp_": "68.2700185959368",
                "_PctRespBest_": "0.0",
                "_Gain_": "0.70675046489842",
                "_CumLift_": "1.70675046489842",
                "_Event_": "1",
                "_TargetName_": "Maintenance_flag",
                "_PctResp_": "11.7951370926021",
                "_GainBest_": "1.5",
                "_CumLiftBest_": "2.5",
                "_Lift_": "0.53131248164874",
                "_CumPctResp_": "37.8898603207449",
                "_NEventsBest_": "0.0",
                "_CumPctRespBest_": "55.5",
                "_Value_": "0.0",
                "_NEvents_": "14.7439213657527",
                "_LiftBest_": "0.0",
                "_PartInd_": "2",
                "_Resp_": "2.65656240824373"
            },
            "rowNumber": 9
        },
        {
            "dataMap": {
                "_NObs_": "125.0",
                "_Depth_": "45.0",
                "_CumRespBest_": "100.0",
                "_formattedPartition_": "           2",
                "_column_": "predict",
                "_RespBest_": "0.0",
                "_DataRole_": "TEST",
                "_CumResp_": "70.9265810041806",
                "_PctRespBest_": "0.0",
                "_Gain_": "0.57614624453734",
                "_CumLift_": "1.57614624453734",
                "_Event_": "1",
                "_TargetName_": "Maintenance_flag",
                "_PctResp_": "11.7951370926021",
                "_GainBest_": "1.22222222222222",
                "_CumLiftBest_": "2.22222222222222",
                "_Lift_": "0.53131248164874",
                "_CumPctResp_": "34.9904466287291",
                "_NEventsBest_": "0.0",
                "_CumPctRespBest_": "49.3333333333333",
                "_Value_": "0.0",
                "_NEvents_": "14.7439213657527",
                "_LiftBest_": "0.0",
                "_PartInd_": "2",
                "_Resp_": "2.65656240824373"
            },
            "rowNumber": 10
        },
        {
            "dataMap": {
                "_NObs_": "125.0",
                "_Depth_": "50.0",
                "_CumRespBest_": "100.0",
                "_formattedPartition_": "           2",
                "_column_": "predict",
                "_RespBest_": "0.0",
                "_DataRole_": "TEST",
                "_CumResp_": "73.5831434124243",
                "_PctRespBest_": "0.0",
                "_Gain_": "0.47166286824848",
                "_CumLift_": "1.47166286824848",
                "_Event_": "1",
                "_TargetName_": "Maintenance_flag",
                "_PctResp_": "11.7951370926021",
                "_GainBest_": "1.0",
                "_CumLiftBest_": "2.0",
                "_Lift_": "0.53131248164874",
                "_CumPctResp_": "32.6709156751164",
                "_NEventsBest_": "0.0",
                "_CumPctRespBest_": "44.4",
                "_Value_": "0.0",
                "_NEvents_": "14.7439213657527",
                "_LiftBest_": "0.0",
                "_PartInd_": "2",
                "_Resp_": "2.65656240824373"
            },
            "rowNumber": 11
        },
        {
            "dataMap": {
                "_NObs_": "125.0",
                "_Depth_": "55.0",
                "_CumRespBest_": "100.0",
                "_formattedPartition_": "           2",
                "_column_": "predict",
                "_RespBest_": "0.0",
                "_DataRole_": "TEST",
                "_CumResp_": "76.239705820668",
                "_PctRespBest_": "0.0",
                "_Gain_": "0.38617646946669",
                "_CumLift_": "1.38617646946669",
                "_Event_": "1",
                "_TargetName_": "Maintenance_flag",
                "_PctResp_": "11.7951370926021",
                "_GainBest_": "0.81818181818181",
                "_CumLiftBest_": "1.81818181818181",
                "_Lift_": "0.53131248164874",
                "_CumPctResp_": "30.7731176221605",
                "_NEventsBest_": "0.0",
                "_CumPctRespBest_": "40.3636363636363",
                "_Value_": "0.0",
                "_NEvents_": "14.7439213657527",
                "_LiftBest_": "0.0",
                "_PartInd_": "2",
                "_Resp_": "2.65656240824373"
            },
            "rowNumber": 12
        },
        {
            "dataMap": {
                "_NObs_": "125.0",
                "_Depth_": "60.0",
                "_CumRespBest_": "100.0",
                "_formattedPartition_": "           2",
                "_column_": "predict",
                "_RespBest_": "0.0",
                "_DataRole_": "TEST",
                "_CumResp_": "78.8962682289117",
                "_PctRespBest_": "0.0",
                "_Gain_": "0.31493780381519",
                "_CumLift_": "1.31493780381519",
                "_Event_": "1",
                "_TargetName_": "Maintenance_flag",
                "_PctResp_": "11.7951370926021",
                "_GainBest_": "0.66666666666666",
                "_CumLiftBest_": "1.66666666666666",
                "_Lift_": "0.53131248164874",
                "_CumPctResp_": "29.1916192446973",
                "_NEventsBest_": "0.0",
                "_CumPctRespBest_": "37.0",
                "_Value_": "0.0",
                "_NEvents_": "14.7439213657527",
                "_LiftBest_": "0.0",
                "_PartInd_": "2",
                "_Resp_": "2.65656240824373"
            },
            "rowNumber": 13
        },
        {
            "dataMap": {
                "_NObs_": "125.0",
                "_Depth_": "65.0",
                "_CumRespBest_": "100.0",
                "_formattedPartition_": "           2",
                "_column_": "predict",
                "_RespBest_": "0.0",
                "_DataRole_": "TEST",
                "_CumResp_": "81.5528306371555",
                "_PctRespBest_": "0.0",
                "_Gain_": "0.25465893287931",
                "_CumLift_": "1.25465893287931",
                "_Event_": "1",
                "_TargetName_": "Maintenance_flag",
                "_PctResp_": "11.7951370926021",
                "_GainBest_": "0.53846153846153",
                "_CumLiftBest_": "1.53846153846153",
                "_Lift_": "0.53131248164874",
                "_CumPctResp_": "27.8534283099208",
                "_NEventsBest_": "0.0",
                "_CumPctRespBest_": "34.1538461538461",
                "_Value_": "0.0",
                "_NEvents_": "14.7439213657527",
                "_LiftBest_": "0.0",
                "_PartInd_": "2",
                "_Resp_": "2.65656240824373"
            },
            "rowNumber": 14
        },
        {
            "dataMap": {
                "_NObs_": "125.0",
                "_Depth_": "70.0",
                "_CumRespBest_": "100.0",
                "_formattedPartition_": "           2",
                "_column_": "predict",
                "_RespBest_": "0.0",
                "_DataRole_": "TEST",
                "_CumResp_": "84.2093930453992",
                "_PctRespBest_": "0.0",
                "_Gain_": "0.20299132921998",
                "_CumLift_": "1.20299132921998",
                "_Event_": "1",
                "_TargetName_": "Maintenance_flag",
                "_PctResp_": "11.7951370926021",
                "_GainBest_": "0.42857142857142",
                "_CumLiftBest_": "1.42857142857142",
                "_Lift_": "0.53131248164874",
                "_CumPctResp_": "26.7064075086837",
                "_NEventsBest_": "0.0",
                "_CumPctRespBest_": "31.7142857142857",
                "_Value_": "0.0",
                "_NEvents_": "14.7439213657527",
                "_LiftBest_": "0.0",
                "_PartInd_": "2",
                "_Resp_": "2.65656240824373"
            },
            "rowNumber": 15
        },
        {
            "dataMap": {
                "_NObs_": "125.0",
                "_Depth_": "75.0",
                "_CumRespBest_": "100.0",
                "_formattedPartition_": "           2",
                "_column_": "predict",
                "_RespBest_": "0.0",
                "_DataRole_": "TEST",
                "_CumResp_": "86.8659554536429",
                "_PctRespBest_": "0.0",
                "_Gain_": "0.1582127393819",
                "_CumLift_": "1.1582127393819",
                "_Event_": "1",
                "_TargetName_": "Maintenance_flag",
                "_PctResp_": "11.7951370926021",
                "_GainBest_": "0.33333333333333",
                "_CumLiftBest_": "1.33333333333333",
                "_Lift_": "0.53131248164874",
                "_CumPctResp_": "25.7123228142783",
                "_NEventsBest_": "0.0",
                "_CumPctRespBest_": "29.6",
                "_Value_": "0.0",
                "_NEvents_": "14.7439213657527",
                "_LiftBest_": "0.0",
                "_PartInd_": "2",
                "_Resp_": "2.65656240824373"
            },
            "rowNumber": 16
        },
        {
            "dataMap": {
                "_NObs_": "125.0",
                "_Depth_": "80.0",
                "_CumRespBest_": "100.0",
                "_formattedPartition_": "           2",
                "_column_": "predict",
                "_RespBest_": "0.0",
                "_DataRole_": "TEST",
                "_CumResp_": "89.5225178618867",
                "_PctRespBest_": "0.0",
                "_Gain_": "0.11903147327358",
                "_CumLift_": "1.11903147327358",
                "_Event_": "1",
                "_TargetName_": "Maintenance_flag",
                "_PctResp_": "11.7951370926021",
                "_GainBest_": "0.25",
                "_CumLiftBest_": "1.25",
                "_Lift_": "0.53131248164874",
                "_CumPctResp_": "24.8424987066735",
                "_NEventsBest_": "0.0",
                "_CumPctRespBest_": "27.75",
                "_Value_": "0.0",
                "_NEvents_": "14.7439213657527",
                "_LiftBest_": "0.0",
                "_PartInd_": "2",
                "_Resp_": "2.65656240824373"
            },
            "rowNumber": 17
        },
        {
            "dataMap": {
                "_NObs_": "125.0",
                "_Depth_": "85.0",
                "_CumRespBest_": "100.0",
                "_formattedPartition_": "           2",
                "_column_": "predict",
                "_RespBest_": "0.0",
                "_DataRole_": "TEST",
                "_CumResp_": "92.1790802701304",
                "_PctRespBest_": "0.0",
                "_Gain_": "0.08445976788388",
                "_CumLift_": "1.08445976788388",
                "_Event_": "1",
                "_TargetName_": "Maintenance_flag",
                "_PctResp_": "11.7951370926021",
                "_GainBest_": "0.17647058823529",
                "_CumLiftBest_": "1.17647058823529",
                "_Lift_": "0.53131248164874",
                "_CumPctResp_": "24.0750068470223",
                "_NEventsBest_": "0.0",
                "_CumPctRespBest_": "26.1176470588235",
                "_Value_": "0.0",
                "_NEvents_": "14.7439213657527",
                "_LiftBest_": "0.0",
                "_PartInd_": "2",
                "_Resp_": "2.65656240824373"
            },
            "rowNumber": 18
        },
        {
            "dataMap": {
                "_NObs_": "125.0",
                "_Depth_": "90.0",
                "_CumRespBest_": "100.0",
                "_formattedPartition_": "           2",
                "_column_": "predict",
                "_RespBest_": "0.0",
                "_DataRole_": "TEST",
                "_CumResp_": "94.8356426783741",
                "_PctRespBest_": "0.0",
                "_Gain_": "0.05372936309304",
                "_CumLift_": "1.05372936309304",
                "_Event_": "1",
                "_TargetName_": "Maintenance_flag",
                "_PctResp_": "11.7951370926021",
                "_GainBest_": "0.11111111111111",
                "_CumLiftBest_": "1.11111111111111",
                "_Lift_": "0.53131248164874",
                "_CumPctResp_": "23.3927918606656",
                "_NEventsBest_": "0.0",
                "_CumPctRespBest_": "24.6666666666666",
                "_Value_": "0.0",
                "_NEvents_": "14.7439213657527",
                "_LiftBest_": "0.0",
                "_PartInd_": "2",
                "_Resp_": "2.65656240824373"
            },
            "rowNumber": 19
        },
        {
            "dataMap": {
                "_NObs_": "125.0",
                "_Depth_": "95.0",
                "_CumRespBest_": "100.0",
                "_formattedPartition_": "           2",
                "_column_": "predict",
                "_RespBest_": "0.0",
                "_DataRole_": "TEST",
                "_CumResp_": "97.4922050866179",
                "_PctRespBest_": "0.0",
                "_Gain_": "0.02623373775387",
                "_CumLift_": "1.02623373775387",
                "_Event_": "1",
                "_TargetName_": "Maintenance_flag",
                "_PctResp_": "11.7951370926021",
                "_GainBest_": "0.05263157894736",
                "_CumLiftBest_": "1.05263157894736",
                "_Lift_": "0.53131248164874",
                "_CumPctResp_": "22.7823889781359",
                "_NEventsBest_": "0.0",
                "_CumPctRespBest_": "23.3684210526315",
                "_Value_": "0.0",
                "_NEvents_": "14.7439213657527",
                "_LiftBest_": "0.0",
                "_PartInd_": "2",
                "_Resp_": "2.65656240824373"
            },
            "rowNumber": 20
        },
        {
            "dataMap": {
                "_NObs_": "118.0",
                "_Depth_": "100.0",
                "_CumRespBest_": "100.0",
                "_formattedPartition_": "           2",
                "_column_": "predict",
                "_RespBest_": "0.0",
                "_DataRole_": "TEST",
                "_CumResp_": "100.0",
                "_PctRespBest_": "0.0",
                "_Gain_": "0.0",
                "_CumLift_": "1.0",
                "_Event_": "1",
                "_TargetName_": "Maintenance_flag",
                "_PctResp_": "11.7951370926021",
                "_GainBest_": "0.0",
                "_CumLiftBest_": "1.0",
                "_Lift_": "0.50155898267641",
                "_CumPctResp_": "22.2623345367027",
                "_NEventsBest_": "0.0",
                "_CumPctRespBest_": "22.2623345367027",
                "_Value_": "0.0",
                "_NEvents_": "13.9182617692705",
                "_LiftBest_": "0.0",
                "_PartInd_": "2",
                "_Resp_": "2.50779491338208"
            },
            "rowNumber": 21
        }
    ],
    "version": 1,
    "xInteger": false,
    "yInteger": false
}