{
    "name": "dmcas_lift",
    "revision": 0,
    "order": 0,
    "parameterMap": {
        "_NObs_": {
            "parameter": "_NObs_",
            "type": "num",
            "label": "Sum of Frequencies",
            "length": 8,
            "order": 9,
            "values": [
                "_NObs_"
            ],
            "preformatted": false
        },
        "_Depth_": {
            "parameter": "_Depth_",
            "type": "num",
            "label": "Depth",
            "length": 8,
            "order": 7,
            "values": [
                "_Depth_"
            ],
            "preformatted": false
        },
        "_CumRespBest_": {
            "parameter": "_CumRespBest_",
            "type": "num",
            "label": "Best Cumulative Captured Response Percentage",
            "length": 8,
            "order": 17,
            "values": [
                "_CumRespBest_"
            ],
            "preformatted": false
        },
        "_formattedPartition_": {
            "parameter": "_formattedPartition_",
            "type": "char",
            "label": "Formatted Partition",
            "length": 12,
            "order": 4,
            "values": [
                "_formattedPartition_"
            ],
            "preformatted": false
        },
        "_Column_": {
            "parameter": "_Column_",
            "type": "char",
            "label": "Analysis Variable",
            "length": 8,
            "order": 5,
            "values": [
                "_Column_"
            ],
            "preformatted": false
        },
        "_RespBest_": {
            "parameter": "_RespBest_",
            "type": "num",
            "label": "Best Captured Response Percentage",
            "length": 8,
            "order": 13,
            "values": [
                "_RespBest_"
            ],
            "preformatted": false
        },
        "_DataRole_": {
            "parameter": "_DataRole_",
            "type": "char",
            "label": "Data Role",
            "length": 10,
            "order": 2,
            "values": [
                "_DataRole_"
            ],
            "preformatted": false
        },
        "_CumResp_": {
            "parameter": "_CumResp_",
            "type": "num",
            "label": "Cumulative Captured Response Percentage",
            "length": 8,
            "order": 16,
            "values": [
                "_CumResp_"
            ],
            "preformatted": false
        },
        "_PctRespBest_": {
            "parameter": "_PctRespBest_",
            "type": "num",
            "label": "Best Response Percentage",
            "length": 8,
            "order": 21,
            "values": [
                "_PctRespBest_"
            ],
            "preformatted": false
        },
        "_Gain_": {
            "parameter": "_Gain_",
            "type": "num",
            "label": "Gain",
            "length": 8,
            "order": 24,
            "values": [
                "_Gain_"
            ],
            "preformatted": false
        },
        "_CumLift_": {
            "parameter": "_CumLift_",
            "type": "num",
            "label": "Cumulative Lift",
            "length": 8,
            "order": 18,
            "values": [
                "_CumLift_"
            ],
            "preformatted": false
        },
        "_Event_": {
            "parameter": "_Event_",
            "type": "char",
            "label": "Event",
            "length": 12,
            "order": 6,
            "values": [
                "_Event_"
            ],
            "preformatted": false
        },
        "_TargetName_": {
            "parameter": "_TargetName_",
            "type": "char",
            "label": "Target Name",
            "length": 6,
            "order": 1,
            "values": [
                "_TargetName_"
            ],
            "preformatted": false
        },
        "_PctResp_": {
            "parameter": "_PctResp_",
            "type": "num",
            "label": "Response Percentage",
            "length": 8,
            "order": 20,
            "values": [
                "_PctResp_"
            ],
            "preformatted": false
        },
        "_GainBest_": {
            "parameter": "_GainBest_",
            "type": "num",
            "label": "Best Gain",
            "length": 8,
            "order": 25,
            "values": [
                "_GainBest_"
            ],
            "preformatted": false
        },
        "_CumLiftBest_": {
            "parameter": "_CumLiftBest_",
            "type": "num",
            "label": "Best Cumulative Lift",
            "length": 8,
            "order": 19,
            "values": [
                "_CumLiftBest_"
            ],
            "preformatted": false
        },
        "_Lift_": {
            "parameter": "_Lift_",
            "type": "num",
            "label": "Lift",
            "length": 8,
            "order": 14,
            "values": [
                "_Lift_"
            ],
            "preformatted": false
        },
        "_CumPctResp_": {
            "parameter": "_CumPctResp_",
            "type": "num",
            "label": "Cumulative Response Percentage",
            "length": 8,
            "order": 22,
            "values": [
                "_CumPctResp_"
            ],
            "preformatted": false
        },
        "_NEventsBest_": {
            "parameter": "_NEventsBest_",
            "type": "num",
            "label": "Best Number of Events",
            "length": 8,
            "order": 11,
            "values": [
                "_NEventsBest_"
            ],
            "preformatted": false
        },
        "_CumPctRespBest_": {
            "parameter": "_CumPctRespBest_",
            "type": "num",
            "label": "Best Cumulative Response Percentage",
            "length": 8,
            "order": 23,
            "values": [
                "_CumPctRespBest_"
            ],
            "preformatted": false
        },
        "_Value_": {
            "parameter": "_Value_",
            "type": "num",
            "label": "Value",
            "length": 8,
            "order": 8,
            "values": [
                "_Value_"
            ],
            "preformatted": false
        },
        "_NEvents_": {
            "parameter": "_NEvents_",
            "type": "num",
            "label": "Number of Events",
            "length": 8,
            "order": 10,
            "values": [
                "_NEvents_"
            ],
            "preformatted": false
        },
        "_LiftBest_": {
            "parameter": "_LiftBest_",
            "type": "num",
            "label": "Best Lift",
            "length": 8,
            "order": 15,
            "values": [
                "_LiftBest_"
            ],
            "preformatted": false
        },
        "_PartInd_": {
            "parameter": "_PartInd_",
            "type": "num",
            "label": "Partition Indicator",
            "length": 8,
            "order": 3,
            "values": [
                "_PartInd_"
            ],
            "preformatted": false
        },
        "_Resp_": {
            "parameter": "_Resp_",
            "type": "num",
            "label": "Captured Response Percentage",
            "length": 8,
            "order": 12,
            "values": [
                "_Resp_"
            ],
            "preformatted": false
        }
    },
    "data": [
        {
            "dataMap": {
                "_NObs_": "0",
                "_Depth_": "0",
                "_CumRespBest_": "0",
                "_formattedPartition_": "           1",
                "_column_": "predict",
                "_RespBest_": "0",
                "_DataRole_": "TRAIN",
                "_CumResp_": "0",
                "_Event_": "1",
                "_TargetName_": "Maintenance_flag",
                "_NEventsBest_": "0",
                "_Value_": "0",
                "_NEvents_": "0",
                "_PartInd_": "1",
                "_Resp_": "0"
            },
            "rowNumber": 1
        },
        {
            "dataMap": {
                "_NObs_": "291.0",
                "_Depth_": "5.0",
                "_CumRespBest_": "21.8796992481203",
                "_formattedPartition_": "           1",
                "_column_": "predict",
                "_RespBest_": "21.8796992481203",
                "_DataRole_": "TRAIN",
                "_CumResp_": "19.0827067669172",
                "_PctRespBest_": "100.0",
                "_Gain_": "2.81654135338345",
                "_CumLift_": "3.81654135338345",
                "_Event_": "1",
                "_TargetName_": "Maintenance_flag",
                "_PctResp_": "87.2164948453608",
                "_GainBest_": "3.37593984962406",
                "_CumLiftBest_": "4.37593984962406",
                "_Lift_": "3.81654135338345",
                "_CumPctResp_": "87.2164948453608",
                "_NEventsBest_": "291.0",
                "_CumPctRespBest_": "100.0",
                "_Value_": "0.8",
                "_NEvents_": "253.8",
                "_LiftBest_": "4.37593984962406",
                "_PartInd_": "1",
                "_Resp_": "19.0827067669172"
            },
            "rowNumber": 2
        },
        {
            "dataMap": {
                "_NObs_": "291.0",
                "_Depth_": "10.0",
                "_CumRespBest_": "43.7593984962406",
                "_formattedPartition_": "           1",
                "_column_": "predict",
                "_RespBest_": "21.8796992481203",
                "_DataRole_": "TRAIN",
                "_CumResp_": "35.9745517640254",
                "_PctRespBest_": "100.0",
                "_Gain_": "2.59745517640254",
                "_CumLift_": "3.59745517640254",
                "_Event_": "1",
                "_TargetName_": "Maintenance_flag",
                "_PctResp_": "77.2032778218345",
                "_GainBest_": "3.37593984962406",
                "_CumLiftBest_": "4.37593984962406",
                "_Lift_": "3.37836899942163",
                "_CumPctResp_": "82.2098863335976",
                "_NEventsBest_": "291.0",
                "_CumPctRespBest_": "100.0",
                "_Value_": "0.74358974358974",
                "_NEvents_": "224.661538461538",
                "_LiftBest_": "4.37593984962406",
                "_PartInd_": "1",
                "_Resp_": "16.8918449971081"
            },
            "rowNumber": 3
        },
        {
            "dataMap": {
                "_NObs_": "291.0",
                "_Depth_": "15.0",
                "_CumRespBest_": "65.6390977443609",
                "_formattedPartition_": "           1",
                "_column_": "predict",
                "_RespBest_": "21.8796992481203",
                "_DataRole_": "TRAIN",
                "_CumResp_": "51.6386554621848",
                "_PctRespBest_": "100.0",
                "_Gain_": "2.44257703081232",
                "_CumLift_": "3.44257703081232",
                "_Event_": "1",
                "_TargetName_": "Maintenance_flag",
                "_PctResp_": "71.5919516101444",
                "_GainBest_": "3.37593984962406",
                "_CumLiftBest_": "4.37593984962406",
                "_Lift_": "3.13282073963188",
                "_CumPctResp_": "78.6705747591132",
                "_NEventsBest_": "291.0",
                "_CumPctRespBest_": "100.0",
                "_Value_": "0.67647058823529",
                "_NEvents_": "208.33257918552",
                "_LiftBest_": "4.37593984962406",
                "_PartInd_": "1",
                "_Resp_": "15.6641036981594"
            },
            "rowNumber": 4
        },
        {
            "dataMap": {
                "_NObs_": "291.0",
                "_Depth_": "20.0",
                "_CumRespBest_": "87.5187969924812",
                "_formattedPartition_": "           1",
                "_column_": "predict",
                "_RespBest_": "21.8796992481203",
                "_DataRole_": "TRAIN",
                "_CumResp_": "65.5209452201933",
                "_PctRespBest_": "100.0",
                "_Gain_": "2.27604726100966",
                "_CumLift_": "3.27604726100966",
                "_Event_": "1",
                "_TargetName_": "Maintenance_flag",
                "_PctResp_": "63.4482659042998",
                "_GainBest_": "3.37593984962406",
                "_CumLiftBest_": "4.37593984962406",
                "_Lift_": "2.77645795160169",
                "_CumPctResp_": "74.8649975454099",
                "_NEventsBest_": "291.0",
                "_CumPctRespBest_": "100.0",
                "_Value_": "0.57142857142857",
                "_NEvents_": "184.634453781512",
                "_LiftBest_": "4.37593984962406",
                "_PartInd_": "1",
                "_Resp_": "13.8822897580084"
            },
            "rowNumber": 5
        },
        {
            "dataMap": {
                "_NObs_": "291.0",
                "_Depth_": "25.0",
                "_CumRespBest_": "100.0",
                "_formattedPartition_": "           1",
                "_column_": "predict",
                "_RespBest_": "12.4812030075188",
                "_DataRole_": "TRAIN",
                "_CumResp_": "76.8953634085213",
                "_PctRespBest_": "57.0446735395189",
                "_Gain_": "2.07581453634085",
                "_CumLift_": "3.07581453634085",
                "_Event_": "1",
                "_TargetName_": "Maintenance_flag",
                "_PctResp_": "51.9861724758632",
                "_GainBest_": "3.0",
                "_CumLiftBest_": "4.0",
                "_Lift_": "2.27488363766559",
                "_CumPctResp_": "70.2892325315005",
                "_NEventsBest_": "166.0",
                "_CumPctRespBest_": "91.4089347079037",
                "_Value_": "0.47916666666666",
                "_NEvents_": "151.279761904761",
                "_LiftBest_": "2.49624060150375",
                "_PartInd_": "1",
                "_Resp_": "11.3744181883279"
            },
            "rowNumber": 6
        },
        {
            "dataMap": {
                "_NObs_": "291.0",
                "_Depth_": "30.0",
                "_CumRespBest_": "100.0",
                "_formattedPartition_": "           1",
                "_column_": "predict",
                "_RespBest_": "0.0",
                "_DataRole_": "TRAIN",
                "_CumResp_": "86.4505012531328",
                "_PctRespBest_": "0.0",
                "_Gain_": "1.88168337510442",
                "_CumLift_": "2.88168337510442",
                "_Event_": "1",
                "_TargetName_": "Maintenance_flag",
                "_PctResp_": "43.6712485681557",
                "_GainBest_": "2.33333333333333",
                "_CumLiftBest_": "3.33333333333333",
                "_Lift_": "1.9110275689223",
                "_CumPctResp_": "65.8529018709431",
                "_NEventsBest_": "0.0",
                "_CumPctRespBest_": "76.1741122565864",
                "_Value_": "0.39583333333333",
                "_NEvents_": "127.083333333333",
                "_LiftBest_": "0.0",
                "_PartInd_": "1",
                "_Resp_": "9.55513784461153"
            },
            "rowNumber": 7
        },
        {
            "dataMap": {
                "_NObs_": "291.0",
                "_Depth_": "35.0",
                "_CumRespBest_": "100.0",
                "_formattedPartition_": "           1",
                "_column_": "predict",
                "_RespBest_": "0.0",
                "_DataRole_": "TRAIN",
                "_CumResp_": "94.2105263157894",
                "_PctRespBest_": "0.0",
                "_Gain_": "1.69172932330827",
                "_CumLift_": "2.69172932330827",
                "_Event_": "1",
                "_TargetName_": "Maintenance_flag",
                "_PctResp_": "35.4667812142038",
                "_GainBest_": "1.85714285714285",
                "_CumLiftBest_": "2.85714285714285",
                "_Lift_": "1.55200501253132",
                "_CumPctResp_": "61.5120274914089",
                "_NEventsBest_": "0.0",
                "_CumPctRespBest_": "65.2920962199312",
                "_Value_": "0.27777777777777",
                "_NEvents_": "103.208333333333",
                "_LiftBest_": "0.0",
                "_PartInd_": "1",
                "_Resp_": "7.76002506265664"
            },
            "rowNumber": 8
        },
        {
            "dataMap": {
                "_NObs_": "291.0",
                "_Depth_": "40.0",
                "_CumRespBest_": "100.0",
                "_formattedPartition_": "           1",
                "_column_": "predict",
                "_RespBest_": "0.0",
                "_DataRole_": "TRAIN",
                "_CumResp_": "98.8614393125671",
                "_PctRespBest_": "0.0",
                "_Gain_": "1.47153598281417",
                "_CumLift_": "2.47153598281417",
                "_Event_": "1",
                "_TargetName_": "Maintenance_flag",
                "_PctResp_": "21.2567501227295",
                "_GainBest_": "1.5",
                "_CumLiftBest_": "2.5",
                "_Lift_": "0.93018259935553",
                "_CumPctResp_": "56.480117820324",
                "_NEventsBest_": "0.0",
                "_CumPctRespBest_": "57.1305841924398",
                "_Value_": "0.14285714285714",
                "_NEvents_": "61.8571428571428",
                "_LiftBest_": "0.0",
                "_PartInd_": "1",
                "_Resp_": "4.65091299677765"
            },
            "rowNumber": 9
        },
        {
            "dataMap": {
                "_NObs_": "291.0",
                "_Depth_": "45.0",
                "_CumRespBest_": "100.0",
                "_formattedPartition_": "           1",
                "_column_": "predict",
                "_RespBest_": "0.0",
                "_DataRole_": "TRAIN",
                "_CumResp_": "100.0",
                "_PctRespBest_": "0.0",
                "_Gain_": "1.22222222222222",
                "_CumLift_": "2.22222222222222",
                "_Event_": "1",
                "_TargetName_": "Maintenance_flag",
                "_PctResp_": "5.20373097692685",
                "_GainBest_": "1.22222222222222",
                "_CumLiftBest_": "2.22222222222222",
                "_Lift_": "0.22771213748657",
                "_CumPctResp_": "50.7827415043909",
                "_NEventsBest_": "0.0",
                "_CumPctRespBest_": "50.782741504391",
                "_Value_": "0.0",
                "_NEvents_": "15.1428571428571",
                "_LiftBest_": "0.0",
                "_PartInd_": "1",
                "_Resp_": "1.13856068743286"
            },
            "rowNumber": 10
        },
        {
            "dataMap": {
                "_NObs_": "291.0",
                "_Depth_": "50.0",
                "_CumRespBest_": "100.0",
                "_formattedPartition_": "           1",
                "_column_": "predict",
                "_RespBest_": "0.0",
                "_DataRole_": "TRAIN",
                "_CumResp_": "100.0",
                "_PctRespBest_": "0.0",
                "_Gain_": "1.0",
                "_CumLift_": "2.0",
                "_Event_": "1",
                "_TargetName_": "Maintenance_flag",
                "_PctResp_": "0.0",
                "_GainBest_": "1.0",
                "_CumLiftBest_": "2.0",
                "_Lift_": "0.0",
                "_CumPctResp_": "45.7044673539518",
                "_NEventsBest_": "0.0",
                "_CumPctRespBest_": "45.7044673539518",
                "_Value_": "0.0",
                "_NEvents_": "0.0",
                "_LiftBest_": "0.0",
                "_PartInd_": "1",
                "_Resp_": "0.0"
            },
            "rowNumber": 11
        },
        {
            "dataMap": {
                "_NObs_": "291.0",
                "_Depth_": "55.0",
                "_CumRespBest_": "100.0",
                "_formattedPartition_": "           1",
                "_column_": "predict",
                "_RespBest_": "0.0",
                "_DataRole_": "TRAIN",
                "_CumResp_": "100.0",
                "_PctRespBest_": "0.0",
                "_Gain_": "0.81818181818181",
                "_CumLift_": "1.81818181818181",
                "_Event_": "1",
                "_TargetName_": "Maintenance_flag",
                "_PctResp_": "0.0",
                "_GainBest_": "0.81818181818181",
                "_CumLiftBest_": "1.81818181818181",
                "_Lift_": "0.0",
                "_CumPctResp_": "41.5495157763199",
                "_NEventsBest_": "0.0",
                "_CumPctRespBest_": "41.5495157763199",
                "_Value_": "0.0",
                "_NEvents_": "0.0",
                "_LiftBest_": "0.0",
                "_PartInd_": "1",
                "_Resp_": "0.0"
            },
            "rowNumber": 12
        },
        {
            "dataMap": {
                "_NObs_": "291.0",
                "_Depth_": "60.0",
                "_CumRespBest_": "100.0",
                "_formattedPartition_": "           1",
                "_column_": "predict",
                "_RespBest_": "0.0",
                "_DataRole_": "TRAIN",
                "_CumResp_": "100.0",
                "_PctRespBest_": "0.0",
                "_Gain_": "0.66666666666666",
                "_CumLift_": "1.66666666666666",
                "_Event_": "1",
                "_TargetName_": "Maintenance_flag",
                "_PctResp_": "0.0",
                "_GainBest_": "0.66666666666666",
                "_CumLiftBest_": "1.66666666666666",
                "_Lift_": "0.0",
                "_CumPctResp_": "38.0870561282932",
                "_NEventsBest_": "0.0",
                "_CumPctRespBest_": "38.0870561282932",
                "_Value_": "0.0",
                "_NEvents_": "0.0",
                "_LiftBest_": "0.0",
                "_PartInd_": "1",
                "_Resp_": "0.0"
            },
            "rowNumber": 13
        },
        {
            "dataMap": {
                "_NObs_": "291.0",
                "_Depth_": "65.0",
                "_CumRespBest_": "100.0",
                "_formattedPartition_": "           1",
                "_column_": "predict",
                "_RespBest_": "0.0",
                "_DataRole_": "TRAIN",
                "_CumResp_": "100.0",
                "_PctRespBest_": "0.0",
                "_Gain_": "0.53846153846153",
                "_CumLift_": "1.53846153846153",
                "_Event_": "1",
                "_TargetName_": "Maintenance_flag",
                "_PctResp_": "0.0",
                "_GainBest_": "0.53846153846153",
                "_CumLiftBest_": "1.53846153846153",
                "_Lift_": "0.0",
                "_CumPctResp_": "35.1572825799629",
                "_NEventsBest_": "0.0",
                "_CumPctRespBest_": "35.157282579963",
                "_Value_": "0.0",
                "_NEvents_": "0.0",
                "_LiftBest_": "0.0",
                "_PartInd_": "1",
                "_Resp_": "0.0"
            },
            "rowNumber": 14
        },
        {
            "dataMap": {
                "_NObs_": "291.0",
                "_Depth_": "70.0",
                "_CumRespBest_": "100.0",
                "_formattedPartition_": "           1",
                "_column_": "predict",
                "_RespBest_": "0.0",
                "_DataRole_": "TRAIN",
                "_CumResp_": "100.0",
                "_PctRespBest_": "0.0",
                "_Gain_": "0.42857142857142",
                "_CumLift_": "1.42857142857142",
                "_Event_": "1",
                "_TargetName_": "Maintenance_flag",
                "_PctResp_": "0.0",
                "_GainBest_": "0.42857142857142",
                "_CumLiftBest_": "1.42857142857142",
                "_Lift_": "0.0",
                "_CumPctResp_": "32.6460481099656",
                "_NEventsBest_": "0.0",
                "_CumPctRespBest_": "32.6460481099656",
                "_Value_": "0.0",
                "_NEvents_": "0.0",
                "_LiftBest_": "0.0",
                "_PartInd_": "1",
                "_Resp_": "0.0"
            },
            "rowNumber": 15
        },
        {
            "dataMap": {
                "_NObs_": "291.0",
                "_Depth_": "75.0",
                "_CumRespBest_": "100.0",
                "_formattedPartition_": "           1",
                "_column_": "predict",
                "_RespBest_": "0.0",
                "_DataRole_": "TRAIN",
                "_CumResp_": "100.0",
                "_PctRespBest_": "0.0",
                "_Gain_": "0.33333333333333",
                "_CumLift_": "1.33333333333333",
                "_Event_": "1",
                "_TargetName_": "Maintenance_flag",
                "_PctResp_": "0.0",
                "_GainBest_": "0.33333333333333",
                "_CumLiftBest_": "1.33333333333333",
                "_Lift_": "0.0",
                "_CumPctResp_": "30.4696449026345",
                "_NEventsBest_": "0.0",
                "_CumPctRespBest_": "30.4696449026346",
                "_Value_": "0.0",
                "_NEvents_": "0.0",
                "_LiftBest_": "0.0",
                "_PartInd_": "1",
                "_Resp_": "0.0"
            },
            "rowNumber": 16
        },
        {
            "dataMap": {
                "_NObs_": "291.0",
                "_Depth_": "80.0",
                "_CumRespBest_": "100.0",
                "_formattedPartition_": "           1",
                "_column_": "predict",
                "_RespBest_": "0.0",
                "_DataRole_": "TRAIN",
                "_CumResp_": "100.0",
                "_PctRespBest_": "0.0",
                "_Gain_": "0.24999999999999",
                "_CumLift_": "1.25",
                "_Event_": "1",
                "_TargetName_": "Maintenance_flag",
                "_PctResp_": "0.0",
                "_GainBest_": "0.25",
                "_CumLiftBest_": "1.25",
                "_Lift_": "0.0",
                "_CumPctResp_": "28.5652920962199",
                "_NEventsBest_": "0.0",
                "_CumPctRespBest_": "28.5652920962199",
                "_Value_": "0.0",
                "_NEvents_": "0.0",
                "_LiftBest_": "0.0",
                "_PartInd_": "1",
                "_Resp_": "0.0"
            },
            "rowNumber": 17
        },
        {
            "dataMap": {
                "_NObs_": "291.0",
                "_Depth_": "85.0",
                "_CumRespBest_": "100.0",
                "_formattedPartition_": "           1",
                "_column_": "predict",
                "_RespBest_": "0.0",
                "_DataRole_": "TRAIN",
                "_CumResp_": "100.0",
                "_PctRespBest_": "0.0",
                "_Gain_": "0.17647058823529",
                "_CumLift_": "1.17647058823529",
                "_Event_": "1",
                "_TargetName_": "Maintenance_flag",
                "_PctResp_": "0.0",
                "_GainBest_": "0.17647058823529",
                "_CumLiftBest_": "1.17647058823529",
                "_Lift_": "0.0",
                "_CumPctResp_": "26.8849807964422",
                "_NEventsBest_": "0.0",
                "_CumPctRespBest_": "26.8849807964422",
                "_Value_": "0.0",
                "_NEvents_": "0.0",
                "_LiftBest_": "0.0",
                "_PartInd_": "1",
                "_Resp_": "0.0"
            },
            "rowNumber": 18
        },
        {
            "dataMap": {
                "_NObs_": "291.0",
                "_Depth_": "90.0",
                "_CumRespBest_": "100.0",
                "_formattedPartition_": "           1",
                "_column_": "predict",
                "_RespBest_": "0.0",
                "_DataRole_": "TRAIN",
                "_CumResp_": "100.0",
                "_PctRespBest_": "0.0",
                "_Gain_": "0.11111111111111",
                "_CumLift_": "1.11111111111111",
                "_Event_": "1",
                "_TargetName_": "Maintenance_flag",
                "_PctResp_": "0.0",
                "_GainBest_": "0.11111111111111",
                "_CumLiftBest_": "1.11111111111111",
                "_Lift_": "0.0",
                "_CumPctResp_": "25.3913707521954",
                "_NEventsBest_": "0.0",
                "_CumPctRespBest_": "25.3913707521955",
                "_Value_": "0.0",
                "_NEvents_": "0.0",
                "_LiftBest_": "0.0",
                "_PartInd_": "1",
                "_Resp_": "0.0"
            },
            "rowNumber": 19
        },
        {
            "dataMap": {
                "_NObs_": "291.0",
                "_Depth_": "95.0",
                "_CumRespBest_": "100.0",
                "_formattedPartition_": "           1",
                "_column_": "predict",
                "_RespBest_": "0.0",
                "_DataRole_": "TRAIN",
                "_CumResp_": "100.0",
                "_PctRespBest_": "0.0",
                "_Gain_": "0.05263157894736",
                "_CumLift_": "1.05263157894736",
                "_Event_": "1",
                "_TargetName_": "Maintenance_flag",
                "_PctResp_": "0.0",
                "_GainBest_": "0.05263157894736",
                "_CumLiftBest_": "1.05263157894736",
                "_Lift_": "0.0",
                "_CumPctResp_": "24.0549828178694",
                "_NEventsBest_": "0.0",
                "_CumPctRespBest_": "24.0549828178694",
                "_Value_": "0.0",
                "_NEvents_": "0.0",
                "_LiftBest_": "0.0",
                "_PartInd_": "1",
                "_Resp_": "0.0"
            },
            "rowNumber": 20
        },
        {
            "dataMap": {
                "_NObs_": "285.0",
                "_Depth_": "100.0",
                "_CumRespBest_": "100.0",
                "_formattedPartition_": "           1",
                "_column_": "predict",
                "_RespBest_": "0.0",
                "_DataRole_": "TRAIN",
                "_CumResp_": "100.0",
                "_PctRespBest_": "0.0",
                "_Gain_": "-1.1102230246251e-16",
                "_CumLift_": "1.0",
                "_Event_": "1",
                "_TargetName_": "Maintenance_flag",
                "_PctResp_": "0.0",
                "_GainBest_": "0.0",
                "_CumLiftBest_": "1.0",
                "_Lift_": "0.0",
                "_CumPctResp_": "22.875816993464",
                "_NEventsBest_": "0.0",
                "_CumPctRespBest_": "22.875816993464",
                "_Value_": "0.0",
                "_NEvents_": "0.0",
                "_LiftBest_": "0.0",
                "_PartInd_": "1",
                "_Resp_": "0.0"
            },
            "rowNumber": 21
        },
        {
            "dataMap": {
                "_NObs_": "0",
                "_Depth_": "0",
                "_CumRespBest_": "0",
                "_formattedPartition_": "           2",
                "_column_": "predict",
                "_RespBest_": "0",
                "_DataRole_": "TEST",
                "_CumResp_": "0",
                "_Event_": "1",
                "_TargetName_": "Maintenance_flag",
                "_NEventsBest_": "0",
                "_Value_": "0",
                "_NEvents_": "0",
                "_PartInd_": "2",
                "_Resp_": "0"
            },
            "rowNumber": 22
        },
        {
            "dataMap": {
                "_NObs_": "125.0",
                "_Depth_": "5.0",
                "_CumRespBest_": "22.5225225225225",
                "_formattedPartition_": "           2",
                "_column_": "predict",
                "_RespBest_": "22.5225225225225",
                "_DataRole_": "TEST",
                "_CumResp_": "13.013013013013",
                "_PctRespBest_": "100.0",
                "_Gain_": "1.6026026026026",
                "_CumLift_": "2.6026026026026",
                "_Event_": "1",
                "_TargetName_": "Maintenance_flag",
                "_PctResp_": "57.7777777777777",
                "_GainBest_": "3.5045045045045",
                "_CumLiftBest_": "4.5045045045045",
                "_Lift_": "2.6026026026026",
                "_CumPctResp_": "57.7777777777777",
                "_NEventsBest_": "125.0",
                "_CumPctRespBest_": "100.0",
                "_Value_": "0.8",
                "_NEvents_": "72.2222222222222",
                "_LiftBest_": "4.5045045045045",
                "_PartInd_": "2",
                "_Resp_": "13.013013013013"
            },
            "rowNumber": 23
        },
        {
            "dataMap": {
                "_NObs_": "125.0",
                "_Depth_": "10.0",
                "_CumRespBest_": "45.045045045045",
                "_formattedPartition_": "           2",
                "_column_": "predict",
                "_RespBest_": "22.5225225225225",
                "_DataRole_": "TEST",
                "_CumResp_": "26.8243243243243",
                "_PctRespBest_": "100.0",
                "_Gain_": "1.68243243243243",
                "_CumLift_": "2.68243243243243",
                "_Event_": "1",
                "_TargetName_": "Maintenance_flag",
                "_PctResp_": "61.3222222222222",
                "_GainBest_": "3.5045045045045",
                "_CumLiftBest_": "4.5045045045045",
                "_Lift_": "2.76226226226226",
                "_CumPctResp_": "59.55",
                "_NEventsBest_": "125.0",
                "_CumPctRespBest_": "100.0",
                "_Value_": "0.74285714285714",
                "_NEvents_": "76.6527777777777",
                "_LiftBest_": "4.5045045045045",
                "_PartInd_": "2",
                "_Resp_": "13.8113113113113"
            },
            "rowNumber": 24
        },
        {
            "dataMap": {
                "_NObs_": "125.0",
                "_Depth_": "15.0",
                "_CumRespBest_": "67.5675675675675",
                "_formattedPartition_": "           2",
                "_column_": "predict",
                "_RespBest_": "22.5225225225225",
                "_DataRole_": "TEST",
                "_CumResp_": "39.4594594594594",
                "_PctRespBest_": "100.0",
                "_Gain_": "1.63063063063063",
                "_CumLift_": "2.63063063063063",
                "_Event_": "1",
                "_TargetName_": "Maintenance_flag",
                "_PctResp_": "56.1",
                "_GainBest_": "3.5045045045045",
                "_CumLiftBest_": "4.5045045045045",
                "_Lift_": "2.52702702702702",
                "_CumPctResp_": "58.4",
                "_NEventsBest_": "125.0",
                "_CumPctRespBest_": "100.0",
                "_Value_": "0.67647058823529",
                "_NEvents_": "70.125",
                "_LiftBest_": "4.5045045045045",
                "_PartInd_": "2",
                "_Resp_": "12.6351351351351"
            },
            "rowNumber": 25
        },
        {
            "dataMap": {
                "_NObs_": "125.0",
                "_Depth_": "20.0",
                "_CumRespBest_": "90.0900900900901",
                "_formattedPartition_": "           2",
                "_column_": "predict",
                "_RespBest_": "22.5225225225225",
                "_DataRole_": "TEST",
                "_CumResp_": "54.3543543543543",
                "_PctRespBest_": "100.0",
                "_Gain_": "1.71771771771771",
                "_CumLift_": "2.71771771771771",
                "_Event_": "1",
                "_TargetName_": "Maintenance_flag",
                "_PctResp_": "66.1333333333333",
                "_GainBest_": "3.5045045045045",
                "_CumLiftBest_": "4.5045045045045",
                "_Lift_": "2.97897897897897",
                "_CumPctResp_": "60.3333333333333",
                "_NEventsBest_": "125.0",
                "_CumPctRespBest_": "100.0",
                "_Value_": "0.57142857142857",
                "_NEvents_": "82.6666666666666",
                "_LiftBest_": "4.5045045045045",
                "_PartInd_": "2",
                "_Resp_": "14.8948948948948"
            },
            "rowNumber": 26
        },
        {
            "dataMap": {
                "_NObs_": "125.0",
                "_Depth_": "25.0",
                "_CumRespBest_": "100.0",
                "_formattedPartition_": "           2",
                "_column_": "predict",
                "_RespBest_": "9.90990990990991",
                "_DataRole_": "TEST",
                "_CumResp_": "66.3463463463463",
                "_PctRespBest_": "44.0",
                "_Gain_": "1.65385385385385",
                "_CumLift_": "2.65385385385385",
                "_Event_": "1",
                "_TargetName_": "Maintenance_flag",
                "_PctResp_": "53.2444444444444",
                "_GainBest_": "3.0",
                "_CumLiftBest_": "4.0",
                "_Lift_": "2.39839839839839",
                "_CumPctResp_": "58.9155555555555",
                "_NEventsBest_": "55.0",
                "_CumPctRespBest_": "88.8",
                "_Value_": "0.47916666666666",
                "_NEvents_": "66.5555555555555",
                "_LiftBest_": "1.98198198198198",
                "_PartInd_": "2",
                "_Resp_": "11.9919919919919"
            },
            "rowNumber": 27
        },
        {
            "dataMap": {
                "_NObs_": "125.0",
                "_Depth_": "30.0",
                "_CumRespBest_": "100.0",
                "_formattedPartition_": "           2",
                "_column_": "predict",
                "_RespBest_": "0.0",
                "_DataRole_": "TEST",
                "_CumResp_": "78.4144144144144",
                "_PctRespBest_": "0.0",
                "_Gain_": "1.61381381381381",
                "_CumLift_": "2.61381381381381",
                "_Event_": "1",
                "_TargetName_": "Maintenance_flag",
                "_PctResp_": "53.5822222222222",
                "_GainBest_": "2.33333333333333",
                "_CumLiftBest_": "3.33333333333333",
                "_Lift_": "2.41361361361361",
                "_CumPctResp_": "58.0266666666666",
                "_NEventsBest_": "0.0",
                "_CumPctRespBest_": "74.0",
                "_Value_": "0.39583333333333",
                "_NEvents_": "66.9777777777777",
                "_LiftBest_": "0.0",
                "_PartInd_": "2",
                "_Resp_": "12.068068068068"
            },
            "rowNumber": 28
        },
        {
            "dataMap": {
                "_NObs_": "125.0",
                "_Depth_": "35.0",
                "_CumRespBest_": "100.0",
                "_formattedPartition_": "           2",
                "_column_": "predict",
                "_RespBest_": "0.0",
                "_DataRole_": "TEST",
                "_CumResp_": "90.7507507507507",
                "_PctRespBest_": "0.0",
                "_Gain_": "1.59287859287859",
                "_CumLift_": "2.59287859287859",
                "_Event_": "1",
                "_TargetName_": "Maintenance_flag",
                "_PctResp_": "54.7733333333333",
                "_GainBest_": "1.85714285714285",
                "_CumLiftBest_": "2.85714285714285",
                "_Lift_": "2.46726726726726",
                "_CumPctResp_": "57.5619047619047",
                "_NEventsBest_": "0.0",
                "_CumPctRespBest_": "63.4285714285714",
                "_Value_": "0.25",
                "_NEvents_": "68.4666666666666",
                "_LiftBest_": "0.0",
                "_PartInd_": "2",
                "_Resp_": "12.3363363363363"
            },
            "rowNumber": 29
        },
        {
            "dataMap": {
                "_NObs_": "125.0",
                "_Depth_": "40.0",
                "_CumRespBest_": "100.0",
                "_formattedPartition_": "           2",
                "_column_": "predict",
                "_RespBest_": "0.0",
                "_DataRole_": "TEST",
                "_CumResp_": "97.7977977977978",
                "_PctRespBest_": "0.0",
                "_Gain_": "1.44494494494494",
                "_CumLift_": "2.44494494494494",
                "_Event_": "1",
                "_TargetName_": "Maintenance_flag",
                "_PctResp_": "31.2888888888889",
                "_GainBest_": "1.5",
                "_CumLiftBest_": "2.5",
                "_Lift_": "1.4094094094094",
                "_CumPctResp_": "54.2777777777777",
                "_NEventsBest_": "0.0",
                "_CumPctRespBest_": "55.5",
                "_Value_": "0.06451612903225",
                "_NEvents_": "39.1111111111111",
                "_LiftBest_": "0.0",
                "_PartInd_": "2",
                "_Resp_": "7.04704704704704"
            },
            "rowNumber": 30
        },
        {
            "dataMap": {
                "_NObs_": "125.0",
                "_Depth_": "45.0",
                "_CumRespBest_": "100.0",
                "_formattedPartition_": "           2",
                "_column_": "predict",
                "_RespBest_": "0.0",
                "_DataRole_": "TEST",
                "_CumResp_": "98.9743974209993",
                "_PctRespBest_": "0.0",
                "_Gain_": "1.19943105379998",
                "_CumLift_": "2.19943105379998",
                "_Event_": "1",
                "_TargetName_": "Maintenance_flag",
                "_PctResp_": "5.22410232701494",
                "_GainBest_": "1.22222222222222",
                "_CumLiftBest_": "2.22222222222222",
                "_Lift_": "0.23531992464031",
                "_CumPctResp_": "48.8273693943596",
                "_NEventsBest_": "0.0",
                "_CumPctRespBest_": "49.3333333333333",
                "_Value_": "0.0",
                "_NEvents_": "6.53012790876868",
                "_LiftBest_": "0.0",
                "_PartInd_": "2",
                "_Resp_": "1.17659962320156"
            },
            "rowNumber": 31
        },
        {
            "dataMap": {
                "_NObs_": "125.0",
                "_Depth_": "50.0",
                "_CumRespBest_": "100.0",
                "_formattedPartition_": "           2",
                "_column_": "predict",
                "_RespBest_": "0.0",
                "_DataRole_": "TEST",
                "_CumResp_": "99.068111106946",
                "_PctRespBest_": "0.0",
                "_Gain_": "0.98136222213892",
                "_CumLift_": "1.98136222213892",
                "_Event_": "1",
                "_TargetName_": "Maintenance_flag",
                "_PctResp_": "0.41608876560332",
                "_GainBest_": "1.0",
                "_CumLiftBest_": "2.0",
                "_Lift_": "0.01874273718933",
                "_CumPctResp_": "43.986241331484",
                "_NEventsBest_": "0.0",
                "_CumPctRespBest_": "44.4",
                "_Value_": "0.0",
                "_NEvents_": "0.52011095700416",
                "_LiftBest_": "0.0",
                "_PartInd_": "2",
                "_Resp_": "0.09371368594669"
            },
            "rowNumber": 32
        },
        {
            "dataMap": {
                "_NObs_": "125.0",
                "_Depth_": "55.0",
                "_CumRespBest_": "100.0",
                "_formattedPartition_": "           2",
                "_column_": "predict",
                "_RespBest_": "0.0",
                "_DataRole_": "TEST",
                "_CumResp_": "99.1618247928927",
                "_PctRespBest_": "0.0",
                "_Gain_": "0.80294226896168",
                "_CumLift_": "1.80294226896168",
                "_Event_": "1",
                "_TargetName_": "Maintenance_flag",
                "_PctResp_": "0.41608876560332",
                "_GainBest_": "0.81818181818181",
                "_CumLiftBest_": "1.81818181818181",
                "_Lift_": "0.01874273718933",
                "_CumPctResp_": "40.0253183709494",
                "_NEventsBest_": "0.0",
                "_CumPctRespBest_": "40.3636363636363",
                "_Value_": "0.0",
                "_NEvents_": "0.52011095700416",
                "_LiftBest_": "0.0",
                "_PartInd_": "2",
                "_Resp_": "0.09371368594669"
            },
            "rowNumber": 33
        },
        {
            "dataMap": {
                "_NObs_": "125.0",
                "_Depth_": "60.0",
                "_CumRespBest_": "100.0",
                "_formattedPartition_": "           2",
                "_column_": "predict",
                "_RespBest_": "0.0",
                "_DataRole_": "TEST",
                "_CumResp_": "99.2555384788394",
                "_PctRespBest_": "0.0",
                "_Gain_": "0.65425897464732",
                "_CumLift_": "1.65425897464732",
                "_Event_": "1",
                "_TargetName_": "Maintenance_flag",
                "_PctResp_": "0.41608876560332",
                "_GainBest_": "0.66666666666666",
                "_CumLiftBest_": "1.66666666666666",
                "_Lift_": "0.01874273718933",
                "_CumPctResp_": "36.7245492371705",
                "_NEventsBest_": "0.0",
                "_CumPctRespBest_": "37.0",
                "_Value_": "0.0",
                "_NEvents_": "0.52011095700416",
                "_LiftBest_": "0.0",
                "_PartInd_": "2",
                "_Resp_": "0.09371368594669"
            },
            "rowNumber": 34
        },
        {
            "dataMap": {
                "_NObs_": "125.0",
                "_Depth_": "65.0",
                "_CumRespBest_": "100.0",
                "_formattedPartition_": "           2",
                "_column_": "predict",
                "_RespBest_": "0.0",
                "_DataRole_": "TEST",
                "_CumResp_": "99.3492521647861",
                "_PctRespBest_": "0.0",
                "_Gain_": "0.5284500333044",
                "_CumLift_": "1.5284500333044",
                "_Event_": "1",
                "_TargetName_": "Maintenance_flag",
                "_PctResp_": "0.41608876560332",
                "_GainBest_": "0.53846153846153",
                "_CumLiftBest_": "1.53846153846153",
                "_Lift_": "0.01874273718933",
                "_CumPctResp_": "33.9315907393577",
                "_NEventsBest_": "0.0",
                "_CumPctRespBest_": "34.1538461538461",
                "_Value_": "0.0",
                "_NEvents_": "0.52011095700416",
                "_LiftBest_": "0.0",
                "_PartInd_": "2",
                "_Resp_": "0.09371368594669"
            },
            "rowNumber": 35
        },
        {
            "dataMap": {
                "_NObs_": "125.0",
                "_Depth_": "70.0",
                "_CumRespBest_": "100.0",
                "_formattedPartition_": "           2",
                "_column_": "predict",
                "_RespBest_": "0.0",
                "_DataRole_": "TEST",
                "_CumResp_": "99.4429658507328",
                "_PctRespBest_": "0.0",
                "_Gain_": "0.42061379786761",
                "_CumLift_": "1.42061379786761",
                "_Event_": "1",
                "_TargetName_": "Maintenance_flag",
                "_PctResp_": "0.41608876560332",
                "_GainBest_": "0.42857142857142",
                "_CumLiftBest_": "1.42857142857142",
                "_Lift_": "0.01874273718933",
                "_CumPctResp_": "31.5376263126609",
                "_NEventsBest_": "0.0",
                "_CumPctRespBest_": "31.7142857142857",
                "_Value_": "0.0",
                "_NEvents_": "0.52011095700416",
                "_LiftBest_": "0.0",
                "_PartInd_": "2",
                "_Resp_": "0.09371368594669"
            },
            "rowNumber": 36
        },
        {
            "dataMap": {
                "_NObs_": "125.0",
                "_Depth_": "75.0",
                "_CumRespBest_": "100.0",
                "_formattedPartition_": "           2",
                "_column_": "predict",
                "_RespBest_": "0.0",
                "_DataRole_": "TEST",
                "_CumResp_": "99.5366795366795",
                "_PctRespBest_": "0.0",
                "_Gain_": "0.32715572715572",
                "_CumLift_": "1.32715572715572",
                "_Event_": "1",
                "_TargetName_": "Maintenance_flag",
                "_PctResp_": "0.41608876560332",
                "_GainBest_": "0.33333333333333",
                "_CumLiftBest_": "1.33333333333333",
                "_Lift_": "0.01874273718933",
                "_CumPctResp_": "29.4628571428571",
                "_NEventsBest_": "0.0",
                "_CumPctRespBest_": "29.6",
                "_Value_": "0.0",
                "_NEvents_": "0.52011095700416",
                "_LiftBest_": "0.0",
                "_PartInd_": "2",
                "_Resp_": "0.09371368594669"
            },
            "rowNumber": 37
        },
        {
            "dataMap": {
                "_NObs_": "125.0",
                "_Depth_": "80.0",
                "_CumRespBest_": "100.0",
                "_formattedPartition_": "           2",
                "_column_": "predict",
                "_RespBest_": "0.0",
                "_DataRole_": "TEST",
                "_CumResp_": "99.6303932226262",
                "_PctRespBest_": "0.0",
                "_Gain_": "0.24537991528282",
                "_CumLift_": "1.24537991528282",
                "_Event_": "1",
                "_TargetName_": "Maintenance_flag",
                "_PctResp_": "0.41608876560332",
                "_GainBest_": "0.25",
                "_CumLiftBest_": "1.25",
                "_Lift_": "0.01874273718933",
                "_CumPctResp_": "27.6474341192787",
                "_NEventsBest_": "0.0",
                "_CumPctRespBest_": "27.75",
                "_Value_": "0.0",
                "_NEvents_": "0.52011095700416",
                "_LiftBest_": "0.0",
                "_PartInd_": "2",
                "_Resp_": "0.09371368594669"
            },
            "rowNumber": 38
        },
        {
            "dataMap": {
                "_NObs_": "125.0",
                "_Depth_": "85.0",
                "_CumRespBest_": "100.0",
                "_formattedPartition_": "           2",
                "_column_": "predict",
                "_RespBest_": "0.0",
                "_DataRole_": "TEST",
                "_CumResp_": "99.7241069085729",
                "_PctRespBest_": "0.0",
                "_Gain_": "0.17322478715968",
                "_CumLift_": "1.17322478715968",
                "_Event_": "1",
                "_TargetName_": "Maintenance_flag",
                "_PctResp_": "0.41608876560332",
                "_GainBest_": "0.17647058823529",
                "_CumLiftBest_": "1.17647058823529",
                "_Lift_": "0.01874273718933",
                "_CumPctResp_": "26.0455902749449",
                "_NEventsBest_": "0.0",
                "_CumPctRespBest_": "26.1176470588235",
                "_Value_": "0.0",
                "_NEvents_": "0.52011095700416",
                "_LiftBest_": "0.0",
                "_PartInd_": "2",
                "_Resp_": "0.09371368594669"
            },
            "rowNumber": 39
        },
        {
            "dataMap": {
                "_NObs_": "125.0",
                "_Depth_": "90.0",
                "_CumRespBest_": "100.0",
                "_formattedPartition_": "           2",
                "_column_": "predict",
                "_RespBest_": "0.0",
                "_DataRole_": "TEST",
                "_CumResp_": "99.8178205945196",
                "_PctRespBest_": "0.0",
                "_Gain_": "0.10908689549466",
                "_CumLift_": "1.10908689549466",
                "_Event_": "1",
                "_TargetName_": "Maintenance_flag",
                "_PctResp_": "0.41608876560332",
                "_GainBest_": "0.11111111111111",
                "_CumLiftBest_": "1.11111111111111",
                "_Lift_": "0.01874273718933",
                "_CumPctResp_": "24.6217290799815",
                "_NEventsBest_": "0.0",
                "_CumPctRespBest_": "24.6666666666666",
                "_Value_": "0.0",
                "_NEvents_": "0.52011095700416",
                "_LiftBest_": "0.0",
                "_PartInd_": "2",
                "_Resp_": "0.09371368594669"
            },
            "rowNumber": 40
        },
        {
            "dataMap": {
                "_NObs_": "125.0",
                "_Depth_": "95.0",
                "_CumRespBest_": "100.0",
                "_formattedPartition_": "           2",
                "_column_": "predict",
                "_RespBest_": "0.0",
                "_DataRole_": "TEST",
                "_CumResp_": "99.9115342804663",
                "_PctRespBest_": "0.0",
                "_Gain_": "0.05170036084701",
                "_CumLift_": "1.05170036084701",
                "_Event_": "1",
                "_TargetName_": "Maintenance_flag",
                "_PctResp_": "0.41608876560332",
                "_GainBest_": "0.05263157894736",
                "_CumLiftBest_": "1.05263157894736",
                "_Lift_": "0.01874273718933",
                "_CumPctResp_": "23.3477480108036",
                "_NEventsBest_": "0.0",
                "_CumPctRespBest_": "23.3684210526315",
                "_Value_": "0.0",
                "_NEvents_": "0.52011095700416",
                "_LiftBest_": "0.0",
                "_PartInd_": "2",
                "_Resp_": "0.09371368594669"
            },
            "rowNumber": 41
        },
        {
            "dataMap": {
                "_NObs_": "118.0",
                "_Depth_": "100.0",
                "_CumRespBest_": "100.0",
                "_formattedPartition_": "           2",
                "_column_": "predict",
                "_RespBest_": "0.0",
                "_DataRole_": "TEST",
                "_CumResp_": "100.0",
                "_PctRespBest_": "0.0",
                "_Gain_": "-6.6613381477509e-16",
                "_CumLift_": "1.0",
                "_Event_": "1",
                "_TargetName_": "Maintenance_flag",
                "_PctResp_": "0.41608876560332",
                "_GainBest_": "0.0",
                "_CumLiftBest_": "1.0",
                "_Lift_": "0.01769314390673",
                "_CumPctResp_": "22.2623345367027",
                "_NEventsBest_": "0.0",
                "_CumPctRespBest_": "22.2623345367027",
                "_Value_": "0.0",
                "_NEvents_": "0.49098474341192",
                "_LiftBest_": "0.0",
                "_PartInd_": "2",
                "_Resp_": "0.08846571953368"
            },
            "rowNumber": 42
        }
    ],
    "version": 1,
    "xInteger": false,
    "yInteger": false
}