[
    {
        "name": "Speed_sensor",
        "length": 8,
        "type": "decimal",
        "level": "interval"
    },
    {
        "name": "Vibration",
        "length": 8,
        "type": "decimal",
        "level": "interval"
    },
    {
        "name": "Engine_Load",
        "length": 8,
        "type": "decimal",
        "level": "interval"
    },
    {
        "name": "Coolant_Temp",
        "length": 8,
        "type": "decimal",
        "level": "interval"
    },
    {
        "name": "Intake_Pressure",
        "length": 8,
        "type": "decimal",
        "level": "interval"
    },
    {
        "name": "Engine_RPM",
        "length": 8,
        "type": "decimal",
        "level": "interval"
    },
    {
        "name": "Speed_OBD",
        "length": 8,
        "type": "decimal",
        "level": "interval"
    },
    {
        "name": "Intake_Air",
        "length": 8,
        "type": "decimal",
        "level": "interval"
    },
    {
        "name": "Flow_Rate",
        "length": 8,
        "type": "decimal",
        "level": "interval"
    },
    {
        "name": "Throttle_Pos",
        "length": 8,
        "type": "decimal",
        "level": "interval"
    },
    {
        "name": "Voltage",
        "length": 8,
        "type": "decimal",
        "level": "interval"
    },
    {
        "name": "Ambient",
        "length": 8,
        "type": "decimal",
        "level": "interval"
    },
    {
        "name": "Accel",
        "length": 8,
        "type": "decimal",
        "level": "interval"
    },
    {
        "name": "Engine_Oil_Temp",
        "length": 8,
        "type": "decimal",
        "level": "interval"
    },
    {
        "name": "Speed_GPS",
        "length": 8,
        "type": "decimal",
        "level": "interval"
    },
    {
        "name": "GPS_Longitude",
        "length": 8,
        "type": "decimal",
        "level": "interval"
    },
    {
        "name": "GPS_Latitude",
        "length": 8,
        "type": "decimal",
        "level": "interval"
    },
    {
        "name": "GPS_Bearing",
        "length": 8,
        "type": "decimal",
        "level": "interval"
    },
    {
        "name": "GPS_Altitude",
        "length": 8,
        "type": "decimal",
        "level": "interval"
    },
    {
        "name": "Turbo_Boost",
        "length": 8,
        "type": "decimal",
        "level": "interval"
    },
    {
        "name": "Trip_Distance",
        "length": 8,
        "type": "decimal",
        "level": "interval"
    },
    {
        "name": "Litres_Per_km",
        "length": 8,
        "type": "decimal",
        "level": "interval"
    },
    {
        "name": "Accel_Ssor_Total",
        "length": 8,
        "type": "decimal",
        "level": "interval"
    },
    {
        "name": "CO2",
        "length": 8,
        "type": "decimal",
        "level": "interval"
    },
    {
        "name": "Trip_Time",
        "length": 8,
        "type": "decimal",
        "level": "interval"
    },
    {
        "name": "CO_emission",
        "length": 8,
        "type": "decimal",
        "level": "interval"
    },
    {
        "name": "HC_emission",
        "length": 8,
        "type": "decimal",
        "level": "interval"
    },
    {
        "name": "PM_emission",
        "length": 8,
        "type": "decimal",
        "level": "interval"
    },
    {
        "name": "NOx_emission",
        "length": 8,
        "type": "decimal",
        "level": "interval"
    },
    {
        "name": "CO2_emission",
        "length": 8,
        "type": "decimal",
        "level": "interval"
    },
    {
        "name": "Fuel_level",
        "length": 8,
        "type": "decimal",
        "level": "interval"
    },
    {
        "name": "Oil_life",
        "length": 8,
        "type": "decimal",
        "level": "interval"
    },
    {
        "name": "Vibration_alert",
        "length": 8,
        "type": "decimal",
        "level": "interval"
    },
    {
        "name": "VibrationAlert_Total",
        "length": 8,
        "type": "decimal",
        "level": "interval"
    },
    {
        "name": "Vibration_Recent",
        "length": 8,
        "type": "decimal",
        "level": "interval"
    },
    {
        "name": "Turbo_alert",
        "length": 8,
        "type": "decimal",
        "level": "interval"
    },
    {
        "name": "Emission_alert",
        "length": 8,
        "type": "decimal",
        "level": "interval"
    },
    {
        "name": "Fog_control",
        "length": 8,
        "type": "decimal",
        "level": "interval"
    },
    {
        "name": "Engine_control",
        "length": 8,
        "type": "decimal",
        "level": "interval"
    }
]