{
    "creationTimeStamp": null,
    "modifiedTimeStamp": null,
    "createdBy": null,
    "modifiedBy": null,
    "id": null,
    "name": "dmcas_roc",
    "description": null,
    "revision": 0,
    "order": 0,
    "type": null,
    "parameterMap": {
        "_DataRole_": {
            "parameter": "_DataRole_",
            "type": "char",
            "label": "Data Role",
            "length": 10,
            "order": 1,
            "values": [
                "_DataRole_"
            ],
            "preformatted": false
        },
        "_PartInd_": {
            "parameter": "_PartInd_",
            "type": "num",
            "label": "Partition Indicator",
            "length": 8,
            "order": 2,
            "values": [
                "_PartInd_"
            ],
            "preformatted": false
        },
        "_PartInd__f": {
            "parameter": "_PartInd__f",
            "type": "char",
            "label": "Formatted Partition",
            "length": 12,
            "order": 3,
            "values": [
                "_PartInd__f"
            ],
            "preformatted": false
        },
        "_Column_": {
            "parameter": "_Column_",
            "type": "num",
            "label": "Analysis Variable",
            "length": 32,
            "order": 4,
            "values": [
                "_Column_"
            ],
            "preformatted": false
        },
        "_Event_": {
            "parameter": "_Event_",
            "type": "char",
            "label": "Event",
            "length": 8,
            "order": 5,
            "values": [
                "_Event_"
            ],
            "preformatted": false
        },
        "_Cutoff_": {
            "parameter": "_Cutoff_",
            "type": "num",
            "label": "Cutoff",
            "length": 8,
            "order": 6,
            "values": [
                "_Cutoff_"
            ],
            "preformatted": false
        },
        "_Sensitivity_": {
            "parameter": "_Sensitivity_",
            "type": "num",
            "label": "Sensitivity",
            "length": 8,
            "order": 7,
            "values": [
                "_Sensitivity_"
            ],
            "preformatted": false
        },
        "_Specificity_": {
            "parameter": "_Specificity_",
            "type": "num",
            "label": "Specificity",
            "length": 8,
            "order": 8,
            "values": [
                "_Specificity_"
            ],
            "preformatted": false
        },
        "_FPR_": {
            "parameter": "_FPR_",
            "type": "num",
            "label": "False Positive Rate",
            "length": 8,
            "order": 9,
            "values": [
                "_FPR_"
            ],
            "preformatted": false
        },
        "_OneMinusSpecificity_": {
            "parameter": "_OneMinusSpecificity_",
            "type": "num",
            "label": "1 - Specificity",
            "length": 8,
            "order": 10,
            "values": [
                "_OneMinusSpecificity_"
            ],
            "preformatted": false
        }
    },
    "data": [
        {
            "dataMap": {
                "_DataRole_": "VALIDATE",
                "_PartInd_": "0",
                "_PartInd__f": "           0",
                "_Column_": "P_Maintenance_flag1",
                "_Event_": 1,
                "_Cutoff_": 1.0,
                "_Sensitivity_": 0.0,
                "_Specificity_": 1.0,
                "_FPR_": 0.0,
                "_OneMinusSpecificity_": 0.0
            },
            "rowNumber": 1,
            "header": null
        },
        {
            "dataMap": {
                "_DataRole_": "VALIDATE",
                "_PartInd_": "0",
                "_PartInd__f": "           0",
                "_Column_": "P_Maintenance_flag1",
                "_Event_": 1,
                "_Cutoff_": 1.0,
                "_Sensitivity_": 0.5891891891891892,
                "_Specificity_": 0.8797729618163055,
                "_FPR_": 0.12022703818369453,
                "_OneMinusSpecificity_": 0.12022703818369453
            },
            "rowNumber": 2,
            "header": null
        },
        {
            "dataMap": {
                "_DataRole_": "VALIDATE",
                "_PartInd_": "0",
                "_PartInd__f": "           0",
                "_Column_": "P_Maintenance_flag1",
                "_Event_": 1,
                "_Cutoff_": 0.0,
                "_Sensitivity_": 1.0,
                "_Specificity_": 0.0,
                "_FPR_": 1.0,
                "_OneMinusSpecificity_": 1.0
            },
            "rowNumber": 3,
            "header": null
        }
    ],
    "version": 1,
    "xInteger": false,
    "yInteger": false
}