{
    "name": "dmcas_lift",
    "revision": 0,
    "order": 0,
    "parameterMap": {
        "_NObs_": {
            "parameter": "_NObs_",
            "type": "num",
            "label": "Sum of Frequencies",
            "length": 8,
            "order": 9,
            "values": [
                "_NObs_"
            ],
            "preformatted": false
        },
        "_Depth_": {
            "parameter": "_Depth_",
            "type": "num",
            "label": "Depth",
            "length": 8,
            "order": 7,
            "values": [
                "_Depth_"
            ],
            "preformatted": false
        },
        "_CumRespBest_": {
            "parameter": "_CumRespBest_",
            "type": "num",
            "label": "Best Cumulative Captured Response Percentage",
            "length": 8,
            "order": 17,
            "values": [
                "_CumRespBest_"
            ],
            "preformatted": false
        },
        "_formattedPartition_": {
            "parameter": "_formattedPartition_",
            "type": "char",
            "label": "Formatted Partition",
            "length": 12,
            "order": 4,
            "values": [
                "_formattedPartition_"
            ],
            "preformatted": false
        },
        "_Column_": {
            "parameter": "_Column_",
            "type": "char",
            "label": "Analysis Variable",
            "length": 8,
            "order": 5,
            "values": [
                "_Column_"
            ],
            "preformatted": false
        },
        "_RespBest_": {
            "parameter": "_RespBest_",
            "type": "num",
            "label": "Best Captured Response Percentage",
            "length": 8,
            "order": 13,
            "values": [
                "_RespBest_"
            ],
            "preformatted": false
        },
        "_DataRole_": {
            "parameter": "_DataRole_",
            "type": "char",
            "label": "Data Role",
            "length": 10,
            "order": 2,
            "values": [
                "_DataRole_"
            ],
            "preformatted": false
        },
        "_CumResp_": {
            "parameter": "_CumResp_",
            "type": "num",
            "label": "Cumulative Captured Response Percentage",
            "length": 8,
            "order": 16,
            "values": [
                "_CumResp_"
            ],
            "preformatted": false
        },
        "_PctRespBest_": {
            "parameter": "_PctRespBest_",
            "type": "num",
            "label": "Best Response Percentage",
            "length": 8,
            "order": 21,
            "values": [
                "_PctRespBest_"
            ],
            "preformatted": false
        },
        "_Gain_": {
            "parameter": "_Gain_",
            "type": "num",
            "label": "Gain",
            "length": 8,
            "order": 24,
            "values": [
                "_Gain_"
            ],
            "preformatted": false
        },
        "_CumLift_": {
            "parameter": "_CumLift_",
            "type": "num",
            "label": "Cumulative Lift",
            "length": 8,
            "order": 18,
            "values": [
                "_CumLift_"
            ],
            "preformatted": false
        },
        "_Event_": {
            "parameter": "_Event_",
            "type": "char",
            "label": "Event",
            "length": 12,
            "order": 6,
            "values": [
                "_Event_"
            ],
            "preformatted": false
        },
        "_TargetName_": {
            "parameter": "_TargetName_",
            "type": "char",
            "label": "Target Name",
            "length": 6,
            "order": 1,
            "values": [
                "_TargetName_"
            ],
            "preformatted": false
        },
        "_PctResp_": {
            "parameter": "_PctResp_",
            "type": "num",
            "label": "Response Percentage",
            "length": 8,
            "order": 20,
            "values": [
                "_PctResp_"
            ],
            "preformatted": false
        },
        "_GainBest_": {
            "parameter": "_GainBest_",
            "type": "num",
            "label": "Best Gain",
            "length": 8,
            "order": 25,
            "values": [
                "_GainBest_"
            ],
            "preformatted": false
        },
        "_CumLiftBest_": {
            "parameter": "_CumLiftBest_",
            "type": "num",
            "label": "Best Cumulative Lift",
            "length": 8,
            "order": 19,
            "values": [
                "_CumLiftBest_"
            ],
            "preformatted": false
        },
        "_Lift_": {
            "parameter": "_Lift_",
            "type": "num",
            "label": "Lift",
            "length": 8,
            "order": 14,
            "values": [
                "_Lift_"
            ],
            "preformatted": false
        },
        "_CumPctResp_": {
            "parameter": "_CumPctResp_",
            "type": "num",
            "label": "Cumulative Response Percentage",
            "length": 8,
            "order": 22,
            "values": [
                "_CumPctResp_"
            ],
            "preformatted": false
        },
        "_NEventsBest_": {
            "parameter": "_NEventsBest_",
            "type": "num",
            "label": "Best Number of Events",
            "length": 8,
            "order": 11,
            "values": [
                "_NEventsBest_"
            ],
            "preformatted": false
        },
        "_CumPctRespBest_": {
            "parameter": "_CumPctRespBest_",
            "type": "num",
            "label": "Best Cumulative Response Percentage",
            "length": 8,
            "order": 23,
            "values": [
                "_CumPctRespBest_"
            ],
            "preformatted": false
        },
        "_Value_": {
            "parameter": "_Value_",
            "type": "num",
            "label": "Value",
            "length": 8,
            "order": 8,
            "values": [
                "_Value_"
            ],
            "preformatted": false
        },
        "_NEvents_": {
            "parameter": "_NEvents_",
            "type": "num",
            "label": "Number of Events",
            "length": 8,
            "order": 10,
            "values": [
                "_NEvents_"
            ],
            "preformatted": false
        },
        "_LiftBest_": {
            "parameter": "_LiftBest_",
            "type": "num",
            "label": "Best Lift",
            "length": 8,
            "order": 15,
            "values": [
                "_LiftBest_"
            ],
            "preformatted": false
        },
        "_PartInd_": {
            "parameter": "_PartInd_",
            "type": "num",
            "label": "Partition Indicator",
            "length": 8,
            "order": 3,
            "values": [
                "_PartInd_"
            ],
            "preformatted": false
        },
        "_Resp_": {
            "parameter": "_Resp_",
            "type": "num",
            "label": "Captured Response Percentage",
            "length": 8,
            "order": 12,
            "values": [
                "_Resp_"
            ],
            "preformatted": false
        }
    },
    "data": [
        {
            "dataMap": {
                "_NObs_": "0",
                "_Depth_": "0",
                "_CumRespBest_": "0",
                "_formattedPartition_": "           2",
                "_column_": "predict",
                "_RespBest_": "0",
                "_DataRole_": "TEST",
                "_CumResp_": "0",
                "_Event_": "1",
                "_TargetName_": "Maintenance_flag",
                "_NEventsBest_": "0",
                "_Value_": "0",
                "_NEvents_": "0",
                "_PartInd_": "2",
                "_Resp_": "0"
            },
            "rowNumber": 1
        },
        {
            "dataMap": {
                "_NObs_": "125.0",
                "_Depth_": "5.0",
                "_CumRespBest_": "22.5225225225225",
                "_formattedPartition_": "           2",
                "_column_": "predict",
                "_RespBest_": "22.5225225225225",
                "_DataRole_": "TEST",
                "_CumResp_": "13.1288924392372",
                "_PctRespBest_": "100.0",
                "_Gain_": "1.62577848784745",
                "_CumLift_": "2.62577848784745",
                "_Event_": "1",
                "_TargetName_": "Maintenance_flag",
                "_PctResp_": "58.2922824302134",
                "_GainBest_": "3.5045045045045",
                "_CumLiftBest_": "4.5045045045045",
                "_Lift_": "2.62577848784745",
                "_CumPctResp_": "58.2922824302134",
                "_NEventsBest_": "125.0",
                "_CumPctRespBest_": "100.0",
                "_Value_": "1.0",
                "_NEvents_": "72.8653530377668",
                "_LiftBest_": "4.5045045045045",
                "_PartInd_": "2",
                "_Resp_": "13.1288924392372"
            },
            "rowNumber": 2
        },
        {
            "dataMap": {
                "_NObs_": "125.0",
                "_Depth_": "10.0",
                "_CumRespBest_": "45.045045045045",
                "_formattedPartition_": "           2",
                "_column_": "predict",
                "_RespBest_": "22.5225225225225",
                "_DataRole_": "TEST",
                "_CumResp_": "26.2577848784745",
                "_PctRespBest_": "100.0",
                "_Gain_": "1.62577848784745",
                "_CumLift_": "2.62577848784745",
                "_Event_": "1",
                "_TargetName_": "Maintenance_flag",
                "_PctResp_": "58.2922824302134",
                "_GainBest_": "3.5045045045045",
                "_CumLiftBest_": "4.5045045045045",
                "_Lift_": "2.62577848784745",
                "_CumPctResp_": "58.2922824302134",
                "_NEventsBest_": "125.0",
                "_CumPctRespBest_": "100.0",
                "_Value_": "1.0",
                "_NEvents_": "72.8653530377668",
                "_LiftBest_": "4.5045045045045",
                "_PartInd_": "2",
                "_Resp_": "13.1288924392372"
            },
            "rowNumber": 3
        },
        {
            "dataMap": {
                "_NObs_": "125.0",
                "_Depth_": "15.0",
                "_CumRespBest_": "67.5675675675675",
                "_formattedPartition_": "           2",
                "_column_": "predict",
                "_RespBest_": "22.5225225225225",
                "_DataRole_": "TEST",
                "_CumResp_": "39.3866773177118",
                "_PctRespBest_": "100.0",
                "_Gain_": "1.62577848784745",
                "_CumLift_": "2.62577848784745",
                "_Event_": "1",
                "_TargetName_": "Maintenance_flag",
                "_PctResp_": "58.2922824302134",
                "_GainBest_": "3.5045045045045",
                "_CumLiftBest_": "4.5045045045045",
                "_Lift_": "2.62577848784745",
                "_CumPctResp_": "58.2922824302134",
                "_NEventsBest_": "125.0",
                "_CumPctRespBest_": "100.0",
                "_Value_": "1.0",
                "_NEvents_": "72.8653530377668",
                "_LiftBest_": "4.5045045045045",
                "_PartInd_": "2",
                "_Resp_": "13.1288924392372"
            },
            "rowNumber": 4
        },
        {
            "dataMap": {
                "_NObs_": "125.0",
                "_Depth_": "20.0",
                "_CumRespBest_": "90.0900900900901",
                "_formattedPartition_": "           2",
                "_column_": "predict",
                "_RespBest_": "22.5225225225225",
                "_DataRole_": "TEST",
                "_CumResp_": "52.515569756949",
                "_PctRespBest_": "100.0",
                "_Gain_": "1.62577848784745",
                "_CumLift_": "2.62577848784745",
                "_Event_": "1",
                "_TargetName_": "Maintenance_flag",
                "_PctResp_": "58.2922824302134",
                "_GainBest_": "3.5045045045045",
                "_CumLiftBest_": "4.5045045045045",
                "_Lift_": "2.62577848784745",
                "_CumPctResp_": "58.2922824302134",
                "_NEventsBest_": "125.0",
                "_CumPctRespBest_": "100.0",
                "_Value_": "1.0",
                "_NEvents_": "72.8653530377668",
                "_LiftBest_": "4.5045045045045",
                "_PartInd_": "2",
                "_Resp_": "13.1288924392372"
            },
            "rowNumber": 5
        },
        {
            "dataMap": {
                "_NObs_": "125.0",
                "_Depth_": "25.0",
                "_CumRespBest_": "100.0",
                "_formattedPartition_": "           2",
                "_column_": "predict",
                "_RespBest_": "9.90990990990991",
                "_DataRole_": "TEST",
                "_CumResp_": "64.270002486563",
                "_PctRespBest_": "44.0",
                "_Gain_": "1.57080009946252",
                "_CumLift_": "2.57080009946252",
                "_Event_": "1",
                "_TargetName_": "Maintenance_flag",
                "_PctResp_": "52.1896813194858",
                "_GainBest_": "3.0",
                "_CumLiftBest_": "4.0",
                "_Lift_": "2.35088654592278",
                "_CumPctResp_": "57.0717622080679",
                "_NEventsBest_": "55.0",
                "_CumPctRespBest_": "88.8",
                "_Value_": "0.0",
                "_NEvents_": "65.2371016493573",
                "_LiftBest_": "1.98198198198198",
                "_PartInd_": "2",
                "_Resp_": "11.7544327296139"
            },
            "rowNumber": 6
        },
        {
            "dataMap": {
                "_NObs_": "125.0",
                "_Depth_": "30.0",
                "_CumRespBest_": "100.0",
                "_formattedPartition_": "           2",
                "_column_": "predict",
                "_RespBest_": "0.0",
                "_DataRole_": "TEST",
                "_CumResp_": "66.6609284443679",
                "_PctRespBest_": "0.0",
                "_Gain_": "1.22203094814559",
                "_CumLift_": "2.22203094814559",
                "_Event_": "1",
                "_TargetName_": "Maintenance_flag",
                "_PctResp_": "10.6157112526539",
                "_GainBest_": "2.33333333333333",
                "_CumLiftBest_": "3.33333333333333",
                "_Lift_": "0.47818519156098",
                "_CumPctResp_": "49.3290870488322",
                "_NEventsBest_": "0.0",
                "_CumPctRespBest_": "74.0",
                "_Value_": "0.0",
                "_NEvents_": "13.2696390658174",
                "_LiftBest_": "0.0",
                "_PartInd_": "2",
                "_Resp_": "2.39092595780493"
            },
            "rowNumber": 7
        },
        {
            "dataMap": {
                "_NObs_": "125.0",
                "_Depth_": "35.0",
                "_CumRespBest_": "100.0",
                "_formattedPartition_": "           2",
                "_column_": "predict",
                "_RespBest_": "0.0",
                "_DataRole_": "TEST",
                "_CumResp_": "69.0518544021728",
                "_PctRespBest_": "0.0",
                "_Gain_": "0.97291012577636",
                "_CumLift_": "1.97291012577636",
                "_Event_": "1",
                "_TargetName_": "Maintenance_flag",
                "_PctResp_": "10.6157112526539",
                "_GainBest_": "1.85714285714285",
                "_CumLiftBest_": "2.85714285714285",
                "_Lift_": "0.47818519156098",
                "_CumPctResp_": "43.7986047922353",
                "_NEventsBest_": "0.0",
                "_CumPctRespBest_": "63.4285714285714",
                "_Value_": "0.0",
                "_NEvents_": "13.2696390658174",
                "_LiftBest_": "0.0",
                "_PartInd_": "2",
                "_Resp_": "2.39092595780493"
            },
            "rowNumber": 8
        },
        {
            "dataMap": {
                "_NObs_": "125.0",
                "_Depth_": "40.0",
                "_CumRespBest_": "100.0",
                "_formattedPartition_": "           2",
                "_column_": "predict",
                "_RespBest_": "0.0",
                "_DataRole_": "TEST",
                "_CumResp_": "71.4427803599778",
                "_PctRespBest_": "0.0",
                "_Gain_": "0.78606950899944",
                "_CumLift_": "1.78606950899944",
                "_Event_": "1",
                "_TargetName_": "Maintenance_flag",
                "_PctResp_": "10.6157112526539",
                "_GainBest_": "1.5",
                "_CumLiftBest_": "2.5",
                "_Lift_": "0.47818519156098",
                "_CumPctResp_": "39.6507430997876",
                "_NEventsBest_": "0.0",
                "_CumPctRespBest_": "55.5",
                "_Value_": "0.0",
                "_NEvents_": "13.2696390658174",
                "_LiftBest_": "0.0",
                "_PartInd_": "2",
                "_Resp_": "2.39092595780493"
            },
            "rowNumber": 9
        },
        {
            "dataMap": {
                "_NObs_": "125.0",
                "_Depth_": "45.0",
                "_CumRespBest_": "100.0",
                "_formattedPartition_": "           2",
                "_column_": "predict",
                "_RespBest_": "0.0",
                "_DataRole_": "TEST",
                "_CumResp_": "73.8337063177827",
                "_PctRespBest_": "0.0",
                "_Gain_": "0.64074902928406",
                "_CumLift_": "1.64074902928406",
                "_Event_": "1",
                "_TargetName_": "Maintenance_flag",
                "_PctResp_": "10.6157112526539",
                "_GainBest_": "1.22222222222222",
                "_CumLiftBest_": "2.22222222222222",
                "_Lift_": "0.47818519156098",
                "_CumPctResp_": "36.4246284501061",
                "_NEventsBest_": "0.0",
                "_CumPctRespBest_": "49.3333333333333",
                "_Value_": "0.0",
                "_NEvents_": "13.2696390658174",
                "_LiftBest_": "0.0",
                "_PartInd_": "2",
                "_Resp_": "2.39092595780493"
            },
            "rowNumber": 10
        },
        {
            "dataMap": {
                "_NObs_": "125.0",
                "_Depth_": "50.0",
                "_CumRespBest_": "100.0",
                "_formattedPartition_": "           2",
                "_column_": "predict",
                "_RespBest_": "0.0",
                "_DataRole_": "TEST",
                "_CumResp_": "76.2246322755877",
                "_PctRespBest_": "0.0",
                "_Gain_": "0.52449264551175",
                "_CumLift_": "1.52449264551175",
                "_Event_": "1",
                "_TargetName_": "Maintenance_flag",
                "_PctResp_": "10.6157112526539",
                "_GainBest_": "1.0",
                "_CumLiftBest_": "2.0",
                "_Lift_": "0.47818519156098",
                "_CumPctResp_": "33.8437367303609",
                "_NEventsBest_": "0.0",
                "_CumPctRespBest_": "44.4",
                "_Value_": "0.0",
                "_NEvents_": "13.2696390658174",
                "_LiftBest_": "0.0",
                "_PartInd_": "2",
                "_Resp_": "2.39092595780493"
            },
            "rowNumber": 11
        },
        {
            "dataMap": {
                "_NObs_": "125.0",
                "_Depth_": "55.0",
                "_CumRespBest_": "100.0",
                "_formattedPartition_": "           2",
                "_column_": "predict",
                "_RespBest_": "0.0",
                "_DataRole_": "TEST",
                "_CumResp_": "78.6155582333926",
                "_PctRespBest_": "0.0",
                "_Gain_": "0.42937378606168",
                "_CumLift_": "1.42937378606168",
                "_Event_": "1",
                "_TargetName_": "Maintenance_flag",
                "_PctResp_": "10.6157112526539",
                "_GainBest_": "0.81818181818181",
                "_CumLiftBest_": "1.81818181818181",
                "_Lift_": "0.47818519156098",
                "_CumPctResp_": "31.7320980505693",
                "_NEventsBest_": "0.0",
                "_CumPctRespBest_": "40.3636363636363",
                "_Value_": "0.0",
                "_NEvents_": "13.2696390658174",
                "_LiftBest_": "0.0",
                "_PartInd_": "2",
                "_Resp_": "2.39092595780493"
            },
            "rowNumber": 12
        },
        {
            "dataMap": {
                "_NObs_": "125.0",
                "_Depth_": "60.0",
                "_CumRespBest_": "100.0",
                "_formattedPartition_": "           2",
                "_column_": "predict",
                "_RespBest_": "0.0",
                "_DataRole_": "TEST",
                "_CumResp_": "81.0064841911975",
                "_PctRespBest_": "0.0",
                "_Gain_": "0.35010806985329",
                "_CumLift_": "1.35010806985329",
                "_Event_": "1",
                "_TargetName_": "Maintenance_flag",
                "_PctResp_": "10.6157112526539",
                "_GainBest_": "0.66666666666666",
                "_CumLiftBest_": "1.66666666666666",
                "_Lift_": "0.47818519156098",
                "_CumPctResp_": "29.972399150743",
                "_NEventsBest_": "0.0",
                "_CumPctRespBest_": "37.0",
                "_Value_": "0.0",
                "_NEvents_": "13.2696390658174",
                "_LiftBest_": "0.0",
                "_PartInd_": "2",
                "_Resp_": "2.39092595780493"
            },
            "rowNumber": 13
        },
        {
            "dataMap": {
                "_NObs_": "125.0",
                "_Depth_": "65.0",
                "_CumRespBest_": "100.0",
                "_formattedPartition_": "           2",
                "_column_": "predict",
                "_RespBest_": "0.0",
                "_DataRole_": "TEST",
                "_CumResp_": "83.3974101490025",
                "_PctRespBest_": "0.0",
                "_Gain_": "0.28303707921542",
                "_CumLift_": "1.28303707921542",
                "_Event_": "1",
                "_TargetName_": "Maintenance_flag",
                "_PctResp_": "10.6157112526539",
                "_GainBest_": "0.53846153846153",
                "_CumLiftBest_": "1.53846153846153",
                "_Lift_": "0.47818519156098",
                "_CumPctResp_": "28.4834231585823",
                "_NEventsBest_": "0.0",
                "_CumPctRespBest_": "34.1538461538461",
                "_Value_": "0.0",
                "_NEvents_": "13.2696390658174",
                "_LiftBest_": "0.0",
                "_PartInd_": "2",
                "_Resp_": "2.39092595780493"
            },
            "rowNumber": 14
        },
        {
            "dataMap": {
                "_NObs_": "125.0",
                "_Depth_": "70.0",
                "_CumRespBest_": "100.0",
                "_formattedPartition_": "           2",
                "_column_": "predict",
                "_RespBest_": "0.0",
                "_DataRole_": "TEST",
                "_CumResp_": "85.7883361068074",
                "_PctRespBest_": "0.0",
                "_Gain_": "0.22554765866867",
                "_CumLift_": "1.22554765866867",
                "_Event_": "1",
                "_TargetName_": "Maintenance_flag",
                "_PctResp_": "10.6157112526539",
                "_GainBest_": "0.42857142857142",
                "_CumLiftBest_": "1.42857142857142",
                "_Lift_": "0.47818519156098",
                "_CumPctResp_": "27.2071580224446",
                "_NEventsBest_": "0.0",
                "_CumPctRespBest_": "31.7142857142857",
                "_Value_": "0.0",
                "_NEvents_": "13.2696390658174",
                "_LiftBest_": "0.0",
                "_PartInd_": "2",
                "_Resp_": "2.39092595780493"
            },
            "rowNumber": 15
        },
        {
            "dataMap": {
                "_NObs_": "125.0",
                "_Depth_": "75.0",
                "_CumRespBest_": "100.0",
                "_formattedPartition_": "           2",
                "_column_": "predict",
                "_RespBest_": "0.0",
                "_DataRole_": "TEST",
                "_CumResp_": "88.1792620646124",
                "_PctRespBest_": "0.0",
                "_Gain_": "0.17572349419483",
                "_CumLift_": "1.17572349419483",
                "_Event_": "1",
                "_TargetName_": "Maintenance_flag",
                "_PctResp_": "10.6157112526539",
                "_GainBest_": "0.33333333333333",
                "_CumLiftBest_": "1.33333333333333",
                "_Lift_": "0.47818519156098",
                "_CumPctResp_": "26.1010615711252",
                "_NEventsBest_": "0.0",
                "_CumPctRespBest_": "29.6",
                "_Value_": "0.0",
                "_NEvents_": "13.2696390658174",
                "_LiftBest_": "0.0",
                "_PartInd_": "2",
                "_Resp_": "2.39092595780493"
            },
            "rowNumber": 16
        },
        {
            "dataMap": {
                "_NObs_": "125.0",
                "_Depth_": "80.0",
                "_CumRespBest_": "100.0",
                "_formattedPartition_": "           2",
                "_column_": "predict",
                "_RespBest_": "0.0",
                "_DataRole_": "TEST",
                "_CumResp_": "90.5701880224173",
                "_PctRespBest_": "0.0",
                "_Gain_": "0.13212735028021",
                "_CumLift_": "1.13212735028021",
                "_Event_": "1",
                "_TargetName_": "Maintenance_flag",
                "_PctResp_": "10.6157112526539",
                "_GainBest_": "0.25",
                "_CumLiftBest_": "1.25",
                "_Lift_": "0.47818519156098",
                "_CumPctResp_": "25.1332271762208",
                "_NEventsBest_": "0.0",
                "_CumPctRespBest_": "27.75",
                "_Value_": "0.0",
                "_NEvents_": "13.2696390658174",
                "_LiftBest_": "0.0",
                "_PartInd_": "2",
                "_Resp_": "2.39092595780493"
            },
            "rowNumber": 17
        },
        {
            "dataMap": {
                "_NObs_": "125.0",
                "_Depth_": "85.0",
                "_CumRespBest_": "100.0",
                "_formattedPartition_": "           2",
                "_column_": "predict",
                "_RespBest_": "0.0",
                "_DataRole_": "TEST",
                "_CumResp_": "92.9611139802222",
                "_PctRespBest_": "0.0",
                "_Gain_": "0.0936601644732",
                "_CumLift_": "1.0936601644732",
                "_Event_": "1",
                "_TargetName_": "Maintenance_flag",
                "_PctResp_": "10.6157112526539",
                "_GainBest_": "0.17647058823529",
                "_CumLiftBest_": "1.17647058823529",
                "_Lift_": "0.47818519156098",
                "_CumPctResp_": "24.2792556513051",
                "_NEventsBest_": "0.0",
                "_CumPctRespBest_": "26.1176470588235",
                "_Value_": "0.0",
                "_NEvents_": "13.2696390658174",
                "_LiftBest_": "0.0",
                "_PartInd_": "2",
                "_Resp_": "2.39092595780493"
            },
            "rowNumber": 18
        },
        {
            "dataMap": {
                "_NObs_": "125.0",
                "_Depth_": "90.0",
                "_CumRespBest_": "100.0",
                "_formattedPartition_": "           2",
                "_column_": "predict",
                "_RespBest_": "0.0",
                "_DataRole_": "TEST",
                "_CumResp_": "95.3520399380272",
                "_PctRespBest_": "0.0",
                "_Gain_": "0.05946711042252",
                "_CumLift_": "1.05946711042252",
                "_Event_": "1",
                "_TargetName_": "Maintenance_flag",
                "_PctResp_": "10.6157112526539",
                "_GainBest_": "0.11111111111111",
                "_CumLiftBest_": "1.11111111111111",
                "_Lift_": "0.47818519156098",
                "_CumPctResp_": "23.52016985138",
                "_NEventsBest_": "0.0",
                "_CumPctRespBest_": "24.6666666666666",
                "_Value_": "0.0",
                "_NEvents_": "13.2696390658174",
                "_LiftBest_": "0.0",
                "_PartInd_": "2",
                "_Resp_": "2.39092595780493"
            },
            "rowNumber": 19
        },
        {
            "dataMap": {
                "_NObs_": "125.0",
                "_Depth_": "95.0",
                "_CumRespBest_": "100.0",
                "_formattedPartition_": "           2",
                "_column_": "predict",
                "_RespBest_": "0.0",
                "_DataRole_": "TEST",
                "_CumResp_": "97.7429658958321",
                "_PctRespBest_": "0.0",
                "_Gain_": "0.02887332521928",
                "_CumLift_": "1.02887332521928",
                "_Event_": "1",
                "_TargetName_": "Maintenance_flag",
                "_PctResp_": "10.6157112526539",
                "_GainBest_": "0.05263157894736",
                "_CumLiftBest_": "1.05263157894736",
                "_Lift_": "0.47818519156098",
                "_CumPctResp_": "22.8409878198681",
                "_NEventsBest_": "0.0",
                "_CumPctRespBest_": "23.3684210526315",
                "_Value_": "0.0",
                "_NEvents_": "13.2696390658174",
                "_LiftBest_": "0.0",
                "_PartInd_": "2",
                "_Resp_": "2.39092595780493"
            },
            "rowNumber": 20
        },
        {
            "dataMap": {
                "_NObs_": "118.0",
                "_Depth_": "100.0",
                "_CumRespBest_": "100.0",
                "_formattedPartition_": "           2",
                "_column_": "predict",
                "_RespBest_": "0.0",
                "_DataRole_": "TEST",
                "_CumResp_": "100.0",
                "_PctRespBest_": "0.0",
                "_Gain_": "-6.6613381477509e-16",
                "_CumLift_": "1.0",
                "_Event_": "1",
                "_TargetName_": "Maintenance_flag",
                "_PctResp_": "10.6157112526539",
                "_GainBest_": "0.0",
                "_CumLiftBest_": "1.0",
                "_Lift_": "0.45140682083357",
                "_CumPctResp_": "22.2623345367027",
                "_NEventsBest_": "0.0",
                "_CumPctRespBest_": "22.2623345367027",
                "_Value_": "0.0",
                "_NEvents_": "12.5265392781316",
                "_LiftBest_": "0.0",
                "_PartInd_": "2",
                "_Resp_": "2.25703410416786"
            },
            "rowNumber": 21
        }
    ],
    "version": 1,
    "xInteger": false,
    "yInteger": false
}