{
    "name": "DecisionTreeClassifier",
    "description": " : Maintenance_flag = Speed_sensor + Vibration + Engine_Load + Coolant_Temp + Intake_Pressure + Engine_RPM + Speed_OBD + Intake_Air + Flow_Rate + Throttle_Pos + Voltage + Ambient + Accel + Engine_Oil_Temp + Speed_GPS + GPS_Longitude + GPS_Latitude + GPS_Bearing + GPS_Altitude + Turbo_Boost + Trip_Distance + Litres_Per_km + Accel_Ssor_Total + CO2 + Trip_Time + CO_emission + HC_emission + PM_emission + NOx_emission + CO2_emission + Fuel_level + Oil_life + Vibration_alert + VibrationAlert_Total + Vibration_Recent + Turbo_alert + Emission_alert + Fog_control + Engine_control",
    "function": "classification",
    "scoreCodeType": "python",
    "trainTable": " ",
    "trainCodeType": "Python",
    "algorithm": "",
    "targetVariable": "Maintenance_flag",
    "targetEvent": 1,
    "targetLevel": "BINARY",
    "eventProbVar": "EM_EVENTPROBABILITY",
    "modeler": "sasdemo",
    "tool": "Python 3",
    "toolVersion": "3.8.3"
}