{
    "creationTimeStamp": "0001-01-01T00:00:00Z",
    "modifiedTimeStamp": "0001-01-01T00:00:00Z",
    "revision": 0,
    "name": "groupMetrics",
    "version": 0,
    "order": 0,
    "parameterMap": {
        "LEVEL": {
            "label": "Variable Level",
            "length": 100,
            "order": 4,
            "parameter": "LEVEL",
            "preformatted": false,
            "type": "char",
            "values": [
                "LEVEL"
            ]
        },
        "Predicted_Composite_Score": {
            "label": "Predicted_Composite_Score",
            "length": 8,
            "order": 13,
            "parameter": "Predicted_Composite_Score",
            "preformatted": false,
            "type": "num",
            "values": [
                "Predicted_Composite_Score"
            ]
        },
        "VLABEL": {
            "label": "Variable Label",
            "length": 256,
            "order": 2,
            "parameter": "VLABEL",
            "preformatted": false,
            "type": "char",
            "values": [
                "VLABEL"
            ]
        },
        "_DATAROLE_": {
            "label": "Data Role",
            "length": 8,
            "order": 3,
            "parameter": "_DATAROLE_",
            "preformatted": false,
            "type": "char",
            "values": [
                "_DATAROLE_"
            ]
        },
        "_VARIABLE_": {
            "label": "Variable",
            "length": 255,
            "order": 1,
            "parameter": "_VARIABLE_",
            "preformatted": false,
            "type": "char",
            "values": [
                "_VARIABLE_"
            ]
        },
        "_ase_": {
            "label": "Average Squared Error",
            "length": 8,
            "order": 6,
            "parameter": "_ase_",
            "preformatted": false,
            "type": "num",
            "values": [
                "_ase_"
            ]
        },
        "_avgyhat_": {
            "label": "Average Prediction for Target Variable",
            "length": 8,
            "order": 12,
            "parameter": "_avgyhat_",
            "preformatted": false,
            "type": "num",
            "values": [
                "_avgyhat_"
            ]
        },
        "_mae_": {
            "label": "Mean Absolute Error",
            "length": 8,
            "order": 8,
            "parameter": "_mae_",
            "preformatted": false,
            "type": "num",
            "values": [
                "_mae_"
            ]
        },
        "_msle_": {
            "label": "Mean Squared Logarithmic Error",
            "length": 8,
            "order": 10,
            "parameter": "_msle_",
            "preformatted": false,
            "type": "num",
            "values": [
                "_msle_"
            ]
        },
        "_nobs_": {
            "label": "Number of Observations",
            "length": 8,
            "order": 5,
            "parameter": "_nobs_",
            "preformatted": false,
            "type": "num",
            "values": [
                "_nobs_"
            ]
        },
        "_rase_": {
            "label": "Root Average Squared Error",
            "length": 8,
            "order": 7,
            "parameter": "_rase_",
            "preformatted": false,
            "type": "num",
            "values": [
                "_rase_"
            ]
        },
        "_rmae_": {
            "label": "Root Mean Absolute Error",
            "length": 8,
            "order": 9,
            "parameter": "_rmae_",
            "preformatted": false,
            "type": "num",
            "values": [
                "_rmae_"
            ]
        },
        "_rmsle_": {
            "label": "Root Mean Squared Logarithmic Error",
            "length": 8,
            "order": 11,
            "parameter": "_rmsle_",
            "preformatted": false,
            "type": "num",
            "values": [
                "_rmsle_"
            ]
        }
    },
    "data": [
        {
            "dataMap": {
                "LEVEL": "group_A",
                "Predicted_Composite_Score": 174.683390355609,
                "VLABEL": "",
                "_DATAROLE_": "TEST",
                "_VARIABLE_": "Race",
                "_ase_": 5277.93406198936,
                "_avgyhat_": 174.683390355609,
                "_mae_": 68.8166096443903,
                "_msle_": 0.13546997030694,
                "_nobs_": 2.0,
                "_rase_": 72.649391339428,
                "_rmae_": 8.29557771613227,
                "_rmsle_": 0.36806245435651
            },
            "rowNumber": 1
        },
        {
            "dataMap": {
                "LEVEL": "group_B",
                "Predicted_Composite_Score": 168.052027045469,
                "VLABEL": "",
                "_DATAROLE_": "TEST",
                "_VARIABLE_": "Race",
                "_ase_": 1072.33863717772,
                "_avgyhat_": 168.052027045469,
                "_mae_": 28.8704613739253,
                "_msle_": 0.03171237296504,
                "_nobs_": 4.0,
                "_rase_": 32.746582068633,
                "_rmae_": 5.37312398646498,
                "_rmsle_": 0.17807968150535
            },
            "rowNumber": 2
        },
        {
            "dataMap": {
                "LEVEL": "group_C",
                "Predicted_Composite_Score": 178.730672896089,
                "VLABEL": "",
                "_DATAROLE_": "TEST",
                "_VARIABLE_": "Race",
                "_ase_": 440.14675130518,
                "_avgyhat_": 178.730672896089,
                "_mae_": 18.0072880416633,
                "_msle_": 0.01250764329094,
                "_nobs_": 6.0,
                "_rase_": 20.9796747187648,
                "_rmae_": 4.24349950414317,
                "_rmsle_": 0.11183757548758
            },
            "rowNumber": 3
        },
        {
            "dataMap": {
                "LEVEL": "group_D",
                "Predicted_Composite_Score": 209.679561775118,
                "VLABEL": "",
                "_DATAROLE_": "TEST",
                "_VARIABLE_": "Race",
                "_ase_": 972.344739687155,
                "_avgyhat_": 209.679561775118,
                "_mae_": 25.9089753827708,
                "_msle_": 0.02284868372157,
                "_nobs_": 11.0,
                "_rase_": 31.1824428114148,
                "_rmae_": 5.09008598972265,
                "_rmsle_": 0.15115781065355
            },
            "rowNumber": 4
        },
        {
            "dataMap": {
                "LEVEL": "group_E",
                "Predicted_Composite_Score": 208.707000267585,
                "VLABEL": "",
                "_DATAROLE_": "TEST",
                "_VARIABLE_": "Race",
                "_ase_": 777.784165763602,
                "_avgyhat_": 208.707000267585,
                "_mae_": 22.2126547125903,
                "_msle_": 0.01965713497937,
                "_nobs_": 7.0,
                "_rase_": 27.8887820774519,
                "_rmae_": 4.71303031101969,
                "_rmsle_": 0.14020390500757
            },
            "rowNumber": 5
        },
        {
            "dataMap": {
                "LEVEL": "female",
                "Predicted_Composite_Score": 212.222144385424,
                "VLABEL": "",
                "_DATAROLE_": "TEST",
                "_VARIABLE_": "Gender",
                "_ase_": 1093.5417617538,
                "_avgyhat_": 212.222144385424,
                "_mae_": 29.2299991662033,
                "_msle_": 0.02677531044547,
                "_nobs_": 12.0,
                "_rase_": 33.0687429720847,
                "_rmae_": 5.40647751925441,
                "_rmsle_": 0.16363163033311
            },
            "rowNumber": 6
        },
        {
            "dataMap": {
                "LEVEL": "male",
                "Predicted_Composite_Score": 184.150965280219,
                "VLABEL": "",
                "_DATAROLE_": "TEST",
                "_VARIABLE_": "Gender",
                "_ase_": 1139.10462979883,
                "_avgyhat_": 184.150965280219,
                "_mae_": 25.0492286243685,
                "_msle_": 0.03002594625927,
                "_nobs_": 18.0,
                "_rase_": 33.7506241393967,
                "_rmae_": 5.00492044136253,
                "_rmsle_": 0.1732799649679
            },
            "rowNumber": 7
        }
    ],
    "xInteger": false,
    "yInteger": false
}