{
    "creationTimeStamp": "0001-01-01T00:00:00Z",
    "modifiedTimeStamp": "0001-01-01T00:00:00Z",
    "revision": 0,
    "name": "maxDifferences",
    "version": 0,
    "order": 0,
    "parameterMap": {
        "BASE": {
            "label": "Base Level",
            "length": 100,
            "order": 4,
            "parameter": "BASE",
            "preformatted": false,
            "type": "char",
            "values": [
                "BASE"
            ]
        },
        "COMPARE": {
            "label": "Comparison Level",
            "length": 100,
            "order": 5,
            "parameter": "COMPARE",
            "preformatted": false,
            "type": "char",
            "values": [
                "COMPARE"
            ]
        },
        "Metric": {
            "label": "Metric",
            "length": 9,
            "order": 6,
            "parameter": "Metric",
            "preformatted": false,
            "type": "char",
            "values": [
                "Metric"
            ]
        },
        "MetricLabel": {
            "label": "Metric Label",
            "length": 35,
            "order": 7,
            "parameter": "MetricLabel",
            "preformatted": false,
            "type": "char",
            "values": [
                "MetricLabel"
            ]
        },
        "VLABEL": {
            "label": "Variable Label",
            "length": 256,
            "order": 2,
            "parameter": "VLABEL",
            "preformatted": false,
            "type": "char",
            "values": [
                "VLABEL"
            ]
        },
        "_DATAROLE_": {
            "label": "Data Role",
            "length": 8,
            "order": 3,
            "parameter": "_DATAROLE_",
            "preformatted": false,
            "type": "char",
            "values": [
                "_DATAROLE_"
            ]
        },
        "_VARIABLE_": {
            "label": "Variable",
            "length": 255,
            "order": 1,
            "parameter": "_VARIABLE_",
            "preformatted": false,
            "type": "char",
            "values": [
                "_VARIABLE_"
            ]
        },
        "maxdiff": {
            "label": "Maximum Metric Difference",
            "length": 8,
            "order": 8,
            "parameter": "maxdiff",
            "preformatted": false,
            "type": "num",
            "values": [
                "maxdiff"
            ]
        }
    },
    "data": [
        {
            "dataMap": {
                "BASE": "group_D",
                "COMPARE": "group_B",
                "Metric": "Predicted_Composite_Score",
                "MetricLabel": "Average Predicted: Composite_Score",
                "VLABEL": "",
                "_DATAROLE_": "TEST",
                "_VARIABLE_": "Race",
                "maxdiff": 41.627534729649
            },
            "rowNumber": 1
        },
        {
            "dataMap": {
                "BASE": "group_A",
                "COMPARE": "group_C",
                "Metric": "ASE",
                "MetricLabel": "Average Square Error",
                "VLABEL": "",
                "_DATAROLE_": "TEST",
                "_VARIABLE_": "Race",
                "maxdiff": 4837.78731068418
            },
            "rowNumber": 2
        },
        {
            "dataMap": {
                "BASE": "group_A",
                "COMPARE": "group_C",
                "Metric": "RASE",
                "MetricLabel": "Root Average Square Error",
                "VLABEL": "",
                "_DATAROLE_": "TEST",
                "_VARIABLE_": "Race",
                "maxdiff": 51.6697166206632
            },
            "rowNumber": 3
        },
        {
            "dataMap": {
                "BASE": "group_A",
                "COMPARE": "group_C",
                "Metric": "MAE",
                "MetricLabel": "Mean Absolute Error",
                "VLABEL": "",
                "_DATAROLE_": "TEST",
                "_VARIABLE_": "Race",
                "maxdiff": 50.8093216027269
            },
            "rowNumber": 4
        },
        {
            "dataMap": {
                "BASE": "group_A",
                "COMPARE": "group_C",
                "Metric": "RMAE",
                "MetricLabel": "Root Mean Absolute Error",
                "VLABEL": "",
                "_DATAROLE_": "TEST",
                "_VARIABLE_": "Race",
                "maxdiff": 4.0520782119891
            },
            "rowNumber": 5
        },
        {
            "dataMap": {
                "BASE": "group_A",
                "COMPARE": "group_C",
                "Metric": "MSLE",
                "MetricLabel": "Mean Square Logarithmic Error",
                "VLABEL": "",
                "_DATAROLE_": "TEST",
                "_VARIABLE_": "Race",
                "maxdiff": 0.122962327016
            },
            "rowNumber": 6
        },
        {
            "dataMap": {
                "BASE": "group_A",
                "COMPARE": "group_C",
                "Metric": "RMSLE",
                "MetricLabel": "Root Mean Square Logarithmic Error",
                "VLABEL": "",
                "_DATAROLE_": "TEST",
                "_VARIABLE_": "Race",
                "maxdiff": 0.25622487886893
            },
            "rowNumber": 7
        },
        {
            "dataMap": {
                "BASE": "group_D",
                "COMPARE": "group_B",
                "Metric": "PREDICTED",
                "MetricLabel": "Average Prediction",
                "VLABEL": "",
                "_DATAROLE_": "TEST",
                "_VARIABLE_": "Race",
                "maxdiff": 41.627534729649
            },
            "rowNumber": 8
        },
        {
            "dataMap": {
                "BASE": "female",
                "COMPARE": "male",
                "Metric": "Predicted_Composite_Score",
                "MetricLabel": "Average Predicted: Composite_Score",
                "VLABEL": "",
                "_DATAROLE_": "TEST",
                "_VARIABLE_": "Gender",
                "maxdiff": 28.071179105205
            },
            "rowNumber": 9
        },
        {
            "dataMap": {
                "BASE": "male",
                "COMPARE": "female",
                "Metric": "ASE",
                "MetricLabel": "Average Square Error",
                "VLABEL": "",
                "_DATAROLE_": "TEST",
                "_VARIABLE_": "Gender",
                "maxdiff": 45.5628680450299
            },
            "rowNumber": 10
        },
        {
            "dataMap": {
                "BASE": "male",
                "COMPARE": "female",
                "Metric": "RASE",
                "MetricLabel": "Root Average Square Error",
                "VLABEL": "",
                "_DATAROLE_": "TEST",
                "_VARIABLE_": "Gender",
                "maxdiff": 0.68188116731206
            },
            "rowNumber": 11
        },
        {
            "dataMap": {
                "BASE": "female",
                "COMPARE": "male",
                "Metric": "MAE",
                "MetricLabel": "Mean Absolute Error",
                "VLABEL": "",
                "_DATAROLE_": "TEST",
                "_VARIABLE_": "Gender",
                "maxdiff": 4.18077054183486
            },
            "rowNumber": 12
        },
        {
            "dataMap": {
                "BASE": "female",
                "COMPARE": "male",
                "Metric": "RMAE",
                "MetricLabel": "Root Mean Absolute Error",
                "VLABEL": "",
                "_DATAROLE_": "TEST",
                "_VARIABLE_": "Gender",
                "maxdiff": 0.40155707789188
            },
            "rowNumber": 13
        },
        {
            "dataMap": {
                "BASE": "male",
                "COMPARE": "female",
                "Metric": "MSLE",
                "MetricLabel": "Mean Square Logarithmic Error",
                "VLABEL": "",
                "_DATAROLE_": "TEST",
                "_VARIABLE_": "Gender",
                "maxdiff": 0.0032506358138
            },
            "rowNumber": 14
        },
        {
            "dataMap": {
                "BASE": "male",
                "COMPARE": "female",
                "Metric": "RMSLE",
                "MetricLabel": "Root Mean Square Logarithmic Error",
                "VLABEL": "",
                "_DATAROLE_": "TEST",
                "_VARIABLE_": "Gender",
                "maxdiff": 0.00964833463479
            },
            "rowNumber": 15
        },
        {
            "dataMap": {
                "BASE": "female",
                "COMPARE": "male",
                "Metric": "PREDICTED",
                "MetricLabel": "Average Prediction",
                "VLABEL": "",
                "_DATAROLE_": "TEST",
                "_VARIABLE_": "Gender",
                "maxdiff": 28.071179105205
            },
            "rowNumber": 16
        }
    ],
    "xInteger": false,
    "yInteger": false
}