[
  {
    "level": "interval",
    "name": "CLAGE",
    "length": 8,
    "type": "decimal"
  },
  {
    "level": "interval",
    "name": "CLNO",
    "length": 8,
    "type": "decimal"
  },
  {
    "level": "interval",
    "name": "DEBTINC",
    "length": 8,
    "type": "decimal"
  },
  {
    "level": "interval",
    "name": "DELINQ",
    "length": 8,
    "type": "decimal"
  },
  {
    "level": "interval",
    "name": "DEROG",
    "length": 8,
    "type": "decimal"
  },
  {
    "level": "interval",
    "name": "LOAN",
    "length": 8,
    "type": "decimal"
  },
  {
    "level": "interval",
    "name": "MORTDUE",
    "length": 8,
    "type": "decimal"
  },
  {
    "level": "interval",
    "name": "NINQ",
    "length": 8,
    "type": "decimal"
  },
  {
    "level": "interval",
    "name": "VALUE",
    "length": 8,
    "type": "decimal"
  },
  {
    "level": "interval",
    "name": "YOJ",
    "length": 8,
    "type": "decimal"
  }
]