{
    "custom properties": [],
    "externalUrl": "",
    "modelVersionName": "1.0",
    "trainTable": "",
    "trainCodeType": "Python",
    "description": "Description for the DecisionTreeClassifier model.",
    "tool": "Python 3",
    "toolVersion": "3.8.16",
    "targetVariable": "BAD",
    "scoreCodeType": "Python",
    "externalModelId": "",
    "createdBy": "brmdev",
    "function": "Classification",
    "eventProbVar": "P_1",
    "modeler": "sasdemo",
    "name": "DecisionTreeClassifier",
    "modifiedTimeStamp": "2023-05-17T10:30:27 EDT",
    "modifiedBy": "brmdev",
    "id": "56c64a44-ea61-4be0-badd-9eff86342968",
    "creationTimeStamp": "2023-05-17T10:30:20 EDT",
    "targetEvent": "1",
    "targetLevel": "BINARY",
    "algorithm": ""
}