{
    "creationTimeStamp": "0001-01-01T00:00:00Z",
    "modifiedTimeStamp": "0001-01-01T00:00:00Z",
    "revision": 0,
    "name": "groupMetrics",
    "version": 0,
    "order": 0,
    "parameterMap": {
        "LEVEL": {
            "label": "Variable Level",
            "length": 100,
            "order": 4,
            "parameter": "LEVEL",
            "preformatted": false,
            "type": "char",
            "values": [
                "LEVEL"
            ]
        },
        "Predicted_Composite_Score": {
            "label": "Predicted_Composite_Score",
            "length": 8,
            "order": 13,
            "parameter": "Predicted_Composite_Score",
            "preformatted": false,
            "type": "num",
            "values": [
                "Predicted_Composite_Score"
            ]
        },
        "VLABEL": {
            "label": "Variable Label",
            "length": 256,
            "order": 2,
            "parameter": "VLABEL",
            "preformatted": false,
            "type": "char",
            "values": [
                "VLABEL"
            ]
        },
        "_DATAROLE_": {
            "label": "Data Role",
            "length": 8,
            "order": 3,
            "parameter": "_DATAROLE_",
            "preformatted": false,
            "type": "char",
            "values": [
                "_DATAROLE_"
            ]
        },
        "_VARIABLE_": {
            "label": "Variable",
            "length": 255,
            "order": 1,
            "parameter": "_VARIABLE_",
            "preformatted": false,
            "type": "char",
            "values": [
                "_VARIABLE_"
            ]
        },
        "_ase_": {
            "label": "Average Squared Error",
            "length": 8,
            "order": 6,
            "parameter": "_ase_",
            "preformatted": false,
            "type": "num",
            "values": [
                "_ase_"
            ]
        },
        "_avgyhat_": {
            "label": "Average Prediction for Target Variable",
            "length": 8,
            "order": 12,
            "parameter": "_avgyhat_",
            "preformatted": false,
            "type": "num",
            "values": [
                "_avgyhat_"
            ]
        },
        "_mae_": {
            "label": "Mean Absolute Error",
            "length": 8,
            "order": 8,
            "parameter": "_mae_",
            "preformatted": false,
            "type": "num",
            "values": [
                "_mae_"
            ]
        },
        "_msle_": {
            "label": "Mean Squared Logarithmic Error",
            "length": 8,
            "order": 10,
            "parameter": "_msle_",
            "preformatted": false,
            "type": "num",
            "values": [
                "_msle_"
            ]
        },
        "_nobs_": {
            "label": "Number of Observations",
            "length": 8,
            "order": 5,
            "parameter": "_nobs_",
            "preformatted": false,
            "type": "num",
            "values": [
                "_nobs_"
            ]
        },
        "_rase_": {
            "label": "Root Average Squared Error",
            "length": 8,
            "order": 7,
            "parameter": "_rase_",
            "preformatted": false,
            "type": "num",
            "values": [
                "_rase_"
            ]
        },
        "_rmae_": {
            "label": "Root Mean Absolute Error",
            "length": 8,
            "order": 9,
            "parameter": "_rmae_",
            "preformatted": false,
            "type": "num",
            "values": [
                "_rmae_"
            ]
        },
        "_rmsle_": {
            "label": "Root Mean Squared Logarithmic Error",
            "length": 8,
            "order": 11,
            "parameter": "_rmsle_",
            "preformatted": false,
            "type": "num",
            "values": [
                "_rmsle_"
            ]
        }
    },
    "data": [
        {
            "dataMap": {
                "LEVEL": "group_A",
                "Predicted_Composite_Score": 158.079672437363,
                "VLABEL": "",
                "_DATAROLE_": "TEST",
                "_VARIABLE_": "Race",
                "_ase_": 9393.14638729151,
                "_avgyhat_": 158.079672437363,
                "_mae_": 85.4203275626364,
                "_msle_": 0.32049628757541,
                "_nobs_": 2.0,
                "_rase_": 96.9182458946276,
                "_rmae_": 9.242311808343,
                "_rmsle_": 0.56612391538903
            },
            "rowNumber": 1
        },
        {
            "dataMap": {
                "LEVEL": "group_B",
                "Predicted_Composite_Score": 163.387430605452,
                "VLABEL": "",
                "_DATAROLE_": "TEST",
                "_VARIABLE_": "Race",
                "_ase_": 814.319292805859,
                "_avgyhat_": 163.387430605452,
                "_mae_": 26.7288068211432,
                "_msle_": 0.02472918255022,
                "_nobs_": 4.0,
                "_rase_": 28.5362802902876,
                "_rmae_": 5.16999098849729,
                "_rmsle_": 0.15725515110872
            },
            "rowNumber": 2
        },
        {
            "dataMap": {
                "LEVEL": "group_C",
                "Predicted_Composite_Score": 176.98614976055,
                "VLABEL": "",
                "_DATAROLE_": "TEST",
                "_VARIABLE_": "Race",
                "_ase_": 883.633274512829,
                "_avgyhat_": 176.98614976055,
                "_mae_": 23.5537766729361,
                "_msle_": 0.02047940157427,
                "_nobs_": 6.0,
                "_rase_": 29.7259696984443,
                "_rmae_": 4.85322332815379,
                "_rmsle_": 0.14310625973128
            },
            "rowNumber": 3
        },
        {
            "dataMap": {
                "LEVEL": "group_D",
                "Predicted_Composite_Score": 216.632379695228,
                "VLABEL": "",
                "_DATAROLE_": "TEST",
                "_VARIABLE_": "Race",
                "_ase_": 701.526797135965,
                "_avgyhat_": 216.632379695228,
                "_mae_": 22.1932895064178,
                "_msle_": 0.0173180838298,
                "_nobs_": 11.0,
                "_rase_": 26.4863511480151,
                "_rmae_": 4.71097543046213,
                "_rmsle_": 0.13159819083029
            },
            "rowNumber": 4
        },
        {
            "dataMap": {
                "LEVEL": "group_E",
                "Predicted_Composite_Score": 202.32361828855,
                "VLABEL": "",
                "_DATAROLE_": "TEST",
                "_VARIABLE_": "Race",
                "_ase_": 817.648245949615,
                "_avgyhat_": 202.32361828855,
                "_mae_": 22.8880861272746,
                "_msle_": 0.02045616625994,
                "_nobs_": 7.0,
                "_rase_": 28.5945492349436,
                "_rmae_": 4.78414946748893,
                "_rmsle_": 0.14302505465807
            },
            "rowNumber": 5
        },
        {
            "dataMap": {
                "LEVEL": "female",
                "Predicted_Composite_Score": 211.716832379045,
                "VLABEL": "",
                "_DATAROLE_": "TEST",
                "_VARIABLE_": "Gender",
                "_ase_": 1054.0970722261,
                "_avgyhat_": 211.716832379045,
                "_mae_": 28.0682088684739,
                "_msle_": 0.0262699719363,
                "_nobs_": 12.0,
                "_rase_": 32.4668611391077,
                "_rmae_": 5.29794383402409,
                "_rmsle_": 0.16208014047471
            },
            "rowNumber": 6
        },
        {
            "dataMap": {
                "LEVEL": "male",
                "Predicted_Composite_Score": 182.79141566548,
                "VLABEL": "",
                "_DATAROLE_": "TEST",
                "_VARIABLE_": "Gender",
                "_ase_": 1563.14095646184,
                "_avgyhat_": 182.79141566548,
                "_mae_": 27.0334901937386,
                "_msle_": 0.04895767430606,
                "_nobs_": 18.0,
                "_rase_": 39.5365774500251,
                "_rmae_": 5.1993740194122,
                "_rmsle_": 0.22126381156002
            },
            "rowNumber": 7
        }
    ],
    "xInteger": false,
    "yInteger": false
}