{
    "creationTimeStamp": "0001-01-01T00:00:00Z",
    "modifiedTimeStamp": "0001-01-01T00:00:00Z",
    "revision": 0,
    "name": "maxDifferences",
    "version": 0,
    "order": 0,
    "parameterMap": {
        "BASE": {
            "label": "Base Level",
            "length": 100,
            "order": 4,
            "parameter": "BASE",
            "preformatted": false,
            "type": "char",
            "values": [
                "BASE"
            ]
        },
        "COMPARE": {
            "label": "Comparison Level",
            "length": 100,
            "order": 5,
            "parameter": "COMPARE",
            "preformatted": false,
            "type": "char",
            "values": [
                "COMPARE"
            ]
        },
        "Metric": {
            "label": "Metric",
            "length": 9,
            "order": 6,
            "parameter": "Metric",
            "preformatted": false,
            "type": "char",
            "values": [
                "Metric"
            ]
        },
        "MetricLabel": {
            "label": "Metric Label",
            "length": 35,
            "order": 7,
            "parameter": "MetricLabel",
            "preformatted": false,
            "type": "char",
            "values": [
                "MetricLabel"
            ]
        },
        "VLABEL": {
            "label": "Variable Label",
            "length": 256,
            "order": 2,
            "parameter": "VLABEL",
            "preformatted": false,
            "type": "char",
            "values": [
                "VLABEL"
            ]
        },
        "_DATAROLE_": {
            "label": "Data Role",
            "length": 8,
            "order": 3,
            "parameter": "_DATAROLE_",
            "preformatted": false,
            "type": "char",
            "values": [
                "_DATAROLE_"
            ]
        },
        "_VARIABLE_": {
            "label": "Variable",
            "length": 255,
            "order": 1,
            "parameter": "_VARIABLE_",
            "preformatted": false,
            "type": "char",
            "values": [
                "_VARIABLE_"
            ]
        },
        "maxdiff": {
            "label": "Maximum Metric Difference",
            "length": 8,
            "order": 8,
            "parameter": "maxdiff",
            "preformatted": false,
            "type": "num",
            "values": [
                "maxdiff"
            ]
        }
    },
    "data": [
        {
            "dataMap": {
                "BASE": "group_D",
                "COMPARE": "group_A",
                "Metric": "Predicted_Composite_Score",
                "MetricLabel": "Average Predicted: Composite_Score",
                "VLABEL": "",
                "_DATAROLE_": "TEST",
                "_VARIABLE_": "Race",
                "maxdiff": 58.5527072578645
            },
            "rowNumber": 1
        },
        {
            "dataMap": {
                "BASE": "group_A",
                "COMPARE": "group_D",
                "Metric": "ASE",
                "MetricLabel": "Average Square Error",
                "VLABEL": "",
                "_DATAROLE_": "TEST",
                "_VARIABLE_": "Race",
                "maxdiff": 8691.61959015554
            },
            "rowNumber": 2
        },
        {
            "dataMap": {
                "BASE": "group_A",
                "COMPARE": "group_D",
                "Metric": "RASE",
                "MetricLabel": "Root Average Square Error",
                "VLABEL": "",
                "_DATAROLE_": "TEST",
                "_VARIABLE_": "Race",
                "maxdiff": 70.4318947466124
            },
            "rowNumber": 3
        },
        {
            "dataMap": {
                "BASE": "group_A",
                "COMPARE": "group_D",
                "Metric": "MAE",
                "MetricLabel": "Mean Absolute Error",
                "VLABEL": "",
                "_DATAROLE_": "TEST",
                "_VARIABLE_": "Race",
                "maxdiff": 63.2270380562185
            },
            "rowNumber": 4
        },
        {
            "dataMap": {
                "BASE": "group_A",
                "COMPARE": "group_D",
                "Metric": "RMAE",
                "MetricLabel": "Root Mean Absolute Error",
                "VLABEL": "",
                "_DATAROLE_": "TEST",
                "_VARIABLE_": "Race",
                "maxdiff": 4.53133637788086
            },
            "rowNumber": 5
        },
        {
            "dataMap": {
                "BASE": "group_A",
                "COMPARE": "group_D",
                "Metric": "MSLE",
                "MetricLabel": "Mean Square Logarithmic Error",
                "VLABEL": "",
                "_DATAROLE_": "TEST",
                "_VARIABLE_": "Race",
                "maxdiff": 0.3031782037456
            },
            "rowNumber": 6
        },
        {
            "dataMap": {
                "BASE": "group_A",
                "COMPARE": "group_D",
                "Metric": "RMSLE",
                "MetricLabel": "Root Mean Square Logarithmic Error",
                "VLABEL": "",
                "_DATAROLE_": "TEST",
                "_VARIABLE_": "Race",
                "maxdiff": 0.43452572455873
            },
            "rowNumber": 7
        },
        {
            "dataMap": {
                "BASE": "group_D",
                "COMPARE": "group_A",
                "Metric": "PREDICTED",
                "MetricLabel": "Average Prediction",
                "VLABEL": "",
                "_DATAROLE_": "TEST",
                "_VARIABLE_": "Race",
                "maxdiff": 58.5527072578645
            },
            "rowNumber": 8
        },
        {
            "dataMap": {
                "BASE": "female",
                "COMPARE": "male",
                "Metric": "Predicted_Composite_Score",
                "MetricLabel": "Average Predicted: Composite_Score",
                "VLABEL": "",
                "_DATAROLE_": "TEST",
                "_VARIABLE_": "Gender",
                "maxdiff": 28.9254167135642
            },
            "rowNumber": 9
        },
        {
            "dataMap": {
                "BASE": "male",
                "COMPARE": "female",
                "Metric": "ASE",
                "MetricLabel": "Average Square Error",
                "VLABEL": "",
                "_DATAROLE_": "TEST",
                "_VARIABLE_": "Gender",
                "maxdiff": 509.043884235737
            },
            "rowNumber": 10
        },
        {
            "dataMap": {
                "BASE": "male",
                "COMPARE": "female",
                "Metric": "RASE",
                "MetricLabel": "Root Average Square Error",
                "VLABEL": "",
                "_DATAROLE_": "TEST",
                "_VARIABLE_": "Gender",
                "maxdiff": 7.06971631091747
            },
            "rowNumber": 11
        },
        {
            "dataMap": {
                "BASE": "female",
                "COMPARE": "male",
                "Metric": "MAE",
                "MetricLabel": "Mean Absolute Error",
                "VLABEL": "",
                "_DATAROLE_": "TEST",
                "_VARIABLE_": "Gender",
                "maxdiff": 1.03471867473534
            },
            "rowNumber": 12
        },
        {
            "dataMap": {
                "BASE": "female",
                "COMPARE": "male",
                "Metric": "RMAE",
                "MetricLabel": "Root Mean Absolute Error",
                "VLABEL": "",
                "_DATAROLE_": "TEST",
                "_VARIABLE_": "Gender",
                "maxdiff": 0.09856981461189
            },
            "rowNumber": 13
        },
        {
            "dataMap": {
                "BASE": "male",
                "COMPARE": "female",
                "Metric": "MSLE",
                "MetricLabel": "Mean Square Logarithmic Error",
                "VLABEL": "",
                "_DATAROLE_": "TEST",
                "_VARIABLE_": "Gender",
                "maxdiff": 0.02268770236976
            },
            "rowNumber": 14
        },
        {
            "dataMap": {
                "BASE": "male",
                "COMPARE": "female",
                "Metric": "RMSLE",
                "MetricLabel": "Root Mean Square Logarithmic Error",
                "VLABEL": "",
                "_DATAROLE_": "TEST",
                "_VARIABLE_": "Gender",
                "maxdiff": 0.05918367108531
            },
            "rowNumber": 15
        },
        {
            "dataMap": {
                "BASE": "female",
                "COMPARE": "male",
                "Metric": "PREDICTED",
                "MetricLabel": "Average Prediction",
                "VLABEL": "",
                "_DATAROLE_": "TEST",
                "_VARIABLE_": "Gender",
                "maxdiff": 28.9254167135642
            },
            "rowNumber": 16
        }
    ],
    "xInteger": false,
    "yInteger": false
}