{
    "name": "dmcas_lift",
    "revision": 0,
    "order": 0,
    "parameterMap": {
        "_NObs_": {
            "parameter": "_NObs_",
            "type": "num",
            "label": "Sum of Frequencies",
            "length": 8,
            "order": 9,
            "values": [
                "_NObs_"
            ],
            "preformatted": false
        },
        "_Depth_": {
            "parameter": "_Depth_",
            "type": "num",
            "label": "Depth",
            "length": 8,
            "order": 7,
            "values": [
                "_Depth_"
            ],
            "preformatted": false
        },
        "_CumRespBest_": {
            "parameter": "_CumRespBest_",
            "type": "num",
            "label": "Best Cumulative Captured Response Percentage",
            "length": 8,
            "order": 17,
            "values": [
                "_CumRespBest_"
            ],
            "preformatted": false
        },
        "_formattedPartition_": {
            "parameter": "_formattedPartition_",
            "type": "char",
            "label": "Formatted Partition",
            "length": 12,
            "order": 4,
            "values": [
                "_formattedPartition_"
            ],
            "preformatted": false
        },
        "_Column_": {
            "parameter": "_Column_",
            "type": "char",
            "label": "Analysis Variable",
            "length": 8,
            "order": 5,
            "values": [
                "_Column_"
            ],
            "preformatted": false
        },
        "_RespBest_": {
            "parameter": "_RespBest_",
            "type": "num",
            "label": "Best Captured Response Percentage",
            "length": 8,
            "order": 13,
            "values": [
                "_RespBest_"
            ],
            "preformatted": false
        },
        "_DataRole_": {
            "parameter": "_DataRole_",
            "type": "char",
            "label": "Data Role",
            "length": 10,
            "order": 2,
            "values": [
                "_DataRole_"
            ],
            "preformatted": false
        },
        "_CumResp_": {
            "parameter": "_CumResp_",
            "type": "num",
            "label": "Cumulative Captured Response Percentage",
            "length": 8,
            "order": 16,
            "values": [
                "_CumResp_"
            ],
            "preformatted": false
        },
        "_PctRespBest_": {
            "parameter": "_PctRespBest_",
            "type": "num",
            "label": "Best Response Percentage",
            "length": 8,
            "order": 21,
            "values": [
                "_PctRespBest_"
            ],
            "preformatted": false
        },
        "_Gain_": {
            "parameter": "_Gain_",
            "type": "num",
            "label": "Gain",
            "length": 8,
            "order": 24,
            "values": [
                "_Gain_"
            ],
            "preformatted": false
        },
        "_CumLift_": {
            "parameter": "_CumLift_",
            "type": "num",
            "label": "Cumulative Lift",
            "length": 8,
            "order": 18,
            "values": [
                "_CumLift_"
            ],
            "preformatted": false
        },
        "_Event_": {
            "parameter": "_Event_",
            "type": "char",
            "label": "Event",
            "length": 12,
            "order": 6,
            "values": [
                "_Event_"
            ],
            "preformatted": false
        },
        "_TargetName_": {
            "parameter": "_TargetName_",
            "type": "char",
            "label": "Target Name",
            "length": 6,
            "order": 1,
            "values": [
                "_TargetName_"
            ],
            "preformatted": false
        },
        "_PctResp_": {
            "parameter": "_PctResp_",
            "type": "num",
            "label": "Response Percentage",
            "length": 8,
            "order": 20,
            "values": [
                "_PctResp_"
            ],
            "preformatted": false
        },
        "_GainBest_": {
            "parameter": "_GainBest_",
            "type": "num",
            "label": "Best Gain",
            "length": 8,
            "order": 25,
            "values": [
                "_GainBest_"
            ],
            "preformatted": false
        },
        "_CumLiftBest_": {
            "parameter": "_CumLiftBest_",
            "type": "num",
            "label": "Best Cumulative Lift",
            "length": 8,
            "order": 19,
            "values": [
                "_CumLiftBest_"
            ],
            "preformatted": false
        },
        "_Lift_": {
            "parameter": "_Lift_",
            "type": "num",
            "label": "Lift",
            "length": 8,
            "order": 14,
            "values": [
                "_Lift_"
            ],
            "preformatted": false
        },
        "_CumPctResp_": {
            "parameter": "_CumPctResp_",
            "type": "num",
            "label": "Cumulative Response Percentage",
            "length": 8,
            "order": 22,
            "values": [
                "_CumPctResp_"
            ],
            "preformatted": false
        },
        "_NEventsBest_": {
            "parameter": "_NEventsBest_",
            "type": "num",
            "label": "Best Number of Events",
            "length": 8,
            "order": 11,
            "values": [
                "_NEventsBest_"
            ],
            "preformatted": false
        },
        "_CumPctRespBest_": {
            "parameter": "_CumPctRespBest_",
            "type": "num",
            "label": "Best Cumulative Response Percentage",
            "length": 8,
            "order": 23,
            "values": [
                "_CumPctRespBest_"
            ],
            "preformatted": false
        },
        "_Value_": {
            "parameter": "_Value_",
            "type": "num",
            "label": "Value",
            "length": 8,
            "order": 8,
            "values": [
                "_Value_"
            ],
            "preformatted": false
        },
        "_NEvents_": {
            "parameter": "_NEvents_",
            "type": "num",
            "label": "Number of Events",
            "length": 8,
            "order": 10,
            "values": [
                "_NEvents_"
            ],
            "preformatted": false
        },
        "_LiftBest_": {
            "parameter": "_LiftBest_",
            "type": "num",
            "label": "Best Lift",
            "length": 8,
            "order": 15,
            "values": [
                "_LiftBest_"
            ],
            "preformatted": false
        },
        "_PartInd_": {
            "parameter": "_PartInd_",
            "type": "num",
            "label": "Partition Indicator",
            "length": 8,
            "order": 3,
            "values": [
                "_PartInd_"
            ],
            "preformatted": false
        },
        "_Resp_": {
            "parameter": "_Resp_",
            "type": "num",
            "label": "Captured Response Percentage",
            "length": 8,
            "order": 12,
            "values": [
                "_Resp_"
            ],
            "preformatted": false
        }
    },
    "data": [
        {
            "dataMap": {
                "_NObs_": "0",
                "_Depth_": "0",
                "_CumRespBest_": "0",
                "_formattedPartition_": "           1",
                "_column_": "predict",
                "_RespBest_": "0",
                "_DataRole_": "TRAIN",
                "_CumResp_": "0",
                "_Event_": "1",
                "_TargetName_": "BAD",
                "_NEventsBest_": "0",
                "_Value_": "0",
                "_NEvents_": "0",
                "_PartInd_": "1",
                "_Resp_": "0"
            },
            "rowNumber": 1
        },
        {
            "dataMap": {
                "_NObs_": "209.0",
                "_Depth_": "5.0",
                "_CumRespBest_": "24.8218527315914",
                "_formattedPartition_": "           1",
                "_column_": "predict",
                "_RespBest_": "24.8218527315914",
                "_DataRole_": "TRAIN",
                "_CumResp_": "24.8218527315914",
                "_PctRespBest_": "100.0",
                "_Gain_": "3.96437054631829",
                "_CumLift_": "4.96437054631829",
                "_Event_": "1",
                "_TargetName_": "BAD",
                "_PctResp_": "100.0",
                "_GainBest_": "3.96437054631829",
                "_CumLiftBest_": "4.96437054631829",
                "_Lift_": "4.96437054631829",
                "_CumPctResp_": "100.0",
                "_NEventsBest_": "209.0",
                "_CumPctRespBest_": "100.0",
                "_Value_": "0.93",
                "_NEvents_": "209.0",
                "_LiftBest_": "4.96437054631829",
                "_PartInd_": "1",
                "_Resp_": "24.8218527315914"
            },
            "rowNumber": 2
        },
        {
            "dataMap": {
                "_NObs_": "209.0",
                "_Depth_": "10.0",
                "_CumRespBest_": "49.6437054631829",
                "_formattedPartition_": "           1",
                "_column_": "predict",
                "_RespBest_": "24.8218527315914",
                "_DataRole_": "TRAIN",
                "_CumResp_": "49.6437054631829",
                "_PctRespBest_": "100.0",
                "_Gain_": "3.96437054631829",
                "_CumLift_": "4.96437054631829",
                "_Event_": "1",
                "_TargetName_": "BAD",
                "_PctResp_": "100.0",
                "_GainBest_": "3.96437054631829",
                "_CumLiftBest_": "4.96437054631829",
                "_Lift_": "4.96437054631829",
                "_CumPctResp_": "100.0",
                "_NEventsBest_": "209.0",
                "_CumPctRespBest_": "100.0",
                "_Value_": "0.88",
                "_NEvents_": "209.0",
                "_LiftBest_": "4.96437054631829",
                "_PartInd_": "1",
                "_Resp_": "24.8218527315914"
            },
            "rowNumber": 3
        },
        {
            "dataMap": {
                "_NObs_": "209.0",
                "_Depth_": "15.0",
                "_CumRespBest_": "74.4655581947743",
                "_formattedPartition_": "           1",
                "_column_": "predict",
                "_RespBest_": "24.8218527315914",
                "_DataRole_": "TRAIN",
                "_CumResp_": "74.4655581947743",
                "_PctRespBest_": "100.0",
                "_Gain_": "3.96437054631829",
                "_CumLift_": "4.96437054631828",
                "_Event_": "1",
                "_TargetName_": "BAD",
                "_PctResp_": "100.0",
                "_GainBest_": "3.96437054631829",
                "_CumLiftBest_": "4.96437054631828",
                "_Lift_": "4.96437054631829",
                "_CumPctResp_": "100.0",
                "_NEventsBest_": "209.0",
                "_CumPctRespBest_": "100.0",
                "_Value_": "0.79",
                "_NEvents_": "209.0",
                "_LiftBest_": "4.96437054631829",
                "_PartInd_": "1",
                "_Resp_": "24.8218527315914"
            },
            "rowNumber": 4
        },
        {
            "dataMap": {
                "_NObs_": "209.0",
                "_Depth_": "20.0",
                "_CumRespBest_": "99.2874109263658",
                "_formattedPartition_": "           1",
                "_column_": "predict",
                "_RespBest_": "24.8218527315914",
                "_DataRole_": "TRAIN",
                "_CumResp_": "99.2874109263658",
                "_PctRespBest_": "100.0",
                "_Gain_": "3.96437054631829",
                "_CumLift_": "4.96437054631829",
                "_Event_": "1",
                "_TargetName_": "BAD",
                "_PctResp_": "100.0",
                "_GainBest_": "3.96437054631829",
                "_CumLiftBest_": "4.96437054631829",
                "_Lift_": "4.96437054631829",
                "_CumPctResp_": "100.0",
                "_NEventsBest_": "209.0",
                "_CumPctRespBest_": "100.0",
                "_Value_": "0.585",
                "_NEvents_": "209.0",
                "_LiftBest_": "4.96437054631829",
                "_PartInd_": "1",
                "_Resp_": "24.8218527315914"
            },
            "rowNumber": 5
        },
        {
            "dataMap": {
                "_NObs_": "209.0",
                "_Depth_": "25.0",
                "_CumRespBest_": "100.0",
                "_formattedPartition_": "           1",
                "_column_": "predict",
                "_RespBest_": "0.7125890736342",
                "_DataRole_": "TRAIN",
                "_CumResp_": "100.0",
                "_PctRespBest_": "2.87081339712918",
                "_Gain_": "3.0",
                "_CumLift_": "4.0",
                "_Event_": "1",
                "_TargetName_": "BAD",
                "_PctResp_": "2.87081339712918",
                "_GainBest_": "3.0",
                "_CumLiftBest_": "4.0",
                "_Lift_": "0.14251781472684",
                "_CumPctResp_": "80.5741626794258",
                "_NEventsBest_": "6.0",
                "_CumPctRespBest_": "80.5741626794258",
                "_Value_": "0.14",
                "_NEvents_": "6.0",
                "_LiftBest_": "0.14251781472684",
                "_PartInd_": "1",
                "_Resp_": "0.7125890736342"
            },
            "rowNumber": 6
        },
        {
            "dataMap": {
                "_NObs_": "209.0",
                "_Depth_": "30.0",
                "_CumRespBest_": "100.0",
                "_formattedPartition_": "           1",
                "_column_": "predict",
                "_RespBest_": "0.0",
                "_DataRole_": "TRAIN",
                "_CumResp_": "100.0",
                "_PctRespBest_": "0.0",
                "_Gain_": "2.33333333333333",
                "_CumLift_": "3.33333333333333",
                "_Event_": "1",
                "_TargetName_": "BAD",
                "_PctResp_": "0.0",
                "_GainBest_": "2.33333333333333",
                "_CumLiftBest_": "3.33333333333333",
                "_Lift_": "0.0",
                "_CumPctResp_": "67.1451355661882",
                "_NEventsBest_": "0.0",
                "_CumPctRespBest_": "67.1451355661882",
                "_Value_": "0.07",
                "_NEvents_": "0.0",
                "_LiftBest_": "0.0",
                "_PartInd_": "1",
                "_Resp_": "0.0"
            },
            "rowNumber": 7
        },
        {
            "dataMap": {
                "_NObs_": "209.0",
                "_Depth_": "35.0",
                "_CumRespBest_": "100.0",
                "_formattedPartition_": "           1",
                "_column_": "predict",
                "_RespBest_": "0.0",
                "_DataRole_": "TRAIN",
                "_CumResp_": "100.0",
                "_PctRespBest_": "0.0",
                "_Gain_": "1.85714285714285",
                "_CumLift_": "2.85714285714285",
                "_Event_": "1",
                "_TargetName_": "BAD",
                "_PctResp_": "0.0",
                "_GainBest_": "1.85714285714285",
                "_CumLiftBest_": "2.85714285714285",
                "_Lift_": "0.0",
                "_CumPctResp_": "57.552973342447",
                "_NEventsBest_": "0.0",
                "_CumPctRespBest_": "57.552973342447",
                "_Value_": "0.05",
                "_NEvents_": "0.0",
                "_LiftBest_": "0.0",
                "_PartInd_": "1",
                "_Resp_": "0.0"
            },
            "rowNumber": 8
        },
        {
            "dataMap": {
                "_NObs_": "209.0",
                "_Depth_": "40.0",
                "_CumRespBest_": "100.0",
                "_formattedPartition_": "           1",
                "_column_": "predict",
                "_RespBest_": "0.0",
                "_DataRole_": "TRAIN",
                "_CumResp_": "100.0",
                "_PctRespBest_": "0.0",
                "_Gain_": "1.49999999999999",
                "_CumLift_": "2.5",
                "_Event_": "1",
                "_TargetName_": "BAD",
                "_PctResp_": "0.0",
                "_GainBest_": "1.49999999999999",
                "_CumLiftBest_": "2.5",
                "_Lift_": "0.0",
                "_CumPctResp_": "50.3588516746411",
                "_NEventsBest_": "0.0",
                "_CumPctRespBest_": "50.3588516746411",
                "_Value_": "0.03",
                "_NEvents_": "0.0",
                "_LiftBest_": "0.0",
                "_PartInd_": "1",
                "_Resp_": "0.0"
            },
            "rowNumber": 9
        },
        {
            "dataMap": {
                "_NObs_": "209.0",
                "_Depth_": "45.0",
                "_CumRespBest_": "100.0",
                "_formattedPartition_": "           1",
                "_column_": "predict",
                "_RespBest_": "0.0",
                "_DataRole_": "TRAIN",
                "_CumResp_": "100.0",
                "_PctRespBest_": "0.0",
                "_Gain_": "1.22222222222222",
                "_CumLift_": "2.22222222222222",
                "_Event_": "1",
                "_TargetName_": "BAD",
                "_PctResp_": "0.0",
                "_GainBest_": "1.22222222222222",
                "_CumLiftBest_": "2.22222222222222",
                "_Lift_": "0.0",
                "_CumPctResp_": "44.7634237107921",
                "_NEventsBest_": "0.0",
                "_CumPctRespBest_": "44.7634237107921",
                "_Value_": "0.02",
                "_NEvents_": "0.0",
                "_LiftBest_": "0.0",
                "_PartInd_": "1",
                "_Resp_": "0.0"
            },
            "rowNumber": 10
        },
        {
            "dataMap": {
                "_NObs_": "209.0",
                "_Depth_": "50.0",
                "_CumRespBest_": "100.0",
                "_formattedPartition_": "           1",
                "_column_": "predict",
                "_RespBest_": "0.0",
                "_DataRole_": "TRAIN",
                "_CumResp_": "100.0",
                "_PctRespBest_": "0.0",
                "_Gain_": "0.99999999999999",
                "_CumLift_": "2.0",
                "_Event_": "1",
                "_TargetName_": "BAD",
                "_PctResp_": "0.0",
                "_GainBest_": "0.99999999999999",
                "_CumLiftBest_": "2.0",
                "_Lift_": "0.0",
                "_CumPctResp_": "40.2870813397129",
                "_NEventsBest_": "0.0",
                "_CumPctRespBest_": "40.2870813397129",
                "_Value_": "0.02",
                "_NEvents_": "0.0",
                "_LiftBest_": "0.0",
                "_PartInd_": "1",
                "_Resp_": "0.0"
            },
            "rowNumber": 11
        },
        {
            "dataMap": {
                "_NObs_": "209.0",
                "_Depth_": "55.0",
                "_CumRespBest_": "100.0",
                "_formattedPartition_": "           1",
                "_column_": "predict",
                "_RespBest_": "0.0",
                "_DataRole_": "TRAIN",
                "_CumResp_": "100.0",
                "_PctRespBest_": "0.0",
                "_Gain_": "0.81818181818181",
                "_CumLift_": "1.81818181818181",
                "_Event_": "1",
                "_TargetName_": "BAD",
                "_PctResp_": "0.0",
                "_GainBest_": "0.81818181818181",
                "_CumLiftBest_": "1.81818181818181",
                "_Lift_": "0.0",
                "_CumPctResp_": "36.624619399739",
                "_NEventsBest_": "0.0",
                "_CumPctRespBest_": "36.624619399739",
                "_Value_": "0.01",
                "_NEvents_": "0.0",
                "_LiftBest_": "0.0",
                "_PartInd_": "1",
                "_Resp_": "0.0"
            },
            "rowNumber": 12
        },
        {
            "dataMap": {
                "_NObs_": "209.0",
                "_Depth_": "60.0",
                "_CumRespBest_": "100.0",
                "_formattedPartition_": "           1",
                "_column_": "predict",
                "_RespBest_": "0.0",
                "_DataRole_": "TRAIN",
                "_CumResp_": "100.0",
                "_PctRespBest_": "0.0",
                "_Gain_": "0.66666666666666",
                "_CumLift_": "1.66666666666666",
                "_Event_": "1",
                "_TargetName_": "BAD",
                "_PctResp_": "0.0",
                "_GainBest_": "0.66666666666666",
                "_CumLiftBest_": "1.66666666666666",
                "_Lift_": "0.0",
                "_CumPctResp_": "33.5725677830941",
                "_NEventsBest_": "0.0",
                "_CumPctRespBest_": "33.5725677830941",
                "_Value_": "0.01",
                "_NEvents_": "0.0",
                "_LiftBest_": "0.0",
                "_PartInd_": "1",
                "_Resp_": "0.0"
            },
            "rowNumber": 13
        },
        {
            "dataMap": {
                "_NObs_": "209.0",
                "_Depth_": "65.0",
                "_CumRespBest_": "100.0",
                "_formattedPartition_": "           1",
                "_column_": "predict",
                "_RespBest_": "0.0",
                "_DataRole_": "TRAIN",
                "_CumResp_": "100.0",
                "_PctRespBest_": "0.0",
                "_Gain_": "0.53846153846153",
                "_CumLift_": "1.53846153846153",
                "_Event_": "1",
                "_TargetName_": "BAD",
                "_PctResp_": "0.0",
                "_GainBest_": "0.53846153846153",
                "_CumLiftBest_": "1.53846153846153",
                "_Lift_": "0.0",
                "_CumPctResp_": "30.9900625690099",
                "_NEventsBest_": "0.0",
                "_CumPctRespBest_": "30.9900625690099",
                "_Value_": "0.01",
                "_NEvents_": "0.0",
                "_LiftBest_": "0.0",
                "_PartInd_": "1",
                "_Resp_": "0.0"
            },
            "rowNumber": 14
        },
        {
            "dataMap": {
                "_NObs_": "209.0",
                "_Depth_": "70.0",
                "_CumRespBest_": "100.0",
                "_formattedPartition_": "           1",
                "_column_": "predict",
                "_RespBest_": "0.0",
                "_DataRole_": "TRAIN",
                "_CumResp_": "100.0",
                "_PctRespBest_": "0.0",
                "_Gain_": "0.42857142857142",
                "_CumLift_": "1.42857142857142",
                "_Event_": "1",
                "_TargetName_": "BAD",
                "_PctResp_": "0.0",
                "_GainBest_": "0.42857142857142",
                "_CumLiftBest_": "1.42857142857142",
                "_Lift_": "0.0",
                "_CumPctResp_": "28.7764866712235",
                "_NEventsBest_": "0.0",
                "_CumPctRespBest_": "28.7764866712235",
                "_Value_": "0.01",
                "_NEvents_": "0.0",
                "_LiftBest_": "0.0",
                "_PartInd_": "1",
                "_Resp_": "0.0"
            },
            "rowNumber": 15
        },
        {
            "dataMap": {
                "_NObs_": "209.0",
                "_Depth_": "75.0",
                "_CumRespBest_": "100.0",
                "_formattedPartition_": "           1",
                "_column_": "predict",
                "_RespBest_": "0.0",
                "_DataRole_": "TRAIN",
                "_CumResp_": "100.0",
                "_PctRespBest_": "0.0",
                "_Gain_": "0.33333333333333",
                "_CumLift_": "1.33333333333333",
                "_Event_": "1",
                "_TargetName_": "BAD",
                "_PctResp_": "0.0",
                "_GainBest_": "0.33333333333333",
                "_CumLiftBest_": "1.33333333333333",
                "_Lift_": "0.0",
                "_CumPctResp_": "26.8580542264752",
                "_NEventsBest_": "0.0",
                "_CumPctRespBest_": "26.8580542264752",
                "_Value_": "0.0",
                "_NEvents_": "0.0",
                "_LiftBest_": "0.0",
                "_PartInd_": "1",
                "_Resp_": "0.0"
            },
            "rowNumber": 16
        },
        {
            "dataMap": {
                "_NObs_": "209.0",
                "_Depth_": "80.0",
                "_CumRespBest_": "100.0",
                "_formattedPartition_": "           1",
                "_column_": "predict",
                "_RespBest_": "0.0",
                "_DataRole_": "TRAIN",
                "_CumResp_": "100.0",
                "_PctRespBest_": "0.0",
                "_Gain_": "0.24999999999999",
                "_CumLift_": "1.25",
                "_Event_": "1",
                "_TargetName_": "BAD",
                "_PctResp_": "0.0",
                "_GainBest_": "0.24999999999999",
                "_CumLiftBest_": "1.25",
                "_Lift_": "0.0",
                "_CumPctResp_": "25.1794258373205",
                "_NEventsBest_": "0.0",
                "_CumPctRespBest_": "25.1794258373205",
                "_Value_": "0.0",
                "_NEvents_": "0.0",
                "_LiftBest_": "0.0",
                "_PartInd_": "1",
                "_Resp_": "0.0"
            },
            "rowNumber": 17
        },
        {
            "dataMap": {
                "_NObs_": "209.0",
                "_Depth_": "85.0",
                "_CumRespBest_": "100.0",
                "_formattedPartition_": "           1",
                "_column_": "predict",
                "_RespBest_": "0.0",
                "_DataRole_": "TRAIN",
                "_CumResp_": "100.0",
                "_PctRespBest_": "0.0",
                "_Gain_": "0.17647058823529",
                "_CumLift_": "1.17647058823529",
                "_Event_": "1",
                "_TargetName_": "BAD",
                "_PctResp_": "0.0",
                "_GainBest_": "0.17647058823529",
                "_CumLiftBest_": "1.17647058823529",
                "_Lift_": "0.0",
                "_CumPctResp_": "23.6982831410076",
                "_NEventsBest_": "0.0",
                "_CumPctRespBest_": "23.6982831410076",
                "_Value_": "0.0",
                "_NEvents_": "0.0",
                "_LiftBest_": "0.0",
                "_PartInd_": "1",
                "_Resp_": "0.0"
            },
            "rowNumber": 18
        },
        {
            "dataMap": {
                "_NObs_": "209.0",
                "_Depth_": "90.0",
                "_CumRespBest_": "100.0",
                "_formattedPartition_": "           1",
                "_column_": "predict",
                "_RespBest_": "0.0",
                "_DataRole_": "TRAIN",
                "_CumResp_": "100.0",
                "_PctRespBest_": "0.0",
                "_Gain_": "0.11111111111111",
                "_CumLift_": "1.11111111111111",
                "_Event_": "1",
                "_TargetName_": "BAD",
                "_PctResp_": "0.0",
                "_GainBest_": "0.11111111111111",
                "_CumLiftBest_": "1.11111111111111",
                "_Lift_": "0.0",
                "_CumPctResp_": "22.381711855396",
                "_NEventsBest_": "0.0",
                "_CumPctRespBest_": "22.381711855396",
                "_Value_": "0.0",
                "_NEvents_": "0.0",
                "_LiftBest_": "0.0",
                "_PartInd_": "1",
                "_Resp_": "0.0"
            },
            "rowNumber": 19
        },
        {
            "dataMap": {
                "_NObs_": "209.0",
                "_Depth_": "95.0",
                "_CumRespBest_": "100.0",
                "_formattedPartition_": "           1",
                "_column_": "predict",
                "_RespBest_": "0.0",
                "_DataRole_": "TRAIN",
                "_CumResp_": "100.0",
                "_PctRespBest_": "0.0",
                "_Gain_": "0.05263157894736",
                "_CumLift_": "1.05263157894736",
                "_Event_": "1",
                "_TargetName_": "BAD",
                "_PctResp_": "0.0",
                "_GainBest_": "0.05263157894736",
                "_CumLiftBest_": "1.05263157894736",
                "_Lift_": "0.0",
                "_CumPctResp_": "21.2037270209015",
                "_NEventsBest_": "0.0",
                "_CumPctRespBest_": "21.2037270209015",
                "_Value_": "0.0",
                "_NEvents_": "0.0",
                "_LiftBest_": "0.0",
                "_PartInd_": "1",
                "_Resp_": "0.0"
            },
            "rowNumber": 20
        },
        {
            "dataMap": {
                "_NObs_": "201.0",
                "_Depth_": "100.0",
                "_CumRespBest_": "100.0",
                "_formattedPartition_": "           1",
                "_column_": "predict",
                "_RespBest_": "0.0",
                "_DataRole_": "TRAIN",
                "_CumResp_": "100.0",
                "_PctRespBest_": "0.0",
                "_Gain_": "0.0",
                "_CumLift_": "1.0",
                "_Event_": "1",
                "_TargetName_": "BAD",
                "_PctResp_": "0.0",
                "_GainBest_": "0.0",
                "_CumLiftBest_": "1.0",
                "_Lift_": "0.0",
                "_CumPctResp_": "20.1821668264621",
                "_NEventsBest_": "0.0",
                "_CumPctRespBest_": "20.1821668264621",
                "_Value_": "0.0",
                "_NEvents_": "0.0",
                "_LiftBest_": "0.0",
                "_PartInd_": "1",
                "_Resp_": "0.0"
            },
            "rowNumber": 21
        },
        {
            "dataMap": {
                "_NObs_": "0",
                "_Depth_": "0",
                "_CumRespBest_": "0",
                "_formattedPartition_": "           2",
                "_column_": "predict",
                "_RespBest_": "0",
                "_DataRole_": "TEST",
                "_CumResp_": "0",
                "_Event_": "1",
                "_TargetName_": "BAD",
                "_NEventsBest_": "0",
                "_Value_": "0",
                "_NEvents_": "0",
                "_PartInd_": "2",
                "_Resp_": "0"
            },
            "rowNumber": 22
        },
        {
            "dataMap": {
                "_NObs_": "90.0",
                "_Depth_": "5.0",
                "_CumRespBest_": "25.9365994236311",
                "_formattedPartition_": "           2",
                "_column_": "predict",
                "_RespBest_": "25.9365994236311",
                "_DataRole_": "TEST",
                "_CumResp_": "25.9365994236311",
                "_PctRespBest_": "100.0",
                "_Gain_": "4.18731988472622",
                "_CumLift_": "5.18731988472622",
                "_Event_": "1",
                "_TargetName_": "BAD",
                "_PctResp_": "100.0",
                "_GainBest_": "4.18731988472622",
                "_CumLiftBest_": "5.18731988472622",
                "_Lift_": "5.18731988472622",
                "_CumPctResp_": "100.0",
                "_NEventsBest_": "90.0",
                "_CumPctRespBest_": "100.0",
                "_Value_": "0.605",
                "_NEvents_": "90.0",
                "_LiftBest_": "5.18731988472622",
                "_PartInd_": "2",
                "_Resp_": "25.9365994236311"
            },
            "rowNumber": 23
        },
        {
            "dataMap": {
                "_NObs_": "90.0",
                "_Depth_": "10.0",
                "_CumRespBest_": "51.8731988472622",
                "_formattedPartition_": "           2",
                "_column_": "predict",
                "_RespBest_": "25.9365994236311",
                "_DataRole_": "TEST",
                "_CumResp_": "48.7031700288184",
                "_PctRespBest_": "100.0",
                "_Gain_": "3.87031700288184",
                "_CumLift_": "4.87031700288184",
                "_Event_": "1",
                "_TargetName_": "BAD",
                "_PctResp_": "87.7777777777777",
                "_GainBest_": "4.18731988472622",
                "_CumLiftBest_": "5.18731988472622",
                "_Lift_": "4.55331412103746",
                "_CumPctResp_": "93.8888888888888",
                "_NEventsBest_": "90.0",
                "_CumPctRespBest_": "100.0",
                "_Value_": "0.41",
                "_NEvents_": "79.0",
                "_LiftBest_": "5.18731988472622",
                "_PartInd_": "2",
                "_Resp_": "22.7665706051873"
            },
            "rowNumber": 24
        },
        {
            "dataMap": {
                "_NObs_": "90.0",
                "_Depth_": "15.0",
                "_CumRespBest_": "77.8097982708933",
                "_formattedPartition_": "           2",
                "_column_": "predict",
                "_RespBest_": "25.9365994236311",
                "_DataRole_": "TEST",
                "_CumResp_": "65.3602305475504",
                "_PctRespBest_": "100.0",
                "_Gain_": "3.35734870317003",
                "_CumLift_": "4.35734870317002",
                "_Event_": "1",
                "_TargetName_": "BAD",
                "_PctResp_": "64.2222222222222",
                "_GainBest_": "4.18731988472622",
                "_CumLiftBest_": "5.18731988472622",
                "_Lift_": "3.33141210374639",
                "_CumPctResp_": "84.0",
                "_NEventsBest_": "90.0",
                "_CumPctRespBest_": "100.0",
                "_Value_": "0.27",
                "_NEvents_": "57.8",
                "_LiftBest_": "5.18731988472622",
                "_PartInd_": "2",
                "_Resp_": "16.6570605187319"
            },
            "rowNumber": 25
        },
        {
            "dataMap": {
                "_NObs_": "90.0",
                "_Depth_": "20.0",
                "_CumRespBest_": "100.0",
                "_formattedPartition_": "           2",
                "_column_": "predict",
                "_RespBest_": "22.1902017291066",
                "_DataRole_": "TEST",
                "_CumResp_": "76.2608069164265",
                "_PctRespBest_": "85.5555555555555",
                "_Gain_": "2.81304034582132",
                "_CumLift_": "3.81304034582132",
                "_Event_": "1",
                "_TargetName_": "BAD",
                "_PctResp_": "42.0277777777777",
                "_GainBest_": "4.0",
                "_CumLiftBest_": "5.0",
                "_Lift_": "2.18011527377521",
                "_CumPctResp_": "73.5069444444444",
                "_NEventsBest_": "77.0",
                "_CumPctRespBest_": "96.3888888888889",
                "_Value_": "0.2",
                "_NEvents_": "37.825",
                "_LiftBest_": "4.43804034582132",
                "_PartInd_": "2",
                "_Resp_": "10.900576368876"
            },
            "rowNumber": 26
        },
        {
            "dataMap": {
                "_NObs_": "90.0",
                "_Depth_": "25.0",
                "_CumRespBest_": "100.0",
                "_formattedPartition_": "           2",
                "_column_": "predict",
                "_RespBest_": "0.0",
                "_DataRole_": "TEST",
                "_CumResp_": "82.1325648414985",
                "_PctRespBest_": "0.0",
                "_Gain_": "2.28530259365994",
                "_CumLift_": "3.28530259365994",
                "_Event_": "1",
                "_TargetName_": "BAD",
                "_PctResp_": "22.6388888888888",
                "_GainBest_": "3.0",
                "_CumLiftBest_": "4.0",
                "_Lift_": "1.1743515850144",
                "_CumPctResp_": "63.3333333333333",
                "_NEventsBest_": "0.0",
                "_CumPctRespBest_": "77.1111111111111",
                "_Value_": "0.135",
                "_NEvents_": "20.375",
                "_LiftBest_": "0.0",
                "_PartInd_": "2",
                "_Resp_": "5.87175792507204"
            },
            "rowNumber": 27
        },
        {
            "dataMap": {
                "_NObs_": "90.0",
                "_Depth_": "30.0",
                "_CumRespBest_": "100.0",
                "_formattedPartition_": "           2",
                "_column_": "predict",
                "_RespBest_": "0.0",
                "_DataRole_": "TEST",
                "_CumResp_": "85.8567945023276",
                "_PctRespBest_": "0.0",
                "_Gain_": "1.86189315007758",
                "_CumLift_": "2.86189315007758",
                "_Event_": "1",
                "_TargetName_": "BAD",
                "_PctResp_": "14.3589743589743",
                "_GainBest_": "2.33333333333333",
                "_CumLiftBest_": "3.33333333333333",
                "_Lift_": "0.74484593216581",
                "_CumPctResp_": "55.1709401709401",
                "_NEventsBest_": "0.0",
                "_CumPctRespBest_": "64.2592592592592",
                "_Value_": "0.11",
                "_NEvents_": "12.9230769230769",
                "_LiftBest_": "0.0",
                "_PartInd_": "2",
                "_Resp_": "3.72422966082908"
            },
            "rowNumber": 28
        },
        {
            "dataMap": {
                "_NObs_": "90.0",
                "_Depth_": "35.0",
                "_CumRespBest_": "100.0",
                "_formattedPartition_": "           2",
                "_column_": "predict",
                "_RespBest_": "0.0",
                "_DataRole_": "TEST",
                "_CumResp_": "89.3371757925072",
                "_PctRespBest_": "0.0",
                "_Gain_": "1.55249073692877",
                "_CumLift_": "2.55249073692877",
                "_Event_": "1",
                "_TargetName_": "BAD",
                "_PctResp_": "13.4188034188034",
                "_GainBest_": "1.85714285714285",
                "_CumLiftBest_": "2.85714285714285",
                "_Lift_": "0.69607625803591",
                "_CumPctResp_": "49.2063492063492",
                "_NEventsBest_": "0.0",
                "_CumPctRespBest_": "55.079365079365",
                "_Value_": "0.085",
                "_NEvents_": "12.076923076923",
                "_LiftBest_": "0.0",
                "_PartInd_": "2",
                "_Resp_": "3.48038129017956"
            },
            "rowNumber": 29
        },
        {
            "dataMap": {
                "_NObs_": "90.0",
                "_Depth_": "40.0",
                "_CumRespBest_": "100.0",
                "_formattedPartition_": "           2",
                "_column_": "predict",
                "_RespBest_": "0.0",
                "_DataRole_": "TEST",
                "_CumResp_": "90.7780979827089",
                "_PctRespBest_": "0.0",
                "_Gain_": "1.26945244956772",
                "_CumLift_": "2.26945244956772",
                "_Event_": "1",
                "_TargetName_": "BAD",
                "_PctResp_": "5.55555555555555",
                "_GainBest_": "1.5",
                "_CumLiftBest_": "2.5",
                "_Lift_": "0.28818443804034",
                "_CumPctResp_": "43.75",
                "_NEventsBest_": "0.0",
                "_CumPctRespBest_": "48.1944444444444",
                "_Value_": "0.065",
                "_NEvents_": "5.0",
                "_LiftBest_": "0.0",
                "_PartInd_": "2",
                "_Resp_": "1.44092219020172"
            },
            "rowNumber": 30
        },
        {
            "dataMap": {
                "_NObs_": "90.0",
                "_Depth_": "45.0",
                "_CumRespBest_": "100.0",
                "_formattedPartition_": "           2",
                "_column_": "predict",
                "_RespBest_": "0.0",
                "_DataRole_": "TEST",
                "_CumResp_": "92.7014862545737",
                "_PctRespBest_": "0.0",
                "_Gain_": "1.06003302787941",
                "_CumLift_": "2.06003302787941",
                "_Event_": "1",
                "_TargetName_": "BAD",
                "_PctResp_": "7.41573033707865",
                "_GainBest_": "1.22222222222222",
                "_CumLiftBest_": "2.22222222222222",
                "_Lift_": "0.38467765437295",
                "_CumPctResp_": "39.712858926342",
                "_NEventsBest_": "0.0",
                "_CumPctRespBest_": "42.8395061728395",
                "_Value_": "0.05",
                "_NEvents_": "6.67415730337078",
                "_LiftBest_": "0.0",
                "_PartInd_": "2",
                "_Resp_": "1.92338827186478"
            },
            "rowNumber": 31
        },
        {
            "dataMap": {
                "_NObs_": "90.0",
                "_Depth_": "50.0",
                "_CumRespBest_": "100.0",
                "_formattedPartition_": "           2",
                "_column_": "predict",
                "_RespBest_": "0.0",
                "_DataRole_": "TEST",
                "_CumResp_": "93.8882072645305",
                "_PctRespBest_": "0.0",
                "_Gain_": "0.87776414529061",
                "_CumLift_": "1.87776414529061",
                "_Event_": "1",
                "_TargetName_": "BAD",
                "_PctResp_": "4.57546878283334",
                "_GainBest_": "1.0",
                "_CumLiftBest_": "2.0",
                "_Lift_": "0.23734420199135",
                "_CumPctResp_": "36.1991199119912",
                "_NEventsBest_": "0.0",
                "_CumPctRespBest_": "38.5555555555555",
                "_Value_": "0.04",
                "_NEvents_": "4.11792190455",
                "_LiftBest_": "0.0",
                "_PartInd_": "2",
                "_Resp_": "1.18672100995677"
            },
            "rowNumber": 32
        },
        {
            "dataMap": {
                "_NObs_": "90.0",
                "_Depth_": "55.0",
                "_CumRespBest_": "100.0",
                "_formattedPartition_": "           2",
                "_column_": "predict",
                "_RespBest_": "0.0",
                "_DataRole_": "TEST",
                "_CumResp_": "95.1438771560067",
                "_PctRespBest_": "0.0",
                "_Gain_": "0.72988867556375",
                "_CumLift_": "1.72988867556375",
                "_Event_": "1",
                "_TargetName_": "BAD",
                "_PctResp_": "4.84130502602499",
                "_GainBest_": "0.81818181818181",
                "_CumLiftBest_": "1.81818181818181",
                "_Lift_": "0.25113397829524",
                "_CumPctResp_": "33.3484094678124",
                "_NEventsBest_": "0.0",
                "_CumPctRespBest_": "35.050505050505",
                "_Value_": "0.03",
                "_NEvents_": "4.35717452342249",
                "_LiftBest_": "0.0",
                "_PartInd_": "2",
                "_Resp_": "1.25566989147622"
            },
            "rowNumber": 33
        },
        {
            "dataMap": {
                "_NObs_": "90.0",
                "_Depth_": "60.0",
                "_CumRespBest_": "100.0",
                "_formattedPartition_": "           2",
                "_column_": "predict",
                "_RespBest_": "0.0",
                "_DataRole_": "TEST",
                "_CumResp_": "95.9181040044733",
                "_PctRespBest_": "0.0",
                "_Gain_": "0.59863506674122",
                "_CumLift_": "1.59863506674122",
                "_Event_": "1",
                "_TargetName_": "BAD",
                "_PctResp_": "2.98507462686567",
                "_GainBest_": "0.66666666666666",
                "_CumLiftBest_": "1.66666666666666",
                "_Lift_": "0.15484536969332",
                "_CumPctResp_": "30.8181315644002",
                "_NEventsBest_": "0.0",
                "_CumPctRespBest_": "32.1296296296296",
                "_Value_": "0.03",
                "_NEvents_": "2.6865671641791",
                "_LiftBest_": "0.0",
                "_PartInd_": "2",
                "_Resp_": "0.7742268484666"
            },
            "rowNumber": 34
        },
        {
            "dataMap": {
                "_NObs_": "90.0",
                "_Depth_": "65.0",
                "_CumRespBest_": "100.0",
                "_formattedPartition_": "           2",
                "_column_": "predict",
                "_RespBest_": "0.0",
                "_DataRole_": "TEST",
                "_CumResp_": "96.525776496958",
                "_PctRespBest_": "0.0",
                "_Gain_": "0.48501194610704",
                "_CumLift_": "1.48501194610704",
                "_Event_": "1",
                "_TargetName_": "BAD",
                "_PctResp_": "2.34291505435784",
                "_GainBest_": "0.53846153846153",
                "_CumLiftBest_": "1.53846153846153",
                "_Lift_": "0.12153449849694",
                "_CumPctResp_": "28.6277302943969",
                "_NEventsBest_": "0.0",
                "_CumPctRespBest_": "29.6581196581196",
                "_Value_": "0.02",
                "_NEvents_": "2.10862354892205",
                "_LiftBest_": "0.0",
                "_PartInd_": "2",
                "_Resp_": "0.60767249248474"
            },
            "rowNumber": 35
        },
        {
            "dataMap": {
                "_NObs_": "90.0",
                "_Depth_": "70.0",
                "_CumRespBest_": "100.0",
                "_formattedPartition_": "           2",
                "_column_": "predict",
                "_RespBest_": "0.0",
                "_DataRole_": "TEST",
                "_CumResp_": "97.0060838936919",
                "_PctRespBest_": "0.0",
                "_Gain_": "0.38580119848131",
                "_CumLift_": "1.38580119848131",
                "_Event_": "1",
                "_TargetName_": "BAD",
                "_PctResp_": "1.85185185185185",
                "_GainBest_": "0.42857142857142",
                "_CumLiftBest_": "1.42857142857142",
                "_Lift_": "0.09606147934678",
                "_CumPctResp_": "26.7151675485008",
                "_NEventsBest_": "0.0",
                "_CumPctRespBest_": "27.5396825396825",
                "_Value_": "0.02",
                "_NEvents_": "1.66666666666666",
                "_LiftBest_": "0.0",
                "_PartInd_": "2",
                "_Resp_": "0.4803073967339"
            },
            "rowNumber": 36
        },
        {
            "dataMap": {
                "_NObs_": "90.0",
                "_Depth_": "75.0",
                "_CumRespBest_": "100.0",
                "_formattedPartition_": "           2",
                "_column_": "predict",
                "_RespBest_": "0.0",
                "_DataRole_": "TEST",
                "_CumResp_": "97.7979753195891",
                "_PctRespBest_": "0.0",
                "_Gain_": "0.30397300426118",
                "_CumLift_": "1.30397300426118",
                "_Event_": "1",
                "_TargetName_": "BAD",
                "_PctResp_": "3.05318138651472",
                "_GainBest_": "0.33333333333333",
                "_CumLiftBest_": "1.33333333333333",
                "_Lift_": "0.15837828517943",
                "_CumPctResp_": "25.1377018043684",
                "_NEventsBest_": "0.0",
                "_CumPctRespBest_": "25.7037037037037",
                "_Value_": "0.01",
                "_NEvents_": "2.74786324786324",
                "_LiftBest_": "0.0",
                "_PartInd_": "2",
                "_Resp_": "0.79189142589718"
            },
            "rowNumber": 37
        },
        {
            "dataMap": {
                "_NObs_": "90.0",
                "_Depth_": "80.0",
                "_CumRespBest_": "100.0",
                "_formattedPartition_": "           2",
                "_column_": "predict",
                "_RespBest_": "0.0",
                "_DataRole_": "TEST",
                "_CumResp_": "98.6846966674056",
                "_PctRespBest_": "0.0",
                "_Gain_": "0.23355870834257",
                "_CumLift_": "1.23355870834257",
                "_Event_": "1",
                "_TargetName_": "BAD",
                "_PctResp_": "3.41880341880341",
                "_GainBest_": "0.25",
                "_CumLiftBest_": "1.25",
                "_Lift_": "0.17734426956328",
                "_CumPctResp_": "23.7802706552706",
                "_NEventsBest_": "0.0",
                "_CumPctRespBest_": "24.0972222222222",
                "_Value_": "0.01",
                "_NEvents_": "3.07692307692307",
                "_LiftBest_": "0.0",
                "_PartInd_": "2",
                "_Resp_": "0.88672134781644"
            },
            "rowNumber": 38
        },
        {
            "dataMap": {
                "_NObs_": "90.0",
                "_Depth_": "85.0",
                "_CumRespBest_": "100.0",
                "_formattedPartition_": "           2",
                "_column_": "predict",
                "_RespBest_": "0.0",
                "_DataRole_": "TEST",
                "_CumResp_": "99.4552997434842",
                "_PctRespBest_": "0.0",
                "_Gain_": "0.17006234992334",
                "_CumLift_": "1.17006234992334",
                "_Event_": "1",
                "_TargetName_": "BAD",
                "_PctResp_": "2.97110297110297",
                "_GainBest_": "0.17647058823529",
                "_CumLiftBest_": "1.17647058823529",
                "_Lift_": "0.15412061521571",
                "_CumPctResp_": "22.5562019679666",
                "_NEventsBest_": "0.0",
                "_CumPctRespBest_": "22.6797385620915",
                "_Value_": "0.0",
                "_NEvents_": "2.67399267399267",
                "_LiftBest_": "0.0",
                "_PartInd_": "2",
                "_Resp_": "0.77060307607858"
            },
            "rowNumber": 39
        },
        {
            "dataMap": {
                "_NObs_": "90.0",
                "_Depth_": "90.0",
                "_CumRespBest_": "100.0",
                "_formattedPartition_": "           2",
                "_column_": "predict",
                "_RespBest_": "0.0",
                "_DataRole_": "TEST",
                "_CumResp_": "99.6453114608734",
                "_PctRespBest_": "0.0",
                "_Gain_": "0.10717012734303",
                "_CumLift_": "1.10717012734303",
                "_Event_": "1",
                "_TargetName_": "BAD",
                "_PctResp_": "0.73260073260073",
                "_GainBest_": "0.11111111111111",
                "_CumLiftBest_": "1.11111111111111",
                "_Lift_": "0.03800234347784",
                "_CumPctResp_": "21.343779677113",
                "_NEventsBest_": "0.0",
                "_CumPctRespBest_": "21.4197530864197",
                "_Value_": "0.0",
                "_NEvents_": "0.65934065934065",
                "_LiftBest_": "0.0",
                "_PartInd_": "2",
                "_Resp_": "0.19001171738923"
            },
            "rowNumber": 40
        },
        {
            "dataMap": {
                "_NObs_": "90.0",
                "_Depth_": "95.0",
                "_CumRespBest_": "100.0",
                "_formattedPartition_": "           2",
                "_column_": "predict",
                "_RespBest_": "0.0",
                "_DataRole_": "TEST",
                "_CumResp_": "99.8353231782626",
                "_PctRespBest_": "0.0",
                "_Gain_": "0.05089813871855",
                "_CumLift_": "1.05089813871855",
                "_Event_": "1",
                "_TargetName_": "BAD",
                "_PctResp_": "0.73260073260073",
                "_GainBest_": "0.05263157894736",
                "_CumLiftBest_": "1.05263157894736",
                "_Lift_": "0.03800234347784",
                "_CumPctResp_": "20.2589807852965",
                "_NEventsBest_": "0.0",
                "_CumPctRespBest_": "20.2923976608187",
                "_Value_": "0.0",
                "_NEvents_": "0.65934065934065",
                "_LiftBest_": "0.0",
                "_PartInd_": "2",
                "_Resp_": "0.19001171738923"
            },
            "rowNumber": 41
        },
        {
            "dataMap": {
                "_NObs_": "78.0",
                "_Depth_": "100.0",
                "_CumRespBest_": "100.0",
                "_formattedPartition_": "           2",
                "_column_": "predict",
                "_RespBest_": "0.0",
                "_DataRole_": "TEST",
                "_CumResp_": "100.0",
                "_PctRespBest_": "0.0",
                "_Gain_": "4.4408920985006e-16",
                "_CumLift_": "1.0",
                "_Event_": "1",
                "_TargetName_": "BAD",
                "_PctResp_": "0.73260073260073",
                "_GainBest_": "0.0",
                "_CumLiftBest_": "1.0",
                "_Lift_": "0.03293536434746",
                "_CumPctResp_": "19.407158836689",
                "_NEventsBest_": "0.0",
                "_CumPctRespBest_": "19.407158836689",
                "_Value_": "0.0",
                "_NEvents_": "0.57142857142857",
                "_LiftBest_": "0.0",
                "_PartInd_": "2",
                "_Resp_": "0.16467682173734"
            },
            "rowNumber": 42
        }
    ],
    "version": 1,
    "xInteger": false,
    "yInteger": false
}