{
    "creationTimeStamp": "0001-01-01T00:00:00Z",
    "modifiedTimeStamp": "0001-01-01T00:00:00Z",
    "revision": 0,
    "name": "dmcas_relativeimportance",
    "version": 0,
    "order": 0,
    "parameterMap": {
        "LABEL": {
            "label": "Variable Label",
            "length": 256,
            "order": 1,
            "parameter": "LABEL",
            "preformatted": false,
            "type": "char",
            "values": [
                "LABEL"
            ]
        },
        "LEVEL": {
            "label": "Variable Level",
            "length": 10,
            "order": 5,
            "parameter": "LEVEL",
            "preformatted": false,
            "type": "char",
            "values": [
                "LEVEL"
            ]
        },
        "ROLE": {
            "label": "Role",
            "length": 32,
            "order": 4,
            "parameter": "ROLE",
            "preformatted": false,
            "type": "char",
            "values": [
                "ROLE"
            ]
        },
        "RelativeImportance": {
            "label": "Relative Importance",
            "length": 8,
            "order": 3,
            "parameter": "RelativeImportance",
            "preformatted": false,
            "type": "num",
            "values": [
                "RelativeImportance"
            ]
        },
        "Variable": {
            "label": "Variable Name",
            "length": 255,
            "order": 2,
            "parameter": "Variable",
            "preformatted": false,
            "type": "char",
            "values": [
                "Variable"
            ]
        }
    },
    "data": [
        {
            "dataMap": {
                "LABEL": "",
                "LEVEL": "INTERVAL",
                "ROLE": "INPUT",
                "RelativeImportance": "1.0",
                "Variable": "DEBTINC"
            },
            "rowNumber": 1
        },
        {
            "dataMap": {
                "LABEL": "",
                "LEVEL": "INTERVAL",
                "ROLE": "INPUT",
                "RelativeImportance": "0.74836093796996",
                "Variable": "DELINQ"
            },
            "rowNumber": 2
        },
        {
            "dataMap": {
                "LABEL": "",
                "LEVEL": "INTERVAL",
                "ROLE": "INPUT",
                "RelativeImportance": "0.49963789695344",
                "Variable": "DEROG"
            },
            "rowNumber": 3
        },
        {
            "dataMap": {
                "LABEL": "",
                "LEVEL": "INTERVAL",
                "ROLE": "INPUT",
                "RelativeImportance": "0.19879146195566",
                "Variable": "LOAN"
            },
            "rowNumber": 4
        },
        {
            "dataMap": {
                "LABEL": "",
                "LEVEL": "INTERVAL",
                "ROLE": "INPUT",
                "RelativeImportance": "0.17367474046679",
                "Variable": "VALUE"
            },
            "rowNumber": 5
        },
        {
            "dataMap": {
                "LABEL": "",
                "LEVEL": "INTERVAL",
                "ROLE": "INPUT",
                "RelativeImportance": "0.17123592246403",
                "Variable": "CLAGE"
            },
            "rowNumber": 6
        },
        {
            "dataMap": {
                "LABEL": "",
                "LEVEL": "INTERVAL",
                "ROLE": "INPUT",
                "RelativeImportance": "0.1671112680005",
                "Variable": "CLNO"
            },
            "rowNumber": 7
        },
        {
            "dataMap": {
                "LABEL": "",
                "LEVEL": "INTERVAL",
                "ROLE": "INPUT",
                "RelativeImportance": "0.15635191390239",
                "Variable": "NINQ"
            },
            "rowNumber": 8
        },
        {
            "dataMap": {
                "LABEL": "",
                "LEVEL": "INTERVAL",
                "ROLE": "INPUT",
                "RelativeImportance": "0.07187995599747",
                "Variable": "MORTDUE"
            },
            "rowNumber": 9
        },
        {
            "dataMap": {
                "LABEL": "",
                "LEVEL": "INTERVAL",
                "ROLE": "INPUT",
                "RelativeImportance": "0.05943719597225",
                "Variable": "YOJ"
            },
            "rowNumber": 10
        }
    ],
    "xInteger": false,
    "yInteger": false
}