{
    "name": "dmcas_lift",
    "revision": 0,
    "order": 0,
    "parameterMap": {
        "_NObs_": {
            "parameter": "_NObs_",
            "type": "num",
            "label": "Sum of Frequencies",
            "length": 8,
            "order": 9,
            "values": [
                "_NObs_"
            ],
            "preformatted": false
        },
        "_Depth_": {
            "parameter": "_Depth_",
            "type": "num",
            "label": "Depth",
            "length": 8,
            "order": 7,
            "values": [
                "_Depth_"
            ],
            "preformatted": false
        },
        "_CumRespBest_": {
            "parameter": "_CumRespBest_",
            "type": "num",
            "label": "Best Cumulative Captured Response Percentage",
            "length": 8,
            "order": 17,
            "values": [
                "_CumRespBest_"
            ],
            "preformatted": false
        },
        "_formattedPartition_": {
            "parameter": "_formattedPartition_",
            "type": "char",
            "label": "Formatted Partition",
            "length": 12,
            "order": 4,
            "values": [
                "_formattedPartition_"
            ],
            "preformatted": false
        },
        "_Column_": {
            "parameter": "_Column_",
            "type": "char",
            "label": "Analysis Variable",
            "length": 8,
            "order": 5,
            "values": [
                "_Column_"
            ],
            "preformatted": false
        },
        "_RespBest_": {
            "parameter": "_RespBest_",
            "type": "num",
            "label": "Best Captured Response Percentage",
            "length": 8,
            "order": 13,
            "values": [
                "_RespBest_"
            ],
            "preformatted": false
        },
        "_DataRole_": {
            "parameter": "_DataRole_",
            "type": "char",
            "label": "Data Role",
            "length": 10,
            "order": 2,
            "values": [
                "_DataRole_"
            ],
            "preformatted": false
        },
        "_CumResp_": {
            "parameter": "_CumResp_",
            "type": "num",
            "label": "Cumulative Captured Response Percentage",
            "length": 8,
            "order": 16,
            "values": [
                "_CumResp_"
            ],
            "preformatted": false
        },
        "_PctRespBest_": {
            "parameter": "_PctRespBest_",
            "type": "num",
            "label": "Best Response Percentage",
            "length": 8,
            "order": 21,
            "values": [
                "_PctRespBest_"
            ],
            "preformatted": false
        },
        "_Gain_": {
            "parameter": "_Gain_",
            "type": "num",
            "label": "Gain",
            "length": 8,
            "order": 24,
            "values": [
                "_Gain_"
            ],
            "preformatted": false
        },
        "_CumLift_": {
            "parameter": "_CumLift_",
            "type": "num",
            "label": "Cumulative Lift",
            "length": 8,
            "order": 18,
            "values": [
                "_CumLift_"
            ],
            "preformatted": false
        },
        "_Event_": {
            "parameter": "_Event_",
            "type": "char",
            "label": "Event",
            "length": 12,
            "order": 6,
            "values": [
                "_Event_"
            ],
            "preformatted": false
        },
        "_TargetName_": {
            "parameter": "_TargetName_",
            "type": "char",
            "label": "Target Name",
            "length": 6,
            "order": 1,
            "values": [
                "_TargetName_"
            ],
            "preformatted": false
        },
        "_PctResp_": {
            "parameter": "_PctResp_",
            "type": "num",
            "label": "Response Percentage",
            "length": 8,
            "order": 20,
            "values": [
                "_PctResp_"
            ],
            "preformatted": false
        },
        "_GainBest_": {
            "parameter": "_GainBest_",
            "type": "num",
            "label": "Best Gain",
            "length": 8,
            "order": 25,
            "values": [
                "_GainBest_"
            ],
            "preformatted": false
        },
        "_CumLiftBest_": {
            "parameter": "_CumLiftBest_",
            "type": "num",
            "label": "Best Cumulative Lift",
            "length": 8,
            "order": 19,
            "values": [
                "_CumLiftBest_"
            ],
            "preformatted": false
        },
        "_Lift_": {
            "parameter": "_Lift_",
            "type": "num",
            "label": "Lift",
            "length": 8,
            "order": 14,
            "values": [
                "_Lift_"
            ],
            "preformatted": false
        },
        "_CumPctResp_": {
            "parameter": "_CumPctResp_",
            "type": "num",
            "label": "Cumulative Response Percentage",
            "length": 8,
            "order": 22,
            "values": [
                "_CumPctResp_"
            ],
            "preformatted": false
        },
        "_NEventsBest_": {
            "parameter": "_NEventsBest_",
            "type": "num",
            "label": "Best Number of Events",
            "length": 8,
            "order": 11,
            "values": [
                "_NEventsBest_"
            ],
            "preformatted": false
        },
        "_CumPctRespBest_": {
            "parameter": "_CumPctRespBest_",
            "type": "num",
            "label": "Best Cumulative Response Percentage",
            "length": 8,
            "order": 23,
            "values": [
                "_CumPctRespBest_"
            ],
            "preformatted": false
        },
        "_Value_": {
            "parameter": "_Value_",
            "type": "num",
            "label": "Value",
            "length": 8,
            "order": 8,
            "values": [
                "_Value_"
            ],
            "preformatted": false
        },
        "_NEvents_": {
            "parameter": "_NEvents_",
            "type": "num",
            "label": "Number of Events",
            "length": 8,
            "order": 10,
            "values": [
                "_NEvents_"
            ],
            "preformatted": false
        },
        "_LiftBest_": {
            "parameter": "_LiftBest_",
            "type": "num",
            "label": "Best Lift",
            "length": 8,
            "order": 15,
            "values": [
                "_LiftBest_"
            ],
            "preformatted": false
        },
        "_PartInd_": {
            "parameter": "_PartInd_",
            "type": "num",
            "label": "Partition Indicator",
            "length": 8,
            "order": 3,
            "values": [
                "_PartInd_"
            ],
            "preformatted": false
        },
        "_Resp_": {
            "parameter": "_Resp_",
            "type": "num",
            "label": "Captured Response Percentage",
            "length": 8,
            "order": 12,
            "values": [
                "_Resp_"
            ],
            "preformatted": false
        }
    },
    "data": [
        {
            "dataMap": {
                "_NObs_": "0",
                "_Depth_": "0",
                "_CumRespBest_": "0",
                "_formattedPartition_": "           0",
                "_Column_": "predict",
                "_RespBest_": "0",
                "_DataRole_": "VALIDATE",
                "_CumResp_": "0",
                "_Event_": null,
                "_TargetName_": null,
                "_NEventsBest_": "0",
                "_Value_": "0",
                "_NEvents_": "0",
                "_PartInd_": "0",
                "_Resp_": "0"
            },
            "rowNumber": 1
        },
        {
            "dataMap": {
                "_NObs_": null,
                "_Depth_": null,
                "_CumRespBest_": null,
                "_formattedPartition_": "           0",
                "_column_": "predict",
                "_RespBest_": null,
                "_DataRole_": "VALIDATE",
                "_CumResp_": null,
                "_PctRespBest_": null,
                "_Gain_": null,
                "_CumLift_": null,
                "_Event_": null,
                "_TargetName_": null,
                "_PctResp_": null,
                "_GainBest_": null,
                "_CumLiftBest_": null,
                "_Lift_": null,
                "_CumPctResp_": null,
                "_NEventsBest_": null,
                "_CumPctRespBest_": null,
                "_Value_": null,
                "_NEvents_": null,
                "_LiftBest_": null,
                "_PartInd_": "0",
                "_Resp_": null
            },
            "rowNumber": 2
        },
        {
            "dataMap": {
                "_NObs_": null,
                "_Depth_": null,
                "_CumRespBest_": null,
                "_formattedPartition_": "           0",
                "_column_": "predict",
                "_RespBest_": null,
                "_DataRole_": "VALIDATE",
                "_CumResp_": null,
                "_PctRespBest_": null,
                "_Gain_": null,
                "_CumLift_": null,
                "_Event_": null,
                "_TargetName_": null,
                "_PctResp_": null,
                "_GainBest_": null,
                "_CumLiftBest_": null,
                "_Lift_": null,
                "_CumPctResp_": null,
                "_NEventsBest_": null,
                "_CumPctRespBest_": null,
                "_Value_": null,
                "_NEvents_": null,
                "_LiftBest_": null,
                "_PartInd_": "0",
                "_Resp_": null
            },
            "rowNumber": 3
        },
        {
            "dataMap": {
                "_NObs_": null,
                "_Depth_": null,
                "_CumRespBest_": null,
                "_formattedPartition_": "           0",
                "_column_": "predict",
                "_RespBest_": null,
                "_DataRole_": "VALIDATE",
                "_CumResp_": null,
                "_PctRespBest_": null,
                "_Gain_": null,
                "_CumLift_": null,
                "_Event_": null,
                "_TargetName_": null,
                "_PctResp_": null,
                "_GainBest_": null,
                "_CumLiftBest_": null,
                "_Lift_": null,
                "_CumPctResp_": null,
                "_NEventsBest_": null,
                "_CumPctRespBest_": null,
                "_Value_": null,
                "_NEvents_": null,
                "_LiftBest_": null,
                "_PartInd_": "0",
                "_Resp_": null
            },
            "rowNumber": 4
        },
        {
            "dataMap": {
                "_NObs_": null,
                "_Depth_": null,
                "_CumRespBest_": null,
                "_formattedPartition_": "           0",
                "_column_": "predict",
                "_RespBest_": null,
                "_DataRole_": "VALIDATE",
                "_CumResp_": null,
                "_PctRespBest_": null,
                "_Gain_": null,
                "_CumLift_": null,
                "_Event_": null,
                "_TargetName_": null,
                "_PctResp_": null,
                "_GainBest_": null,
                "_CumLiftBest_": null,
                "_Lift_": null,
                "_CumPctResp_": null,
                "_NEventsBest_": null,
                "_CumPctRespBest_": null,
                "_Value_": null,
                "_NEvents_": null,
                "_LiftBest_": null,
                "_PartInd_": "0",
                "_Resp_": null
            },
            "rowNumber": 5
        },
        {
            "dataMap": {
                "_NObs_": null,
                "_Depth_": null,
                "_CumRespBest_": null,
                "_formattedPartition_": "           0",
                "_column_": "predict",
                "_RespBest_": null,
                "_DataRole_": "VALIDATE",
                "_CumResp_": null,
                "_PctRespBest_": null,
                "_Gain_": null,
                "_CumLift_": null,
                "_Event_": null,
                "_TargetName_": null,
                "_PctResp_": null,
                "_GainBest_": null,
                "_CumLiftBest_": null,
                "_Lift_": null,
                "_CumPctResp_": null,
                "_NEventsBest_": null,
                "_CumPctRespBest_": null,
                "_Value_": null,
                "_NEvents_": null,
                "_LiftBest_": null,
                "_PartInd_": "0",
                "_Resp_": null
            },
            "rowNumber": 6
        },
        {
            "dataMap": {
                "_NObs_": null,
                "_Depth_": null,
                "_CumRespBest_": null,
                "_formattedPartition_": "           0",
                "_column_": "predict",
                "_RespBest_": null,
                "_DataRole_": "VALIDATE",
                "_CumResp_": null,
                "_PctRespBest_": null,
                "_Gain_": null,
                "_CumLift_": null,
                "_Event_": null,
                "_TargetName_": null,
                "_PctResp_": null,
                "_GainBest_": null,
                "_CumLiftBest_": null,
                "_Lift_": null,
                "_CumPctResp_": null,
                "_NEventsBest_": null,
                "_CumPctRespBest_": null,
                "_Value_": null,
                "_NEvents_": null,
                "_LiftBest_": null,
                "_PartInd_": "0",
                "_Resp_": null
            },
            "rowNumber": 7
        },
        {
            "dataMap": {
                "_NObs_": null,
                "_Depth_": null,
                "_CumRespBest_": null,
                "_formattedPartition_": "           0",
                "_column_": "predict",
                "_RespBest_": null,
                "_DataRole_": "VALIDATE",
                "_CumResp_": null,
                "_PctRespBest_": null,
                "_Gain_": null,
                "_CumLift_": null,
                "_Event_": null,
                "_TargetName_": null,
                "_PctResp_": null,
                "_GainBest_": null,
                "_CumLiftBest_": null,
                "_Lift_": null,
                "_CumPctResp_": null,
                "_NEventsBest_": null,
                "_CumPctRespBest_": null,
                "_Value_": null,
                "_NEvents_": null,
                "_LiftBest_": null,
                "_PartInd_": "0",
                "_Resp_": null
            },
            "rowNumber": 8
        },
        {
            "dataMap": {
                "_NObs_": null,
                "_Depth_": null,
                "_CumRespBest_": null,
                "_formattedPartition_": "           0",
                "_column_": "predict",
                "_RespBest_": null,
                "_DataRole_": "VALIDATE",
                "_CumResp_": null,
                "_PctRespBest_": null,
                "_Gain_": null,
                "_CumLift_": null,
                "_Event_": null,
                "_TargetName_": null,
                "_PctResp_": null,
                "_GainBest_": null,
                "_CumLiftBest_": null,
                "_Lift_": null,
                "_CumPctResp_": null,
                "_NEventsBest_": null,
                "_CumPctRespBest_": null,
                "_Value_": null,
                "_NEvents_": null,
                "_LiftBest_": null,
                "_PartInd_": "0",
                "_Resp_": null
            },
            "rowNumber": 9
        },
        {
            "dataMap": {
                "_NObs_": null,
                "_Depth_": null,
                "_CumRespBest_": null,
                "_formattedPartition_": "           0",
                "_column_": "predict",
                "_RespBest_": null,
                "_DataRole_": "VALIDATE",
                "_CumResp_": null,
                "_PctRespBest_": null,
                "_Gain_": null,
                "_CumLift_": null,
                "_Event_": null,
                "_TargetName_": null,
                "_PctResp_": null,
                "_GainBest_": null,
                "_CumLiftBest_": null,
                "_Lift_": null,
                "_CumPctResp_": null,
                "_NEventsBest_": null,
                "_CumPctRespBest_": null,
                "_Value_": null,
                "_NEvents_": null,
                "_LiftBest_": null,
                "_PartInd_": "0",
                "_Resp_": null
            },
            "rowNumber": 10
        },
        {
            "dataMap": {
                "_NObs_": null,
                "_Depth_": null,
                "_CumRespBest_": null,
                "_formattedPartition_": "           0",
                "_column_": "predict",
                "_RespBest_": null,
                "_DataRole_": "VALIDATE",
                "_CumResp_": null,
                "_PctRespBest_": null,
                "_Gain_": null,
                "_CumLift_": null,
                "_Event_": null,
                "_TargetName_": null,
                "_PctResp_": null,
                "_GainBest_": null,
                "_CumLiftBest_": null,
                "_Lift_": null,
                "_CumPctResp_": null,
                "_NEventsBest_": null,
                "_CumPctRespBest_": null,
                "_Value_": null,
                "_NEvents_": null,
                "_LiftBest_": null,
                "_PartInd_": "0",
                "_Resp_": null
            },
            "rowNumber": 11
        },
        {
            "dataMap": {
                "_NObs_": null,
                "_Depth_": null,
                "_CumRespBest_": null,
                "_formattedPartition_": "           0",
                "_column_": "predict",
                "_RespBest_": null,
                "_DataRole_": "VALIDATE",
                "_CumResp_": null,
                "_PctRespBest_": null,
                "_Gain_": null,
                "_CumLift_": null,
                "_Event_": null,
                "_TargetName_": null,
                "_PctResp_": null,
                "_GainBest_": null,
                "_CumLiftBest_": null,
                "_Lift_": null,
                "_CumPctResp_": null,
                "_NEventsBest_": null,
                "_CumPctRespBest_": null,
                "_Value_": null,
                "_NEvents_": null,
                "_LiftBest_": null,
                "_PartInd_": "0",
                "_Resp_": null
            },
            "rowNumber": 12
        },
        {
            "dataMap": {
                "_NObs_": null,
                "_Depth_": null,
                "_CumRespBest_": null,
                "_formattedPartition_": "           0",
                "_column_": "predict",
                "_RespBest_": null,
                "_DataRole_": "VALIDATE",
                "_CumResp_": null,
                "_PctRespBest_": null,
                "_Gain_": null,
                "_CumLift_": null,
                "_Event_": null,
                "_TargetName_": null,
                "_PctResp_": null,
                "_GainBest_": null,
                "_CumLiftBest_": null,
                "_Lift_": null,
                "_CumPctResp_": null,
                "_NEventsBest_": null,
                "_CumPctRespBest_": null,
                "_Value_": null,
                "_NEvents_": null,
                "_LiftBest_": null,
                "_PartInd_": "0",
                "_Resp_": null
            },
            "rowNumber": 13
        },
        {
            "dataMap": {
                "_NObs_": null,
                "_Depth_": null,
                "_CumRespBest_": null,
                "_formattedPartition_": "           0",
                "_column_": "predict",
                "_RespBest_": null,
                "_DataRole_": "VALIDATE",
                "_CumResp_": null,
                "_PctRespBest_": null,
                "_Gain_": null,
                "_CumLift_": null,
                "_Event_": null,
                "_TargetName_": null,
                "_PctResp_": null,
                "_GainBest_": null,
                "_CumLiftBest_": null,
                "_Lift_": null,
                "_CumPctResp_": null,
                "_NEventsBest_": null,
                "_CumPctRespBest_": null,
                "_Value_": null,
                "_NEvents_": null,
                "_LiftBest_": null,
                "_PartInd_": "0",
                "_Resp_": null
            },
            "rowNumber": 14
        },
        {
            "dataMap": {
                "_NObs_": null,
                "_Depth_": null,
                "_CumRespBest_": null,
                "_formattedPartition_": "           0",
                "_column_": "predict",
                "_RespBest_": null,
                "_DataRole_": "VALIDATE",
                "_CumResp_": null,
                "_PctRespBest_": null,
                "_Gain_": null,
                "_CumLift_": null,
                "_Event_": null,
                "_TargetName_": null,
                "_PctResp_": null,
                "_GainBest_": null,
                "_CumLiftBest_": null,
                "_Lift_": null,
                "_CumPctResp_": null,
                "_NEventsBest_": null,
                "_CumPctRespBest_": null,
                "_Value_": null,
                "_NEvents_": null,
                "_LiftBest_": null,
                "_PartInd_": "0",
                "_Resp_": null
            },
            "rowNumber": 15
        },
        {
            "dataMap": {
                "_NObs_": null,
                "_Depth_": null,
                "_CumRespBest_": null,
                "_formattedPartition_": "           0",
                "_column_": "predict",
                "_RespBest_": null,
                "_DataRole_": "VALIDATE",
                "_CumResp_": null,
                "_PctRespBest_": null,
                "_Gain_": null,
                "_CumLift_": null,
                "_Event_": null,
                "_TargetName_": null,
                "_PctResp_": null,
                "_GainBest_": null,
                "_CumLiftBest_": null,
                "_Lift_": null,
                "_CumPctResp_": null,
                "_NEventsBest_": null,
                "_CumPctRespBest_": null,
                "_Value_": null,
                "_NEvents_": null,
                "_LiftBest_": null,
                "_PartInd_": "0",
                "_Resp_": null
            },
            "rowNumber": 16
        },
        {
            "dataMap": {
                "_NObs_": null,
                "_Depth_": null,
                "_CumRespBest_": null,
                "_formattedPartition_": "           0",
                "_column_": "predict",
                "_RespBest_": null,
                "_DataRole_": "VALIDATE",
                "_CumResp_": null,
                "_PctRespBest_": null,
                "_Gain_": null,
                "_CumLift_": null,
                "_Event_": null,
                "_TargetName_": null,
                "_PctResp_": null,
                "_GainBest_": null,
                "_CumLiftBest_": null,
                "_Lift_": null,
                "_CumPctResp_": null,
                "_NEventsBest_": null,
                "_CumPctRespBest_": null,
                "_Value_": null,
                "_NEvents_": null,
                "_LiftBest_": null,
                "_PartInd_": "0",
                "_Resp_": null
            },
            "rowNumber": 17
        },
        {
            "dataMap": {
                "_NObs_": null,
                "_Depth_": null,
                "_CumRespBest_": null,
                "_formattedPartition_": "           0",
                "_column_": "predict",
                "_RespBest_": null,
                "_DataRole_": "VALIDATE",
                "_CumResp_": null,
                "_PctRespBest_": null,
                "_Gain_": null,
                "_CumLift_": null,
                "_Event_": null,
                "_TargetName_": null,
                "_PctResp_": null,
                "_GainBest_": null,
                "_CumLiftBest_": null,
                "_Lift_": null,
                "_CumPctResp_": null,
                "_NEventsBest_": null,
                "_CumPctRespBest_": null,
                "_Value_": null,
                "_NEvents_": null,
                "_LiftBest_": null,
                "_PartInd_": "0",
                "_Resp_": null
            },
            "rowNumber": 18
        },
        {
            "dataMap": {
                "_NObs_": null,
                "_Depth_": null,
                "_CumRespBest_": null,
                "_formattedPartition_": "           0",
                "_column_": "predict",
                "_RespBest_": null,
                "_DataRole_": "VALIDATE",
                "_CumResp_": null,
                "_PctRespBest_": null,
                "_Gain_": null,
                "_CumLift_": null,
                "_Event_": null,
                "_TargetName_": null,
                "_PctResp_": null,
                "_GainBest_": null,
                "_CumLiftBest_": null,
                "_Lift_": null,
                "_CumPctResp_": null,
                "_NEventsBest_": null,
                "_CumPctRespBest_": null,
                "_Value_": null,
                "_NEvents_": null,
                "_LiftBest_": null,
                "_PartInd_": "0",
                "_Resp_": null
            },
            "rowNumber": 19
        },
        {
            "dataMap": {
                "_NObs_": null,
                "_Depth_": null,
                "_CumRespBest_": null,
                "_formattedPartition_": "           0",
                "_column_": "predict",
                "_RespBest_": null,
                "_DataRole_": "VALIDATE",
                "_CumResp_": null,
                "_PctRespBest_": null,
                "_Gain_": null,
                "_CumLift_": null,
                "_Event_": null,
                "_TargetName_": null,
                "_PctResp_": null,
                "_GainBest_": null,
                "_CumLiftBest_": null,
                "_Lift_": null,
                "_CumPctResp_": null,
                "_NEventsBest_": null,
                "_CumPctRespBest_": null,
                "_Value_": null,
                "_NEvents_": null,
                "_LiftBest_": null,
                "_PartInd_": "0",
                "_Resp_": null
            },
            "rowNumber": 20
        },
        {
            "dataMap": {
                "_NObs_": null,
                "_Depth_": null,
                "_CumRespBest_": null,
                "_formattedPartition_": "           0",
                "_column_": "predict",
                "_RespBest_": null,
                "_DataRole_": "VALIDATE",
                "_CumResp_": null,
                "_PctRespBest_": null,
                "_Gain_": null,
                "_CumLift_": null,
                "_Event_": null,
                "_TargetName_": null,
                "_PctResp_": null,
                "_GainBest_": null,
                "_CumLiftBest_": null,
                "_Lift_": null,
                "_CumPctResp_": null,
                "_NEventsBest_": null,
                "_CumPctRespBest_": null,
                "_Value_": null,
                "_NEvents_": null,
                "_LiftBest_": null,
                "_PartInd_": "0",
                "_Resp_": null
            },
            "rowNumber": 21
        },
        {
            "dataMap": {
                "_NObs_": "0",
                "_Depth_": "0",
                "_CumRespBest_": "0",
                "_formattedPartition_": "           1",
                "_column_": "predict",
                "_RespBest_": "0",
                "_DataRole_": "TRAIN",
                "_CumResp_": "0",
                "_Event_": null,
                "_TargetName_": null,
                "_NEventsBest_": "0",
                "_Value_": "0",
                "_NEvents_": "0",
                "_PartInd_": "1",
                "_Resp_": "0"
            },
            "rowNumber": 22
        },
        {
            "dataMap": {
                "_NObs_": 209.0,
                "_Depth_": 5.0,
                "_CumRespBest_": 34.7176079734219,
                "_formattedPartition_": "           1",
                "_column_": "predict",
                "_RespBest_": 34.7176079734219,
                "_DataRole_": "TRAIN",
                "_CumResp_": 23.1725601912863,
                "_PctRespBest_": 100.0,
                "_Gain_": 3.63451203825727,
                "_CumLift_": 4.63451203825727,
                "_Event_": "1",
                "_TargetName_": null,
                "_PctResp_": 66.7458432304038,
                "_GainBest_": 5.94352159468438,
                "_CumLiftBest_": 6.94352159468438,
                "_Lift_": 4.63451203825727,
                "_CumPctResp_": 66.7458432304038,
                "_NEventsBest_": 209.0,
                "_CumPctRespBest_": 100.0,
                "_Value_": 1.0,
                "_NEvents_": 139.498812351543,
                "_LiftBest_": 6.94352159468438,
                "_PartInd_": "1",
                "_Resp_": 23.1725601912863,
                "_Column_": "actual"
            },
            "rowNumber": 23
        },
        {
            "dataMap": {
                "_NObs_": 209.0,
                "_Depth_": 10.0,
                "_CumRespBest_": 69.4352159468438,
                "_formattedPartition_": "           1",
                "_column_": "predict",
                "_RespBest_": 34.7176079734219,
                "_DataRole_": "TRAIN",
                "_CumResp_": 46.3451203825727,
                "_PctRespBest_": 100.0,
                "_Gain_": 3.63451203825727,
                "_CumLift_": 4.63451203825727,
                "_Event_": "1",
                "_TargetName_": null,
                "_PctResp_": 66.7458432304038,
                "_GainBest_": 5.94352159468438,
                "_CumLiftBest_": 6.94352159468438,
                "_Lift_": 4.63451203825727,
                "_CumPctResp_": 66.7458432304038,
                "_NEventsBest_": 209.0,
                "_CumPctRespBest_": 100.0,
                "_Value_": 1.0,
                "_NEvents_": 139.498812351543,
                "_LiftBest_": 6.94352159468438,
                "_PartInd_": "1",
                "_Resp_": 23.1725601912863,
                "_Column_": "actual"
            },
            "rowNumber": 24
        },
        {
            "dataMap": {
                "_NObs_": 209.0,
                "_Depth_": 15.0,
                "_CumRespBest_": 100.0,
                "_formattedPartition_": "           1",
                "_column_": "predict",
                "_RespBest_": 30.5647840531561,
                "_DataRole_": "TRAIN",
                "_CumResp_": 69.5176805738591,
                "_PctRespBest_": 88.0382775119617,
                "_Gain_": 3.63451203825727,
                "_CumLift_": 4.63451203825727,
                "_Event_": "1",
                "_TargetName_": null,
                "_PctResp_": 66.7458432304038,
                "_GainBest_": 5.66666666666666,
                "_CumLiftBest_": 6.66666666666666,
                "_Lift_": 4.63451203825727,
                "_CumPctResp_": 66.7458432304038,
                "_NEventsBest_": 184.0,
                "_CumPctRespBest_": 96.0127591706539,
                "_Value_": 1.0,
                "_NEvents_": 139.498812351543,
                "_LiftBest_": 6.11295681063123,
                "_PartInd_": "1",
                "_Resp_": 23.1725601912863,
                "_Column_": "actual"
            },
            "rowNumber": 25
        },
        {
            "dataMap": {
                "_NObs_": 209.0,
                "_Depth_": 20.0,
                "_CumRespBest_": 100.0,
                "_formattedPartition_": "           1",
                "_column_": "predict",
                "_RespBest_": 0.0,
                "_DataRole_": "TRAIN",
                "_CumResp_": 92.6902407651454,
                "_PctRespBest_": 0.0,
                "_Gain_": 3.63451203825727,
                "_CumLift_": 4.63451203825727,
                "_Event_": "1",
                "_TargetName_": null,
                "_PctResp_": 66.7458432304038,
                "_GainBest_": 4.0,
                "_CumLiftBest_": 5.0,
                "_Lift_": 4.63451203825727,
                "_CumPctResp_": 66.7458432304038,
                "_NEventsBest_": 0.0,
                "_CumPctRespBest_": 72.0095693779904,
                "_Value_": 1.0,
                "_NEvents_": 139.498812351543,
                "_LiftBest_": 0.0,
                "_PartInd_": "1",
                "_Resp_": 23.1725601912863,
                "_Column_": "actual"
            },
            "rowNumber": 26
        },
        {
            "dataMap": {
                "_NObs_": 209.0,
                "_Depth_": 25.0,
                "_CumRespBest_": 100.0,
                "_formattedPartition_": "           1",
                "_column_": "predict",
                "_RespBest_": 0.0,
                "_DataRole_": "TRAIN",
                "_CumResp_": 93.7605379465844,
                "_PctRespBest_": 0.0,
                "_Gain_": 2.75042151786337,
                "_CumLift_": 3.75042151786337,
                "_Event_": "1",
                "_TargetName_": null,
                "_PctResp_": 3.08286556567591,
                "_GainBest_": 3.0,
                "_CumLiftBest_": 4.0,
                "_Lift_": 0.21405943628779,
                "_CumPctResp_": 54.0132476974582,
                "_NEventsBest_": 0.0,
                "_CumPctRespBest_": 57.6076555023923,
                "_Value_": 0.0,
                "_NEvents_": 6.44318903226266,
                "_LiftBest_": 0.0,
                "_PartInd_": "1",
                "_Resp_": 1.07029718143898,
                "_Column_": "actual"
            },
            "rowNumber": 27
        },
        {
            "dataMap": {
                "_NObs_": 209.0,
                "_Depth_": 30.0,
                "_CumRespBest_": 100.0,
                "_formattedPartition_": "           1",
                "_column_": "predict",
                "_RespBest_": 0.0,
                "_DataRole_": "TRAIN",
                "_CumResp_": 94.1775662705895,
                "_PctRespBest_": 0.0,
                "_Gain_": 2.13925220901965,
                "_CumLift_": 3.13925220901965,
                "_Event_": "1",
                "_TargetName_": null,
                "_PctResp_": 1.2012012012012,
                "_GainBest_": 2.33333333333333,
                "_CumLiftBest_": 3.33333333333333,
                "_Lift_": 0.08340566480101,
                "_CumPctResp_": 45.211239948082,
                "_NEventsBest_": 0.0,
                "_CumPctRespBest_": 48.0063795853269,
                "_Value_": 0.0,
                "_NEvents_": 2.51051051051051,
                "_LiftBest_": 0.0,
                "_PartInd_": "1",
                "_Resp_": 0.41702832400506,
                "_Column_": "actual"
            },
            "rowNumber": 28
        },
        {
            "dataMap": {
                "_NObs_": 209.0,
                "_Depth_": 35.0,
                "_CumRespBest_": 100.0,
                "_formattedPartition_": "           1",
                "_column_": "predict",
                "_RespBest_": 0.0,
                "_DataRole_": "TRAIN",
                "_CumResp_": 94.5945945945946,
                "_PctRespBest_": 0.0,
                "_Gain_": 1.7027027027027,
                "_CumLift_": 2.7027027027027,
                "_Event_": "1",
                "_TargetName_": null,
                "_PctResp_": 1.2012012012012,
                "_GainBest_": 1.85714285714285,
                "_CumLiftBest_": 2.85714285714285,
                "_Lift_": 0.08340566480101,
                "_CumPctResp_": 38.9240915556705,
                "_NEventsBest_": 0.0,
                "_CumPctRespBest_": 41.1483253588516,
                "_Value_": 0.0,
                "_NEvents_": 2.51051051051051,
                "_LiftBest_": 0.0,
                "_PartInd_": "1",
                "_Resp_": 0.41702832400506,
                "_Column_": "actual"
            },
            "rowNumber": 29
        },
        {
            "dataMap": {
                "_NObs_": 209.0,
                "_Depth_": 40.0,
                "_CumRespBest_": 100.0,
                "_formattedPartition_": "           1",
                "_column_": "predict",
                "_RespBest_": 0.0,
                "_DataRole_": "TRAIN",
                "_CumResp_": 95.0116229185996,
                "_PctRespBest_": 0.0,
                "_Gain_": 1.37529057296499,
                "_CumLift_": 2.37529057296499,
                "_Event_": "1",
                "_TargetName_": null,
                "_PctResp_": 1.2012012012012,
                "_GainBest_": 1.5,
                "_CumLiftBest_": 2.5,
                "_Lift_": 0.08340566480101,
                "_CumPctResp_": 34.2087302613618,
                "_NEventsBest_": 0.0,
                "_CumPctRespBest_": 36.0047846889952,
                "_Value_": 0.0,
                "_NEvents_": 2.51051051051051,
                "_LiftBest_": 0.0,
                "_PartInd_": "1",
                "_Resp_": 0.41702832400506,
                "_Column_": "actual"
            },
            "rowNumber": 30
        },
        {
            "dataMap": {
                "_NObs_": 209.0,
                "_Depth_": 45.0,
                "_CumRespBest_": 100.0,
                "_formattedPartition_": "           1",
                "_column_": "predict",
                "_RespBest_": 0.0,
                "_DataRole_": "TRAIN",
                "_CumResp_": 95.4286512426047,
                "_PctRespBest_": 0.0,
                "_Gain_": 1.1206366942801,
                "_CumLift_": 2.1206366942801,
                "_Event_": "1",
                "_TargetName_": null,
                "_PctResp_": 1.2012012012012,
                "_GainBest_": 1.22222222222222,
                "_CumLiftBest_": 2.22222222222222,
                "_Lift_": 0.08340566480101,
                "_CumPctResp_": 30.5412270324551,
                "_NEventsBest_": 0.0,
                "_CumPctRespBest_": 32.0042530568846,
                "_Value_": 0.0,
                "_NEvents_": 2.51051051051051,
                "_LiftBest_": 0.0,
                "_PartInd_": "1",
                "_Resp_": 0.41702832400506,
                "_Column_": "actual"
            },
            "rowNumber": 31
        },
        {
            "dataMap": {
                "_NObs_": 209.0,
                "_Depth_": 50.0,
                "_CumRespBest_": 100.0,
                "_formattedPartition_": "           1",
                "_column_": "predict",
                "_RespBest_": 0.0,
                "_DataRole_": "TRAIN",
                "_CumResp_": 95.8456795666098,
                "_PctRespBest_": 0.0,
                "_Gain_": 0.91691359133219,
                "_CumLift_": 1.91691359133219,
                "_Event_": "1",
                "_TargetName_": null,
                "_PctResp_": 1.2012012012012,
                "_GainBest_": 1.0,
                "_CumLiftBest_": 2.0,
                "_Lift_": 0.08340566480101,
                "_CumPctResp_": 27.6072244493297,
                "_NEventsBest_": 0.0,
                "_CumPctRespBest_": 28.8038277511961,
                "_Value_": 0.0,
                "_NEvents_": 2.51051051051051,
                "_LiftBest_": 0.0,
                "_PartInd_": "1",
                "_Resp_": 0.41702832400506,
                "_Column_": "actual"
            },
            "rowNumber": 32
        },
        {
            "dataMap": {
                "_NObs_": 209.0,
                "_Depth_": 55.0,
                "_CumRespBest_": 100.0,
                "_formattedPartition_": "           1",
                "_column_": "predict",
                "_RespBest_": 0.0,
                "_DataRole_": "TRAIN",
                "_CumResp_": 96.2627078906149,
                "_PctRespBest_": 0.0,
                "_Gain_": 0.75023105255663,
                "_CumLift_": 1.75023105255663,
                "_Event_": "1",
                "_TargetName_": null,
                "_PctResp_": 1.2012012012012,
                "_GainBest_": 0.81818181818181,
                "_CumLiftBest_": 1.81818181818181,
                "_Lift_": 0.08340566480101,
                "_CumPctResp_": 25.206676881318,
                "_NEventsBest_": 0.0,
                "_CumPctRespBest_": 26.1852979556328,
                "_Value_": 0.0,
                "_NEvents_": 2.51051051051051,
                "_LiftBest_": 0.0,
                "_PartInd_": "1",
                "_Resp_": 0.41702832400506,
                "_Column_": "actual"
            },
            "rowNumber": 33
        },
        {
            "dataMap": {
                "_NObs_": 209.0,
                "_Depth_": 60.0,
                "_CumRespBest_": 100.0,
                "_formattedPartition_": "           1",
                "_column_": "predict",
                "_RespBest_": 0.0,
                "_DataRole_": "TRAIN",
                "_CumResp_": 96.67973621462,
                "_PctRespBest_": 0.0,
                "_Gain_": 0.61132893691033,
                "_CumLift_": 1.61132893691033,
                "_Event_": "1",
                "_TargetName_": null,
                "_PctResp_": 1.2012012012012,
                "_GainBest_": 0.66666666666666,
                "_CumLiftBest_": 1.66666666666666,
                "_Lift_": 0.08340566480101,
                "_CumPctResp_": 23.2062205746416,
                "_NEventsBest_": 0.0,
                "_CumPctRespBest_": 24.0031897926634,
                "_Value_": 0.0,
                "_NEvents_": 2.51051051051051,
                "_LiftBest_": 0.0,
                "_PartInd_": "1",
                "_Resp_": 0.41702832400506,
                "_Column_": "actual"
            },
            "rowNumber": 34
        },
        {
            "dataMap": {
                "_NObs_": 209.0,
                "_Depth_": 65.0,
                "_CumRespBest_": 100.0,
                "_formattedPartition_": "           1",
                "_column_": "predict",
                "_RespBest_": 0.0,
                "_DataRole_": "TRAIN",
                "_CumResp_": 97.096764538625,
                "_PctRespBest_": 0.0,
                "_Gain_": 0.4937963775173,
                "_CumLift_": 1.4937963775173,
                "_Event_": "1",
                "_TargetName_": null,
                "_PctResp_": 1.2012012012012,
                "_GainBest_": 0.53846153846153,
                "_CumLiftBest_": 1.53846153846153,
                "_Lift_": 0.08340566480101,
                "_CumPctResp_": 21.5135267766846,
                "_NEventsBest_": 0.0,
                "_CumPctRespBest_": 22.1567905778432,
                "_Value_": 0.0,
                "_NEvents_": 2.51051051051051,
                "_LiftBest_": 0.0,
                "_PartInd_": "1",
                "_Resp_": 0.41702832400506,
                "_Column_": "actual"
            },
            "rowNumber": 35
        },
        {
            "dataMap": {
                "_NObs_": 209.0,
                "_Depth_": 70.0,
                "_CumRespBest_": 100.0,
                "_formattedPartition_": "           1",
                "_column_": "predict",
                "_RespBest_": 0.0,
                "_DataRole_": "TRAIN",
                "_CumResp_": 97.5137928626301,
                "_PctRespBest_": 0.0,
                "_Gain_": 0.39305418375185,
                "_CumLift_": 1.39305418375185,
                "_Event_": "1",
                "_TargetName_": null,
                "_PctResp_": 1.2012012012012,
                "_GainBest_": 0.42857142857142,
                "_CumLiftBest_": 1.42857142857142,
                "_Lift_": 0.08340566480101,
                "_CumPctResp_": 20.0626463784358,
                "_NEventsBest_": 0.0,
                "_CumPctRespBest_": 20.5741626794258,
                "_Value_": 0.0,
                "_NEvents_": 2.51051051051051,
                "_LiftBest_": 0.0,
                "_PartInd_": "1",
                "_Resp_": 0.41702832400506,
                "_Column_": "actual"
            },
            "rowNumber": 36
        },
        {
            "dataMap": {
                "_NObs_": 209.0,
                "_Depth_": 75.0,
                "_CumRespBest_": 100.0,
                "_formattedPartition_": "           1",
                "_column_": "predict",
                "_RespBest_": 0.0,
                "_DataRole_": "TRAIN",
                "_CumResp_": 97.9308211866352,
                "_PctRespBest_": 0.0,
                "_Gain_": 0.30574428248846,
                "_CumLift_": 1.30574428248846,
                "_Event_": "1",
                "_TargetName_": null,
                "_PctResp_": 1.2012012012012,
                "_GainBest_": 0.33333333333333,
                "_CumLiftBest_": 1.33333333333333,
                "_Lift_": 0.08340566480101,
                "_CumPctResp_": 18.8052166999535,
                "_NEventsBest_": 0.0,
                "_CumPctRespBest_": 19.2025518341307,
                "_Value_": 0.0,
                "_NEvents_": 2.51051051051051,
                "_LiftBest_": 0.0,
                "_PartInd_": "1",
                "_Resp_": 0.41702832400506,
                "_Column_": "actual"
            },
            "rowNumber": 37
        },
        {
            "dataMap": {
                "_NObs_": 209.0,
                "_Depth_": 80.0,
                "_CumRespBest_": 100.0,
                "_formattedPartition_": "           1",
                "_column_": "predict",
                "_RespBest_": 0.0,
                "_DataRole_": "TRAIN",
                "_CumResp_": 98.3478495106403,
                "_PctRespBest_": 0.0,
                "_Gain_": 0.229348118883,
                "_CumLift_": 1.229348118883,
                "_Event_": "1",
                "_TargetName_": null,
                "_PctResp_": 1.2012012012012,
                "_GainBest_": 0.24999999999999,
                "_CumLiftBest_": 1.24999999999999,
                "_Lift_": 0.08340566480101,
                "_CumPctResp_": 17.7049657312815,
                "_NEventsBest_": 0.0,
                "_CumPctRespBest_": 18.0023923444976,
                "_Value_": 0.0,
                "_NEvents_": 2.51051051051051,
                "_LiftBest_": 0.0,
                "_PartInd_": "1",
                "_Resp_": 0.41702832400506,
                "_Column_": "actual"
            },
            "rowNumber": 38
        },
        {
            "dataMap": {
                "_NObs_": 209.0,
                "_Depth_": 85.0,
                "_CumRespBest_": 100.0,
                "_formattedPartition_": "           1",
                "_column_": "predict",
                "_RespBest_": 0.0,
                "_DataRole_": "TRAIN",
                "_CumResp_": 98.7648778346453,
                "_PctRespBest_": 0.0,
                "_Gain_": 0.16193973923111,
                "_CumLift_": 1.16193973923111,
                "_Event_": "1",
                "_TargetName_": null,
                "_PctResp_": 1.2012012012012,
                "_GainBest_": 0.17647058823529,
                "_CumLiftBest_": 1.17647058823529,
                "_Lift_": 0.08340566480101,
                "_CumPctResp_": 16.7341560530414,
                "_NEventsBest_": 0.0,
                "_CumPctRespBest_": 16.9434280889389,
                "_Value_": 0.0,
                "_NEvents_": 2.51051051051051,
                "_LiftBest_": 0.0,
                "_PartInd_": "1",
                "_Resp_": 0.41702832400506,
                "_Column_": "actual"
            },
            "rowNumber": 39
        },
        {
            "dataMap": {
                "_NObs_": 209.0,
                "_Depth_": 90.0,
                "_CumRespBest_": 100.0,
                "_formattedPartition_": "           1",
                "_column_": "predict",
                "_RespBest_": 0.0,
                "_DataRole_": "TRAIN",
                "_CumResp_": 99.1819061586504,
                "_PctRespBest_": 0.0,
                "_Gain_": 0.10202117954055,
                "_CumLift_": 1.10202117954055,
                "_Event_": "1",
                "_TargetName_": null,
                "_PctResp_": 1.2012012012012,
                "_GainBest_": 0.11111111111111,
                "_CumLiftBest_": 1.11111111111111,
                "_Lift_": 0.08340566480101,
                "_CumPctResp_": 15.8712141168281,
                "_NEventsBest_": 0.0,
                "_CumPctRespBest_": 16.0021265284423,
                "_Value_": 0.0,
                "_NEvents_": 2.51051051051051,
                "_LiftBest_": 0.0,
                "_PartInd_": "1",
                "_Resp_": 0.41702832400506,
                "_Column_": "actual"
            },
            "rowNumber": 40
        },
        {
            "dataMap": {
                "_NObs_": 209.0,
                "_Depth_": 95.0,
                "_CumRespBest_": 100.0,
                "_formattedPartition_": "           1",
                "_column_": "predict",
                "_RespBest_": 0.0,
                "_DataRole_": "TRAIN",
                "_CumResp_": 99.5989344826555,
                "_PctRespBest_": 0.0,
                "_Gain_": 0.04840983665952,
                "_CumLift_": 1.04840983665952,
                "_Event_": "1",
                "_TargetName_": null,
                "_PctResp_": 1.2012012012012,
                "_GainBest_": 0.05263157894736,
                "_CumLiftBest_": 1.05263157894736,
                "_Lift_": 0.08340566480101,
                "_CumPctResp_": 15.0991081739004,
                "_NEventsBest_": 0.0,
                "_CumPctRespBest_": 15.1599093427348,
                "_Value_": 0.0,
                "_NEvents_": 2.51051051051051,
                "_LiftBest_": 0.0,
                "_PartInd_": "1",
                "_Resp_": 0.41702832400506,
                "_Column_": "actual"
            },
            "rowNumber": 41
        },
        {
            "dataMap": {
                "_NObs_": 201.0,
                "_Depth_": 100.0,
                "_CumRespBest_": 100.0,
                "_formattedPartition_": "           1",
                "_column_": "predict",
                "_RespBest_": 0.0,
                "_DataRole_": "TRAIN",
                "_CumResp_": 100.0,
                "_PctRespBest_": 0.0,
                "_Gain_": -9.9920072216264e-16,
                "_CumLift_": 1.0,
                "_Event_": "1",
                "_TargetName_": null,
                "_PctResp_": 1.2012012012012,
                "_GainBest_": 0.0,
                "_CumLiftBest_": 1.0,
                "_Lift_": 0.08021310346891,
                "_CumPctResp_": 14.4295302013422,
                "_NEventsBest_": 0.0,
                "_CumPctRespBest_": 14.4295302013422,
                "_Value_": 0.0,
                "_NEvents_": 2.41441441441441,
                "_LiftBest_": 0.0,
                "_PartInd_": "1",
                "_Resp_": 0.40106551734458,
                "_Column_": "actual"
            },
            "rowNumber": 42
        },
        {
            "dataMap": {
                "_NObs_": "0",
                "_Depth_": "0",
                "_CumRespBest_": "0",
                "_formattedPartition_": "           2",
                "_column_": "predict",
                "_RespBest_": "0",
                "_DataRole_": "TEST",
                "_CumResp_": "0",
                "_Event_": null,
                "_TargetName_": null,
                "_NEventsBest_": "0",
                "_Value_": "0",
                "_NEvents_": "0",
                "_PartInd_": "2",
                "_Resp_": "0"
            },
            "rowNumber": 43
        },
        {
            "dataMap": {
                "_NObs_": 90.0,
                "_Depth_": 5.0,
                "_CumRespBest_": 88.235294117647,
                "_formattedPartition_": "           2",
                "_column_": "predict",
                "_RespBest_": 88.235294117647,
                "_DataRole_": "TEST",
                "_CumResp_": 25.6823190371249,
                "_PctRespBest_": 100.0,
                "_Gain_": 4.13646380742498,
                "_CumLift_": 5.13646380742498,
                "_Event_": "1",
                "_TargetName_": null,
                "_PctResp_": 29.1066282420749,
                "_GainBest_": 16.6470588235294,
                "_CumLiftBest_": 17.6470588235294,
                "_Lift_": 5.13646380742498,
                "_CumPctResp_": 29.1066282420749,
                "_NEventsBest_": 90.0,
                "_CumPctRespBest_": 100.0,
                "_Value_": 1.0,
                "_NEvents_": 26.1959654178674,
                "_LiftBest_": 17.6470588235294,
                "_PartInd_": "2",
                "_Resp_": 25.6823190371249,
                "_Column_": "actual"
            },
            "rowNumber": 44
        },
        {
            "dataMap": {
                "_NObs_": 90.0,
                "_Depth_": 10.0,
                "_CumRespBest_": 100.0,
                "_formattedPartition_": "           2",
                "_column_": "predict",
                "_RespBest_": 11.7647058823529,
                "_DataRole_": "TEST",
                "_CumResp_": 51.3646380742498,
                "_PctRespBest_": 13.3333333333333,
                "_Gain_": 4.13646380742498,
                "_CumLift_": 5.13646380742498,
                "_Event_": "1",
                "_TargetName_": null,
                "_PctResp_": 29.1066282420749,
                "_GainBest_": 9.0,
                "_CumLiftBest_": 10.0,
                "_Lift_": 5.13646380742498,
                "_CumPctResp_": 29.1066282420749,
                "_NEventsBest_": 12.0,
                "_CumPctRespBest_": 56.6666666666666,
                "_Value_": 1.0,
                "_NEvents_": 26.1959654178674,
                "_LiftBest_": 2.35294117647058,
                "_PartInd_": "2",
                "_Resp_": 25.6823190371249,
                "_Column_": "actual"
            },
            "rowNumber": 45
        },
        {
            "dataMap": {
                "_NObs_": 90.0,
                "_Depth_": 15.0,
                "_CumRespBest_": 100.0,
                "_formattedPartition_": "           2",
                "_column_": "predict",
                "_RespBest_": 0.0,
                "_DataRole_": "TEST",
                "_CumResp_": 77.0469571113748,
                "_PctRespBest_": 0.0,
                "_Gain_": 4.13646380742498,
                "_CumLift_": 5.13646380742498,
                "_Event_": "1",
                "_TargetName_": null,
                "_PctResp_": 29.1066282420749,
                "_GainBest_": 5.66666666666666,
                "_CumLiftBest_": 6.66666666666666,
                "_Lift_": 5.13646380742498,
                "_CumPctResp_": 29.1066282420749,
                "_NEventsBest_": 0.0,
                "_CumPctRespBest_": 37.7777777777777,
                "_Value_": 1.0,
                "_NEvents_": 26.1959654178674,
                "_LiftBest_": 0.0,
                "_PartInd_": "2",
                "_Resp_": 25.6823190371249,
                "_Column_": "actual"
            },
            "rowNumber": 46
        },
        {
            "dataMap": {
                "_NObs_": 90.0,
                "_Depth_": 20.0,
                "_CumRespBest_": 100.0,
                "_formattedPartition_": "           2",
                "_column_": "predict",
                "_RespBest_": 0.0,
                "_DataRole_": "TEST",
                "_CumResp_": 99.0284524635669,
                "_PctRespBest_": 0.0,
                "_Gain_": 3.95142262317834,
                "_CumLift_": 4.95142262317834,
                "_Event_": "1",
                "_TargetName_": null,
                "_PctResp_": 24.9123613991511,
                "_GainBest_": 4.0,
                "_CumLiftBest_": 5.0,
                "_Lift_": 4.39629907043843,
                "_CumPctResp_": 28.0580615313439,
                "_NEventsBest_": 0.0,
                "_CumPctRespBest_": 28.3333333333333,
                "_Value_": 0.0,
                "_NEvents_": 22.421125259236,
                "_LiftBest_": 0.0,
                "_PartInd_": "2",
                "_Resp_": 21.9814953521921,
                "_Column_": "actual"
            },
            "rowNumber": 47
        },
        {
            "dataMap": {
                "_NObs_": 90.0,
                "_Depth_": 25.0,
                "_CumRespBest_": 100.0,
                "_formattedPartition_": "           2",
                "_column_": "predict",
                "_RespBest_": 0.0,
                "_DataRole_": "TEST",
                "_CumResp_": 99.0896844511573,
                "_PctRespBest_": 0.0,
                "_Gain_": 2.96358737804629,
                "_CumLift_": 3.96358737804629,
                "_Event_": "1",
                "_TargetName_": null,
                "_PctResp_": 0.06939625260235,
                "_GainBest_": 3.0,
                "_CumLiftBest_": 4.0,
                "_Lift_": 0.01224639751806,
                "_CumPctResp_": 22.4603284755956,
                "_NEventsBest_": 0.0,
                "_CumPctRespBest_": 22.6666666666666,
                "_Value_": 0.0,
                "_NEvents_": 0.06245662734212,
                "_LiftBest_": 0.0,
                "_PartInd_": "2",
                "_Resp_": 0.06123198759031,
                "_Column_": "actual"
            },
            "rowNumber": 48
        },
        {
            "dataMap": {
                "_NObs_": 90.0,
                "_Depth_": 30.0,
                "_CumRespBest_": 100.0,
                "_formattedPartition_": "           2",
                "_column_": "predict",
                "_RespBest_": 0.0,
                "_DataRole_": "TEST",
                "_CumResp_": 99.1509164387476,
                "_PctRespBest_": 0.0,
                "_Gain_": 2.30503054795825,
                "_CumLift_": 3.30503054795825,
                "_Event_": "1",
                "_TargetName_": null,
                "_PctResp_": 0.06939625260235,
                "_GainBest_": 2.33333333333333,
                "_CumLiftBest_": 3.33333333333333,
                "_Lift_": 0.01224639751806,
                "_CumPctResp_": 18.7285064384301,
                "_NEventsBest_": 0.0,
                "_CumPctRespBest_": 18.8888888888888,
                "_Value_": 0.0,
                "_NEvents_": 0.06245662734212,
                "_LiftBest_": 0.0,
                "_PartInd_": "2",
                "_Resp_": 0.06123198759031,
                "_Column_": "actual"
            },
            "rowNumber": 49
        },
        {
            "dataMap": {
                "_NObs_": 90.0,
                "_Depth_": 35.0,
                "_CumRespBest_": 100.0,
                "_formattedPartition_": "           2",
                "_column_": "predict",
                "_RespBest_": 0.0,
                "_DataRole_": "TEST",
                "_CumResp_": 99.2121484263379,
                "_PctRespBest_": 0.0,
                "_Gain_": 1.83463281218108,
                "_CumLift_": 2.83463281218108,
                "_Event_": "1",
                "_TargetName_": null,
                "_PctResp_": 0.06939625260235,
                "_GainBest_": 1.85714285714285,
                "_CumLiftBest_": 2.85714285714285,
                "_Lift_": 0.01224639751806,
                "_CumPctResp_": 16.0629192690261,
                "_NEventsBest_": 0.0,
                "_CumPctRespBest_": 16.1904761904761,
                "_Value_": 0.0,
                "_NEvents_": 0.06245662734212,
                "_LiftBest_": 0.0,
                "_PartInd_": "2",
                "_Resp_": 0.06123198759031,
                "_Column_": "actual"
            },
            "rowNumber": 50
        },
        {
            "dataMap": {
                "_NObs_": 90.0,
                "_Depth_": 40.0,
                "_CumRespBest_": 100.0,
                "_formattedPartition_": "           2",
                "_column_": "predict",
                "_RespBest_": 0.0,
                "_DataRole_": "TEST",
                "_CumResp_": 99.2733804139282,
                "_PctRespBest_": 0.0,
                "_Gain_": 1.4818345103482,
                "_CumLift_": 2.4818345103482,
                "_Event_": "1",
                "_TargetName_": null,
                "_PctResp_": 0.06939625260235,
                "_GainBest_": 1.49999999999999,
                "_CumLiftBest_": 2.5,
                "_Lift_": 0.01224639751806,
                "_CumPctResp_": 14.0637288919731,
                "_NEventsBest_": 0.0,
                "_CumPctRespBest_": 14.1666666666666,
                "_Value_": 0.0,
                "_NEvents_": 0.06245662734212,
                "_LiftBest_": 0.0,
                "_PartInd_": "2",
                "_Resp_": 0.06123198759031,
                "_Column_": "actual"
            },
            "rowNumber": 51
        },
        {
            "dataMap": {
                "_NObs_": 90.0,
                "_Depth_": 45.0,
                "_CumRespBest_": 100.0,
                "_formattedPartition_": "           2",
                "_column_": "predict",
                "_RespBest_": 0.0,
                "_DataRole_": "TEST",
                "_CumResp_": 99.3346124015185,
                "_PctRespBest_": 0.0,
                "_Gain_": 1.20743583114485,
                "_CumLift_": 2.20743583114485,
                "_Event_": "1",
                "_TargetName_": null,
                "_PctResp_": 0.06939625260235,
                "_GainBest_": 1.22222222222222,
                "_CumLiftBest_": 2.22222222222222,
                "_Lift_": 0.01224639751806,
                "_CumPctResp_": 12.5088030431541,
                "_NEventsBest_": 0.0,
                "_CumPctRespBest_": 12.5925925925925,
                "_Value_": 0.0,
                "_NEvents_": 0.06245662734212,
                "_LiftBest_": 0.0,
                "_PartInd_": "2",
                "_Resp_": 0.06123198759031,
                "_Column_": "actual"
            },
            "rowNumber": 52
        },
        {
            "dataMap": {
                "_NObs_": 90.0,
                "_Depth_": 50.0,
                "_CumRespBest_": 100.0,
                "_formattedPartition_": "           2",
                "_column_": "predict",
                "_RespBest_": 0.0,
                "_DataRole_": "TEST",
                "_CumResp_": 99.3958443891089,
                "_PctRespBest_": 0.0,
                "_Gain_": 0.98791688778217,
                "_CumLift_": 1.98791688778217,
                "_Event_": "1",
                "_TargetName_": null,
                "_PctResp_": 0.06939625260235,
                "_GainBest_": 0.99999999999999,
                "_CumLiftBest_": 2.0,
                "_Lift_": 0.01224639751806,
                "_CumPctResp_": 11.264862364099,
                "_NEventsBest_": 0.0,
                "_CumPctRespBest_": 11.3333333333333,
                "_Value_": 0.0,
                "_NEvents_": 0.06245662734212,
                "_LiftBest_": 0.0,
                "_PartInd_": "2",
                "_Resp_": 0.06123198759031,
                "_Column_": "actual"
            },
            "rowNumber": 53
        },
        {
            "dataMap": {
                "_NObs_": 90.0,
                "_Depth_": 55.0,
                "_CumRespBest_": 100.0,
                "_formattedPartition_": "           2",
                "_column_": "predict",
                "_RespBest_": 0.0,
                "_DataRole_": "TEST",
                "_CumResp_": 99.4570763766992,
                "_PctRespBest_": 0.0,
                "_Gain_": 0.80831047957634,
                "_CumLift_": 1.80831047957634,
                "_Event_": "1",
                "_TargetName_": null,
                "_PctResp_": 0.06939625260235,
                "_GainBest_": 0.81818181818181,
                "_CumLiftBest_": 1.81818181818181,
                "_Lift_": 0.01224639751806,
                "_CumPctResp_": 10.2470927175993,
                "_NEventsBest_": 0.0,
                "_CumPctRespBest_": 10.3030303030303,
                "_Value_": 0.0,
                "_NEvents_": 0.06245662734212,
                "_LiftBest_": 0.0,
                "_PartInd_": "2",
                "_Resp_": 0.06123198759031,
                "_Column_": "actual"
            },
            "rowNumber": 54
        },
        {
            "dataMap": {
                "_NObs_": 90.0,
                "_Depth_": 60.0,
                "_CumRespBest_": 100.0,
                "_formattedPartition_": "           2",
                "_column_": "predict",
                "_RespBest_": 0.0,
                "_DataRole_": "TEST",
                "_CumResp_": 99.5183083642895,
                "_PctRespBest_": 0.0,
                "_Gain_": 0.65863847273815,
                "_CumLift_": 1.65863847273815,
                "_Event_": "1",
                "_TargetName_": null,
                "_PctResp_": 0.06939625260235,
                "_GainBest_": 0.66666666666666,
                "_CumLiftBest_": 1.66666666666666,
                "_Lift_": 0.01224639751806,
                "_CumPctResp_": 9.39895134551623,
                "_NEventsBest_": 0.0,
                "_CumPctRespBest_": 9.44444444444444,
                "_Value_": 0.0,
                "_NEvents_": 0.06245662734212,
                "_LiftBest_": 0.0,
                "_PartInd_": "2",
                "_Resp_": 0.06123198759031,
                "_Column_": "actual"
            },
            "rowNumber": 55
        },
        {
            "dataMap": {
                "_NObs_": 90.0,
                "_Depth_": 65.0,
                "_CumRespBest_": 100.0,
                "_formattedPartition_": "           2",
                "_column_": "predict",
                "_RespBest_": 0.0,
                "_DataRole_": "TEST",
                "_CumResp_": 99.5795403518798,
                "_PctRespBest_": 0.0,
                "_Gain_": 0.53199292849045,
                "_CumLift_": 1.53199292849045,
                "_Event_": "1",
                "_TargetName_": null,
                "_PctResp_": 0.06939625260235,
                "_GainBest_": 0.53846153846153,
                "_CumLiftBest_": 1.53846153846153,
                "_Lift_": 0.01224639751806,
                "_CumPctResp_": 8.68129326144593,
                "_NEventsBest_": 0.0,
                "_CumPctRespBest_": 8.71794871794871,
                "_Value_": 0.0,
                "_NEvents_": 0.06245662734212,
                "_LiftBest_": 0.0,
                "_PartInd_": "2",
                "_Resp_": 0.06123198759031,
                "_Column_": "actual"
            },
            "rowNumber": 56
        },
        {
            "dataMap": {
                "_NObs_": 90.0,
                "_Depth_": 70.0,
                "_CumRespBest_": 100.0,
                "_formattedPartition_": "           2",
                "_column_": "predict",
                "_RespBest_": 0.0,
                "_DataRole_": "TEST",
                "_CumResp_": 99.6407723394701,
                "_PctRespBest_": 0.0,
                "_Gain_": 0.42343960484957,
                "_CumLift_": 1.42343960484957,
                "_Event_": "1",
                "_TargetName_": null,
                "_PctResp_": 0.06939625260235,
                "_GainBest_": 0.42857142857142,
                "_CumLiftBest_": 1.42857142857142,
                "_Lift_": 0.01224639751806,
                "_CumPctResp_": 8.06615776081425,
                "_NEventsBest_": 0.0,
                "_CumPctRespBest_": 8.09523809523809,
                "_Value_": 0.0,
                "_NEvents_": 0.06245662734212,
                "_LiftBest_": 0.0,
                "_PartInd_": "2",
                "_Resp_": 0.06123198759031,
                "_Column_": "actual"
            },
            "rowNumber": 57
        },
        {
            "dataMap": {
                "_NObs_": 90.0,
                "_Depth_": 75.0,
                "_CumRespBest_": 100.0,
                "_formattedPartition_": "           2",
                "_column_": "predict",
                "_RespBest_": 0.0,
                "_DataRole_": "TEST",
                "_CumResp_": 99.7020043270604,
                "_PctRespBest_": 0.0,
                "_Gain_": 0.32936005769414,
                "_CumLift_": 1.32936005769414,
                "_Event_": "1",
                "_TargetName_": null,
                "_PctResp_": 0.06939625260235,
                "_GainBest_": 0.33333333333333,
                "_CumLiftBest_": 1.33333333333333,
                "_Lift_": 0.01224639751806,
                "_CumPctResp_": 7.53304032693346,
                "_NEventsBest_": 0.0,
                "_CumPctRespBest_": 7.55555555555555,
                "_Value_": 0.0,
                "_NEvents_": 0.06245662734212,
                "_LiftBest_": 0.0,
                "_PartInd_": "2",
                "_Resp_": 0.06123198759031,
                "_Column_": "actual"
            },
            "rowNumber": 58
        },
        {
            "dataMap": {
                "_NObs_": 90.0,
                "_Depth_": 80.0,
                "_CumRespBest_": 100.0,
                "_formattedPartition_": "           2",
                "_column_": "predict",
                "_RespBest_": 0.0,
                "_DataRole_": "TEST",
                "_CumResp_": 99.7632363146508,
                "_PctRespBest_": 0.0,
                "_Gain_": 0.24704045393313,
                "_CumLift_": 1.24704045393313,
                "_Event_": "1",
                "_TargetName_": null,
                "_PctResp_": 0.06939625260235,
                "_GainBest_": 0.25,
                "_CumLiftBest_": 1.25,
                "_Lift_": 0.01224639751806,
                "_CumPctResp_": 7.06656257228777,
                "_NEventsBest_": 0.0,
                "_CumPctRespBest_": 7.08333333333333,
                "_Value_": 0.0,
                "_NEvents_": 0.06245662734212,
                "_LiftBest_": 0.0,
                "_PartInd_": "2",
                "_Resp_": 0.06123198759031,
                "_Column_": "actual"
            },
            "rowNumber": 59
        },
        {
            "dataMap": {
                "_NObs_": 90.0,
                "_Depth_": 85.0,
                "_CumRespBest_": 100.0,
                "_formattedPartition_": "           2",
                "_column_": "predict",
                "_RespBest_": 0.0,
                "_DataRole_": "TEST",
                "_CumResp_": 99.8244683022411,
                "_PctRespBest_": 0.0,
                "_Gain_": 0.17440550943813,
                "_CumLift_": 1.17440550943813,
                "_Event_": "1",
                "_TargetName_": null,
                "_PctResp_": 0.06939625260235,
                "_GainBest_": 0.17647058823529,
                "_CumLiftBest_": 1.17647058823529,
                "_Lift_": 0.01224639751806,
                "_CumPctResp_": 6.65496455348274,
                "_NEventsBest_": 0.0,
                "_CumPctRespBest_": 6.66666666666666,
                "_Value_": 0.0,
                "_NEvents_": 0.06245662734212,
                "_LiftBest_": 0.0,
                "_PartInd_": "2",
                "_Resp_": 0.06123198759031,
                "_Column_": "actual"
            },
            "rowNumber": 60
        },
        {
            "dataMap": {
                "_NObs_": 90.0,
                "_Depth_": 90.0,
                "_CumRespBest_": 100.0,
                "_formattedPartition_": "           2",
                "_column_": "predict",
                "_RespBest_": 0.0,
                "_DataRole_": "TEST",
                "_CumResp_": 99.8857002898314,
                "_PctRespBest_": 0.0,
                "_Gain_": 0.10984111433146,
                "_CumLift_": 1.10984111433146,
                "_Event_": "1",
                "_TargetName_": null,
                "_PctResp_": 0.06939625260235,
                "_GainBest_": 0.11111111111111,
                "_CumLiftBest_": 1.11111111111111,
                "_Lift_": 0.01224639751806,
                "_CumPctResp_": 6.28909964787828,
                "_NEventsBest_": 0.0,
                "_CumPctRespBest_": 6.29629629629629,
                "_Value_": 0.0,
                "_NEvents_": 0.06245662734212,
                "_LiftBest_": 0.0,
                "_PartInd_": "2",
                "_Resp_": 0.06123198759031,
                "_Column_": "actual"
            },
            "rowNumber": 61
        },
        {
            "dataMap": {
                "_NObs_": 90.0,
                "_Depth_": 95.0,
                "_CumRespBest_": 100.0,
                "_formattedPartition_": "           2",
                "_column_": "predict",
                "_RespBest_": 0.0,
                "_DataRole_": "TEST",
                "_CumResp_": 99.9469322774217,
                "_PctRespBest_": 0.0,
                "_Gain_": 0.05207297134128,
                "_CumLift_": 1.05207297134128,
                "_Event_": "1",
                "_TargetName_": null,
                "_PctResp_": 0.06939625260235,
                "_GainBest_": 0.05263157894736,
                "_CumLiftBest_": 1.05263157894736,
                "_Lift_": 0.01224639751806,
                "_CumPctResp_": 5.9617468376006,
                "_NEventsBest_": 0.0,
                "_CumPctRespBest_": 5.96491228070175,
                "_Value_": 0.0,
                "_NEvents_": 0.06245662734212,
                "_LiftBest_": 0.0,
                "_PartInd_": "2",
                "_Resp_": 0.06123198759031,
                "_Column_": "actual"
            },
            "rowNumber": 62
        },
        {
            "dataMap": {
                "_NObs_": 78.0,
                "_Depth_": 100.0,
                "_CumRespBest_": 100.0,
                "_formattedPartition_": "           2",
                "_column_": "predict",
                "_RespBest_": 0.0,
                "_DataRole_": "TEST",
                "_CumResp_": 100.0,
                "_PctRespBest_": 0.0,
                "_Gain_": 8.8817841970012e-16,
                "_CumLift_": 1.0,
                "_Event_": "1",
                "_TargetName_": null,
                "_PctResp_": 0.06939625260235,
                "_GainBest_": 0.0,
                "_CumLiftBest_": 1.0,
                "_Lift_": 0.01061354451565,
                "_CumPctResp_": 5.70469798657718,
                "_NEventsBest_": 0.0,
                "_CumPctRespBest_": 5.70469798657718,
                "_Value_": 0.0,
                "_NEvents_": 0.05412907702984,
                "_LiftBest_": 0.0,
                "_PartInd_": "2",
                "_Resp_": 0.05306772257827,
                "_Column_": "actual"
            },
            "rowNumber": 63
        }
    ],
    "version": 1,
    "xInteger": false,
    "yInteger": false
}