{
    "name": "dmcas_lift",
    "revision": 0,
    "order": 0,
    "parameterMap": {
        "_NObs_": {
            "parameter": "_NObs_",
            "type": "num",
            "label": "Sum of Frequencies",
            "length": 8,
            "order": 9,
            "values": [
                "_NObs_"
            ],
            "preformatted": false
        },
        "_Depth_": {
            "parameter": "_Depth_",
            "type": "num",
            "label": "Depth",
            "length": 8,
            "order": 7,
            "values": [
                "_Depth_"
            ],
            "preformatted": false
        },
        "_CumRespBest_": {
            "parameter": "_CumRespBest_",
            "type": "num",
            "label": "Best Cumulative Captured Response Percentage",
            "length": 8,
            "order": 17,
            "values": [
                "_CumRespBest_"
            ],
            "preformatted": false
        },
        "_formattedPartition_": {
            "parameter": "_formattedPartition_",
            "type": "char",
            "label": "Formatted Partition",
            "length": 12,
            "order": 4,
            "values": [
                "_formattedPartition_"
            ],
            "preformatted": false
        },
        "_Column_": {
            "parameter": "_Column_",
            "type": "char",
            "label": "Analysis Variable",
            "length": 8,
            "order": 5,
            "values": [
                "_Column_"
            ],
            "preformatted": false
        },
        "_RespBest_": {
            "parameter": "_RespBest_",
            "type": "num",
            "label": "Best Captured Response Percentage",
            "length": 8,
            "order": 13,
            "values": [
                "_RespBest_"
            ],
            "preformatted": false
        },
        "_DataRole_": {
            "parameter": "_DataRole_",
            "type": "char",
            "label": "Data Role",
            "length": 10,
            "order": 2,
            "values": [
                "_DataRole_"
            ],
            "preformatted": false
        },
        "_CumResp_": {
            "parameter": "_CumResp_",
            "type": "num",
            "label": "Cumulative Captured Response Percentage",
            "length": 8,
            "order": 16,
            "values": [
                "_CumResp_"
            ],
            "preformatted": false
        },
        "_PctRespBest_": {
            "parameter": "_PctRespBest_",
            "type": "num",
            "label": "Best Response Percentage",
            "length": 8,
            "order": 21,
            "values": [
                "_PctRespBest_"
            ],
            "preformatted": false
        },
        "_Gain_": {
            "parameter": "_Gain_",
            "type": "num",
            "label": "Gain",
            "length": 8,
            "order": 24,
            "values": [
                "_Gain_"
            ],
            "preformatted": false
        },
        "_CumLift_": {
            "parameter": "_CumLift_",
            "type": "num",
            "label": "Cumulative Lift",
            "length": 8,
            "order": 18,
            "values": [
                "_CumLift_"
            ],
            "preformatted": false
        },
        "_Event_": {
            "parameter": "_Event_",
            "type": "char",
            "label": "Event",
            "length": 12,
            "order": 6,
            "values": [
                "_Event_"
            ],
            "preformatted": false
        },
        "_TargetName_": {
            "parameter": "_TargetName_",
            "type": "char",
            "label": "Target Name",
            "length": 6,
            "order": 1,
            "values": [
                "_TargetName_"
            ],
            "preformatted": false
        },
        "_PctResp_": {
            "parameter": "_PctResp_",
            "type": "num",
            "label": "Response Percentage",
            "length": 8,
            "order": 20,
            "values": [
                "_PctResp_"
            ],
            "preformatted": false
        },
        "_GainBest_": {
            "parameter": "_GainBest_",
            "type": "num",
            "label": "Best Gain",
            "length": 8,
            "order": 25,
            "values": [
                "_GainBest_"
            ],
            "preformatted": false
        },
        "_CumLiftBest_": {
            "parameter": "_CumLiftBest_",
            "type": "num",
            "label": "Best Cumulative Lift",
            "length": 8,
            "order": 19,
            "values": [
                "_CumLiftBest_"
            ],
            "preformatted": false
        },
        "_Lift_": {
            "parameter": "_Lift_",
            "type": "num",
            "label": "Lift",
            "length": 8,
            "order": 14,
            "values": [
                "_Lift_"
            ],
            "preformatted": false
        },
        "_CumPctResp_": {
            "parameter": "_CumPctResp_",
            "type": "num",
            "label": "Cumulative Response Percentage",
            "length": 8,
            "order": 22,
            "values": [
                "_CumPctResp_"
            ],
            "preformatted": false
        },
        "_NEventsBest_": {
            "parameter": "_NEventsBest_",
            "type": "num",
            "label": "Best Number of Events",
            "length": 8,
            "order": 11,
            "values": [
                "_NEventsBest_"
            ],
            "preformatted": false
        },
        "_CumPctRespBest_": {
            "parameter": "_CumPctRespBest_",
            "type": "num",
            "label": "Best Cumulative Response Percentage",
            "length": 8,
            "order": 23,
            "values": [
                "_CumPctRespBest_"
            ],
            "preformatted": false
        },
        "_Value_": {
            "parameter": "_Value_",
            "type": "num",
            "label": "Value",
            "length": 8,
            "order": 8,
            "values": [
                "_Value_"
            ],
            "preformatted": false
        },
        "_NEvents_": {
            "parameter": "_NEvents_",
            "type": "num",
            "label": "Number of Events",
            "length": 8,
            "order": 10,
            "values": [
                "_NEvents_"
            ],
            "preformatted": false
        },
        "_LiftBest_": {
            "parameter": "_LiftBest_",
            "type": "num",
            "label": "Best Lift",
            "length": 8,
            "order": 15,
            "values": [
                "_LiftBest_"
            ],
            "preformatted": false
        },
        "_PartInd_": {
            "parameter": "_PartInd_",
            "type": "num",
            "label": "Partition Indicator",
            "length": 8,
            "order": 3,
            "values": [
                "_PartInd_"
            ],
            "preformatted": false
        },
        "_Resp_": {
            "parameter": "_Resp_",
            "type": "num",
            "label": "Captured Response Percentage",
            "length": 8,
            "order": 12,
            "values": [
                "_Resp_"
            ],
            "preformatted": false
        }
    },
    "data": [
        {
            "dataMap": {
                "_NObs_": "0",
                "_Depth_": "0",
                "_CumRespBest_": "0",
                "_formattedPartition_": "           0",
                "_Column_": "predict",
                "_RespBest_": "0",
                "_DataRole_": "VALIDATE",
                "_CumResp_": "0",
                "_Event_": null,
                "_TargetName_": null,
                "_NEventsBest_": "0",
                "_Value_": "0",
                "_NEvents_": "0",
                "_PartInd_": "0",
                "_Resp_": "0"
            },
            "rowNumber": 1
        },
        {
            "dataMap": {
                "_NObs_": null,
                "_Depth_": null,
                "_CumRespBest_": null,
                "_formattedPartition_": "           0",
                "_column_": "predict",
                "_RespBest_": null,
                "_DataRole_": "VALIDATE",
                "_CumResp_": null,
                "_PctRespBest_": null,
                "_Gain_": null,
                "_CumLift_": null,
                "_Event_": null,
                "_TargetName_": null,
                "_PctResp_": null,
                "_GainBest_": null,
                "_CumLiftBest_": null,
                "_Lift_": null,
                "_CumPctResp_": null,
                "_NEventsBest_": null,
                "_CumPctRespBest_": null,
                "_Value_": null,
                "_NEvents_": null,
                "_LiftBest_": null,
                "_PartInd_": "0",
                "_Resp_": null
            },
            "rowNumber": 2
        },
        {
            "dataMap": {
                "_NObs_": null,
                "_Depth_": null,
                "_CumRespBest_": null,
                "_formattedPartition_": "           0",
                "_column_": "predict",
                "_RespBest_": null,
                "_DataRole_": "VALIDATE",
                "_CumResp_": null,
                "_PctRespBest_": null,
                "_Gain_": null,
                "_CumLift_": null,
                "_Event_": null,
                "_TargetName_": null,
                "_PctResp_": null,
                "_GainBest_": null,
                "_CumLiftBest_": null,
                "_Lift_": null,
                "_CumPctResp_": null,
                "_NEventsBest_": null,
                "_CumPctRespBest_": null,
                "_Value_": null,
                "_NEvents_": null,
                "_LiftBest_": null,
                "_PartInd_": "0",
                "_Resp_": null
            },
            "rowNumber": 3
        },
        {
            "dataMap": {
                "_NObs_": null,
                "_Depth_": null,
                "_CumRespBest_": null,
                "_formattedPartition_": "           0",
                "_column_": "predict",
                "_RespBest_": null,
                "_DataRole_": "VALIDATE",
                "_CumResp_": null,
                "_PctRespBest_": null,
                "_Gain_": null,
                "_CumLift_": null,
                "_Event_": null,
                "_TargetName_": null,
                "_PctResp_": null,
                "_GainBest_": null,
                "_CumLiftBest_": null,
                "_Lift_": null,
                "_CumPctResp_": null,
                "_NEventsBest_": null,
                "_CumPctRespBest_": null,
                "_Value_": null,
                "_NEvents_": null,
                "_LiftBest_": null,
                "_PartInd_": "0",
                "_Resp_": null
            },
            "rowNumber": 4
        },
        {
            "dataMap": {
                "_NObs_": null,
                "_Depth_": null,
                "_CumRespBest_": null,
                "_formattedPartition_": "           0",
                "_column_": "predict",
                "_RespBest_": null,
                "_DataRole_": "VALIDATE",
                "_CumResp_": null,
                "_PctRespBest_": null,
                "_Gain_": null,
                "_CumLift_": null,
                "_Event_": null,
                "_TargetName_": null,
                "_PctResp_": null,
                "_GainBest_": null,
                "_CumLiftBest_": null,
                "_Lift_": null,
                "_CumPctResp_": null,
                "_NEventsBest_": null,
                "_CumPctRespBest_": null,
                "_Value_": null,
                "_NEvents_": null,
                "_LiftBest_": null,
                "_PartInd_": "0",
                "_Resp_": null
            },
            "rowNumber": 5
        },
        {
            "dataMap": {
                "_NObs_": null,
                "_Depth_": null,
                "_CumRespBest_": null,
                "_formattedPartition_": "           0",
                "_column_": "predict",
                "_RespBest_": null,
                "_DataRole_": "VALIDATE",
                "_CumResp_": null,
                "_PctRespBest_": null,
                "_Gain_": null,
                "_CumLift_": null,
                "_Event_": null,
                "_TargetName_": null,
                "_PctResp_": null,
                "_GainBest_": null,
                "_CumLiftBest_": null,
                "_Lift_": null,
                "_CumPctResp_": null,
                "_NEventsBest_": null,
                "_CumPctRespBest_": null,
                "_Value_": null,
                "_NEvents_": null,
                "_LiftBest_": null,
                "_PartInd_": "0",
                "_Resp_": null
            },
            "rowNumber": 6
        },
        {
            "dataMap": {
                "_NObs_": null,
                "_Depth_": null,
                "_CumRespBest_": null,
                "_formattedPartition_": "           0",
                "_column_": "predict",
                "_RespBest_": null,
                "_DataRole_": "VALIDATE",
                "_CumResp_": null,
                "_PctRespBest_": null,
                "_Gain_": null,
                "_CumLift_": null,
                "_Event_": null,
                "_TargetName_": null,
                "_PctResp_": null,
                "_GainBest_": null,
                "_CumLiftBest_": null,
                "_Lift_": null,
                "_CumPctResp_": null,
                "_NEventsBest_": null,
                "_CumPctRespBest_": null,
                "_Value_": null,
                "_NEvents_": null,
                "_LiftBest_": null,
                "_PartInd_": "0",
                "_Resp_": null
            },
            "rowNumber": 7
        },
        {
            "dataMap": {
                "_NObs_": null,
                "_Depth_": null,
                "_CumRespBest_": null,
                "_formattedPartition_": "           0",
                "_column_": "predict",
                "_RespBest_": null,
                "_DataRole_": "VALIDATE",
                "_CumResp_": null,
                "_PctRespBest_": null,
                "_Gain_": null,
                "_CumLift_": null,
                "_Event_": null,
                "_TargetName_": null,
                "_PctResp_": null,
                "_GainBest_": null,
                "_CumLiftBest_": null,
                "_Lift_": null,
                "_CumPctResp_": null,
                "_NEventsBest_": null,
                "_CumPctRespBest_": null,
                "_Value_": null,
                "_NEvents_": null,
                "_LiftBest_": null,
                "_PartInd_": "0",
                "_Resp_": null
            },
            "rowNumber": 8
        },
        {
            "dataMap": {
                "_NObs_": null,
                "_Depth_": null,
                "_CumRespBest_": null,
                "_formattedPartition_": "           0",
                "_column_": "predict",
                "_RespBest_": null,
                "_DataRole_": "VALIDATE",
                "_CumResp_": null,
                "_PctRespBest_": null,
                "_Gain_": null,
                "_CumLift_": null,
                "_Event_": null,
                "_TargetName_": null,
                "_PctResp_": null,
                "_GainBest_": null,
                "_CumLiftBest_": null,
                "_Lift_": null,
                "_CumPctResp_": null,
                "_NEventsBest_": null,
                "_CumPctRespBest_": null,
                "_Value_": null,
                "_NEvents_": null,
                "_LiftBest_": null,
                "_PartInd_": "0",
                "_Resp_": null
            },
            "rowNumber": 9
        },
        {
            "dataMap": {
                "_NObs_": null,
                "_Depth_": null,
                "_CumRespBest_": null,
                "_formattedPartition_": "           0",
                "_column_": "predict",
                "_RespBest_": null,
                "_DataRole_": "VALIDATE",
                "_CumResp_": null,
                "_PctRespBest_": null,
                "_Gain_": null,
                "_CumLift_": null,
                "_Event_": null,
                "_TargetName_": null,
                "_PctResp_": null,
                "_GainBest_": null,
                "_CumLiftBest_": null,
                "_Lift_": null,
                "_CumPctResp_": null,
                "_NEventsBest_": null,
                "_CumPctRespBest_": null,
                "_Value_": null,
                "_NEvents_": null,
                "_LiftBest_": null,
                "_PartInd_": "0",
                "_Resp_": null
            },
            "rowNumber": 10
        },
        {
            "dataMap": {
                "_NObs_": null,
                "_Depth_": null,
                "_CumRespBest_": null,
                "_formattedPartition_": "           0",
                "_column_": "predict",
                "_RespBest_": null,
                "_DataRole_": "VALIDATE",
                "_CumResp_": null,
                "_PctRespBest_": null,
                "_Gain_": null,
                "_CumLift_": null,
                "_Event_": null,
                "_TargetName_": null,
                "_PctResp_": null,
                "_GainBest_": null,
                "_CumLiftBest_": null,
                "_Lift_": null,
                "_CumPctResp_": null,
                "_NEventsBest_": null,
                "_CumPctRespBest_": null,
                "_Value_": null,
                "_NEvents_": null,
                "_LiftBest_": null,
                "_PartInd_": "0",
                "_Resp_": null
            },
            "rowNumber": 11
        },
        {
            "dataMap": {
                "_NObs_": null,
                "_Depth_": null,
                "_CumRespBest_": null,
                "_formattedPartition_": "           0",
                "_column_": "predict",
                "_RespBest_": null,
                "_DataRole_": "VALIDATE",
                "_CumResp_": null,
                "_PctRespBest_": null,
                "_Gain_": null,
                "_CumLift_": null,
                "_Event_": null,
                "_TargetName_": null,
                "_PctResp_": null,
                "_GainBest_": null,
                "_CumLiftBest_": null,
                "_Lift_": null,
                "_CumPctResp_": null,
                "_NEventsBest_": null,
                "_CumPctRespBest_": null,
                "_Value_": null,
                "_NEvents_": null,
                "_LiftBest_": null,
                "_PartInd_": "0",
                "_Resp_": null
            },
            "rowNumber": 12
        },
        {
            "dataMap": {
                "_NObs_": null,
                "_Depth_": null,
                "_CumRespBest_": null,
                "_formattedPartition_": "           0",
                "_column_": "predict",
                "_RespBest_": null,
                "_DataRole_": "VALIDATE",
                "_CumResp_": null,
                "_PctRespBest_": null,
                "_Gain_": null,
                "_CumLift_": null,
                "_Event_": null,
                "_TargetName_": null,
                "_PctResp_": null,
                "_GainBest_": null,
                "_CumLiftBest_": null,
                "_Lift_": null,
                "_CumPctResp_": null,
                "_NEventsBest_": null,
                "_CumPctRespBest_": null,
                "_Value_": null,
                "_NEvents_": null,
                "_LiftBest_": null,
                "_PartInd_": "0",
                "_Resp_": null
            },
            "rowNumber": 13
        },
        {
            "dataMap": {
                "_NObs_": null,
                "_Depth_": null,
                "_CumRespBest_": null,
                "_formattedPartition_": "           0",
                "_column_": "predict",
                "_RespBest_": null,
                "_DataRole_": "VALIDATE",
                "_CumResp_": null,
                "_PctRespBest_": null,
                "_Gain_": null,
                "_CumLift_": null,
                "_Event_": null,
                "_TargetName_": null,
                "_PctResp_": null,
                "_GainBest_": null,
                "_CumLiftBest_": null,
                "_Lift_": null,
                "_CumPctResp_": null,
                "_NEventsBest_": null,
                "_CumPctRespBest_": null,
                "_Value_": null,
                "_NEvents_": null,
                "_LiftBest_": null,
                "_PartInd_": "0",
                "_Resp_": null
            },
            "rowNumber": 14
        },
        {
            "dataMap": {
                "_NObs_": null,
                "_Depth_": null,
                "_CumRespBest_": null,
                "_formattedPartition_": "           0",
                "_column_": "predict",
                "_RespBest_": null,
                "_DataRole_": "VALIDATE",
                "_CumResp_": null,
                "_PctRespBest_": null,
                "_Gain_": null,
                "_CumLift_": null,
                "_Event_": null,
                "_TargetName_": null,
                "_PctResp_": null,
                "_GainBest_": null,
                "_CumLiftBest_": null,
                "_Lift_": null,
                "_CumPctResp_": null,
                "_NEventsBest_": null,
                "_CumPctRespBest_": null,
                "_Value_": null,
                "_NEvents_": null,
                "_LiftBest_": null,
                "_PartInd_": "0",
                "_Resp_": null
            },
            "rowNumber": 15
        },
        {
            "dataMap": {
                "_NObs_": null,
                "_Depth_": null,
                "_CumRespBest_": null,
                "_formattedPartition_": "           0",
                "_column_": "predict",
                "_RespBest_": null,
                "_DataRole_": "VALIDATE",
                "_CumResp_": null,
                "_PctRespBest_": null,
                "_Gain_": null,
                "_CumLift_": null,
                "_Event_": null,
                "_TargetName_": null,
                "_PctResp_": null,
                "_GainBest_": null,
                "_CumLiftBest_": null,
                "_Lift_": null,
                "_CumPctResp_": null,
                "_NEventsBest_": null,
                "_CumPctRespBest_": null,
                "_Value_": null,
                "_NEvents_": null,
                "_LiftBest_": null,
                "_PartInd_": "0",
                "_Resp_": null
            },
            "rowNumber": 16
        },
        {
            "dataMap": {
                "_NObs_": null,
                "_Depth_": null,
                "_CumRespBest_": null,
                "_formattedPartition_": "           0",
                "_column_": "predict",
                "_RespBest_": null,
                "_DataRole_": "VALIDATE",
                "_CumResp_": null,
                "_PctRespBest_": null,
                "_Gain_": null,
                "_CumLift_": null,
                "_Event_": null,
                "_TargetName_": null,
                "_PctResp_": null,
                "_GainBest_": null,
                "_CumLiftBest_": null,
                "_Lift_": null,
                "_CumPctResp_": null,
                "_NEventsBest_": null,
                "_CumPctRespBest_": null,
                "_Value_": null,
                "_NEvents_": null,
                "_LiftBest_": null,
                "_PartInd_": "0",
                "_Resp_": null
            },
            "rowNumber": 17
        },
        {
            "dataMap": {
                "_NObs_": null,
                "_Depth_": null,
                "_CumRespBest_": null,
                "_formattedPartition_": "           0",
                "_column_": "predict",
                "_RespBest_": null,
                "_DataRole_": "VALIDATE",
                "_CumResp_": null,
                "_PctRespBest_": null,
                "_Gain_": null,
                "_CumLift_": null,
                "_Event_": null,
                "_TargetName_": null,
                "_PctResp_": null,
                "_GainBest_": null,
                "_CumLiftBest_": null,
                "_Lift_": null,
                "_CumPctResp_": null,
                "_NEventsBest_": null,
                "_CumPctRespBest_": null,
                "_Value_": null,
                "_NEvents_": null,
                "_LiftBest_": null,
                "_PartInd_": "0",
                "_Resp_": null
            },
            "rowNumber": 18
        },
        {
            "dataMap": {
                "_NObs_": null,
                "_Depth_": null,
                "_CumRespBest_": null,
                "_formattedPartition_": "           0",
                "_column_": "predict",
                "_RespBest_": null,
                "_DataRole_": "VALIDATE",
                "_CumResp_": null,
                "_PctRespBest_": null,
                "_Gain_": null,
                "_CumLift_": null,
                "_Event_": null,
                "_TargetName_": null,
                "_PctResp_": null,
                "_GainBest_": null,
                "_CumLiftBest_": null,
                "_Lift_": null,
                "_CumPctResp_": null,
                "_NEventsBest_": null,
                "_CumPctRespBest_": null,
                "_Value_": null,
                "_NEvents_": null,
                "_LiftBest_": null,
                "_PartInd_": "0",
                "_Resp_": null
            },
            "rowNumber": 19
        },
        {
            "dataMap": {
                "_NObs_": null,
                "_Depth_": null,
                "_CumRespBest_": null,
                "_formattedPartition_": "           0",
                "_column_": "predict",
                "_RespBest_": null,
                "_DataRole_": "VALIDATE",
                "_CumResp_": null,
                "_PctRespBest_": null,
                "_Gain_": null,
                "_CumLift_": null,
                "_Event_": null,
                "_TargetName_": null,
                "_PctResp_": null,
                "_GainBest_": null,
                "_CumLiftBest_": null,
                "_Lift_": null,
                "_CumPctResp_": null,
                "_NEventsBest_": null,
                "_CumPctRespBest_": null,
                "_Value_": null,
                "_NEvents_": null,
                "_LiftBest_": null,
                "_PartInd_": "0",
                "_Resp_": null
            },
            "rowNumber": 20
        },
        {
            "dataMap": {
                "_NObs_": null,
                "_Depth_": null,
                "_CumRespBest_": null,
                "_formattedPartition_": "           0",
                "_column_": "predict",
                "_RespBest_": null,
                "_DataRole_": "VALIDATE",
                "_CumResp_": null,
                "_PctRespBest_": null,
                "_Gain_": null,
                "_CumLift_": null,
                "_Event_": null,
                "_TargetName_": null,
                "_PctResp_": null,
                "_GainBest_": null,
                "_CumLiftBest_": null,
                "_Lift_": null,
                "_CumPctResp_": null,
                "_NEventsBest_": null,
                "_CumPctRespBest_": null,
                "_Value_": null,
                "_NEvents_": null,
                "_LiftBest_": null,
                "_PartInd_": "0",
                "_Resp_": null
            },
            "rowNumber": 21
        },
        {
            "dataMap": {
                "_NObs_": "0",
                "_Depth_": "0",
                "_CumRespBest_": "0",
                "_formattedPartition_": "           1",
                "_column_": "predict",
                "_RespBest_": "0",
                "_DataRole_": "TRAIN",
                "_CumResp_": "0",
                "_Event_": null,
                "_TargetName_": null,
                "_NEventsBest_": "0",
                "_Value_": "0",
                "_NEvents_": "0",
                "_PartInd_": "1",
                "_Resp_": "0"
            },
            "rowNumber": 22
        },
        {
            "dataMap": {
                "_NObs_": 209.0,
                "_Depth_": 5.0,
                "_CumRespBest_": 34.8333333333333,
                "_formattedPartition_": "           1",
                "_column_": "predict",
                "_RespBest_": 34.8333333333333,
                "_DataRole_": "TRAIN",
                "_CumResp_": 23.1670625494853,
                "_PctRespBest_": 100.0,
                "_Gain_": 3.63341250989707,
                "_CumLift_": 4.63341250989707,
                "_Event_": "1",
                "_TargetName_": null,
                "_PctResp_": 66.5083135391924,
                "_GainBest_": 5.96666666666666,
                "_CumLiftBest_": 6.96666666666666,
                "_Lift_": 4.63341250989707,
                "_CumPctResp_": 66.5083135391924,
                "_NEventsBest_": 209.0,
                "_CumPctRespBest_": 100.0,
                "_Value_": 1.0,
                "_NEvents_": 139.002375296912,
                "_LiftBest_": 6.96666666666666,
                "_PartInd_": "1",
                "_Resp_": 23.1670625494853,
                "_Column_": "actual"
            },
            "rowNumber": 23
        },
        {
            "dataMap": {
                "_NObs_": 209.0,
                "_Depth_": 10.0,
                "_CumRespBest_": 69.6666666666666,
                "_formattedPartition_": "           1",
                "_column_": "predict",
                "_RespBest_": 34.8333333333333,
                "_DataRole_": "TRAIN",
                "_CumResp_": 46.3341250989707,
                "_PctRespBest_": 100.0,
                "_Gain_": 3.63341250989707,
                "_CumLift_": 4.63341250989707,
                "_Event_": "1",
                "_TargetName_": null,
                "_PctResp_": 66.5083135391924,
                "_GainBest_": 5.96666666666666,
                "_CumLiftBest_": 6.96666666666666,
                "_Lift_": 4.63341250989707,
                "_CumPctResp_": 66.5083135391924,
                "_NEventsBest_": 209.0,
                "_CumPctRespBest_": 100.0,
                "_Value_": 1.0,
                "_NEvents_": 139.002375296912,
                "_LiftBest_": 6.96666666666666,
                "_PartInd_": "1",
                "_Resp_": 23.1670625494853,
                "_Column_": "actual"
            },
            "rowNumber": 24
        },
        {
            "dataMap": {
                "_NObs_": 209.0,
                "_Depth_": 15.0,
                "_CumRespBest_": 100.0,
                "_formattedPartition_": "           1",
                "_column_": "predict",
                "_RespBest_": 30.3333333333333,
                "_DataRole_": "TRAIN",
                "_CumResp_": 69.501187648456,
                "_PctRespBest_": 87.0813397129186,
                "_Gain_": 3.63341250989707,
                "_CumLift_": 4.63341250989707,
                "_Event_": "1",
                "_TargetName_": null,
                "_PctResp_": 66.5083135391924,
                "_GainBest_": 5.66666666666666,
                "_CumLiftBest_": 6.66666666666666,
                "_Lift_": 4.63341250989707,
                "_CumPctResp_": 66.5083135391924,
                "_NEventsBest_": 182.0,
                "_CumPctRespBest_": 95.6937799043062,
                "_Value_": 1.0,
                "_NEvents_": 139.002375296912,
                "_LiftBest_": 6.06666666666666,
                "_PartInd_": "1",
                "_Resp_": 23.1670625494853,
                "_Column_": "actual"
            },
            "rowNumber": 25
        },
        {
            "dataMap": {
                "_NObs_": 209.0,
                "_Depth_": 20.0,
                "_CumRespBest_": 100.0,
                "_formattedPartition_": "           1",
                "_column_": "predict",
                "_RespBest_": 0.0,
                "_DataRole_": "TRAIN",
                "_CumResp_": 92.6682501979414,
                "_PctRespBest_": 0.0,
                "_Gain_": 3.63341250989707,
                "_CumLift_": 4.63341250989707,
                "_Event_": "1",
                "_TargetName_": null,
                "_PctResp_": 66.5083135391924,
                "_GainBest_": 4.0,
                "_CumLiftBest_": 5.0,
                "_Lift_": 4.63341250989707,
                "_CumPctResp_": 66.5083135391924,
                "_NEventsBest_": 0.0,
                "_CumPctRespBest_": 71.7703349282296,
                "_Value_": 1.0,
                "_NEvents_": 139.002375296912,
                "_LiftBest_": 0.0,
                "_PartInd_": "1",
                "_Resp_": 23.1670625494853,
                "_Column_": "actual"
            },
            "rowNumber": 26
        },
        {
            "dataMap": {
                "_NObs_": 209.0,
                "_Depth_": 25.0,
                "_CumRespBest_": 100.0,
                "_formattedPartition_": "           1",
                "_column_": "predict",
                "_RespBest_": 0.0,
                "_DataRole_": "TRAIN",
                "_CumResp_": 93.7397397397397,
                "_PctRespBest_": 0.0,
                "_Gain_": 2.74958958958959,
                "_CumLift_": 3.74958958958959,
                "_Event_": "1",
                "_TargetName_": null,
                "_PctResp_": 3.07604653147846,
                "_GainBest_": 3.0,
                "_CumLiftBest_": 4.0,
                "_Lift_": 0.21429790835966,
                "_CumPctResp_": 53.8218601376496,
                "_NEventsBest_": 0.0,
                "_CumPctRespBest_": 57.4162679425837,
                "_Value_": 0.0,
                "_NEvents_": 6.42893725078998,
                "_LiftBest_": 0.0,
                "_PartInd_": "1",
                "_Resp_": 1.07148954179833,
                "_Column_": "actual"
            },
            "rowNumber": 27
        },
        {
            "dataMap": {
                "_NObs_": 209.0,
                "_Depth_": 30.0,
                "_CumRespBest_": 100.0,
                "_formattedPartition_": "           1",
                "_column_": "predict",
                "_RespBest_": 0.0,
                "_DataRole_": "TRAIN",
                "_CumResp_": 94.1581581581581,
                "_PctRespBest_": 0.0,
                "_Gain_": 2.1386052719386,
                "_CumLift_": 3.1386052719386,
                "_Event_": "1",
                "_TargetName_": null,
                "_PctResp_": 1.2012012012012,
                "_GainBest_": 2.33333333333333,
                "_CumLiftBest_": 3.33333333333333,
                "_Lift_": 0.08368368368368,
                "_CumPctResp_": 45.0517503149082,
                "_NEventsBest_": 0.0,
                "_CumPctRespBest_": 47.8468899521531,
                "_Value_": 0.0,
                "_NEvents_": 2.51051051051051,
                "_LiftBest_": 0.0,
                "_PartInd_": "1",
                "_Resp_": 0.41841841841841,
                "_Column_": "actual"
            },
            "rowNumber": 28
        },
        {
            "dataMap": {
                "_NObs_": 209.0,
                "_Depth_": 35.0,
                "_CumRespBest_": 100.0,
                "_formattedPartition_": "           1",
                "_column_": "predict",
                "_RespBest_": 0.0,
                "_DataRole_": "TRAIN",
                "_CumResp_": 94.5765765765765,
                "_PctRespBest_": 0.0,
                "_Gain_": 1.7021879021879,
                "_CumLift_": 2.7021879021879,
                "_Event_": "1",
                "_TargetName_": null,
                "_PctResp_": 1.2012012012012,
                "_GainBest_": 1.85714285714285,
                "_CumLiftBest_": 2.85714285714285,
                "_Lift_": 0.08368368368368,
                "_CumPctResp_": 38.7873861558072,
                "_NEventsBest_": 0.0,
                "_CumPctRespBest_": 41.0116199589883,
                "_Value_": 0.0,
                "_NEvents_": 2.51051051051051,
                "_LiftBest_": 0.0,
                "_PartInd_": "1",
                "_Resp_": 0.41841841841841,
                "_Column_": "actual"
            },
            "rowNumber": 29
        },
        {
            "dataMap": {
                "_NObs_": 209.0,
                "_Depth_": 40.0,
                "_CumRespBest_": 100.0,
                "_formattedPartition_": "           1",
                "_column_": "predict",
                "_RespBest_": 0.0,
                "_DataRole_": "TRAIN",
                "_CumResp_": 94.9949949949949,
                "_PctRespBest_": 0.0,
                "_Gain_": 1.37487487487487,
                "_CumLift_": 2.37487487487487,
                "_Event_": "1",
                "_TargetName_": null,
                "_PctResp_": 1.2012012012012,
                "_GainBest_": 1.5,
                "_CumLiftBest_": 2.5,
                "_Lift_": 0.08368368368368,
                "_CumPctResp_": 34.0891130364814,
                "_NEventsBest_": 0.0,
                "_CumPctRespBest_": 35.8851674641148,
                "_Value_": 0.0,
                "_NEvents_": 2.51051051051051,
                "_LiftBest_": 0.0,
                "_PartInd_": "1",
                "_Resp_": 0.41841841841841,
                "_Column_": "actual"
            },
            "rowNumber": 30
        },
        {
            "dataMap": {
                "_NObs_": 209.0,
                "_Depth_": 45.0,
                "_CumRespBest_": 100.0,
                "_formattedPartition_": "           1",
                "_column_": "predict",
                "_RespBest_": 0.0,
                "_DataRole_": "TRAIN",
                "_CumResp_": 95.4134134134133,
                "_PctRespBest_": 0.0,
                "_Gain_": 1.12029807585363,
                "_CumLift_": 2.12029807585363,
                "_Event_": "1",
                "_TargetName_": null,
                "_PctResp_": 1.2012012012012,
                "_GainBest_": 1.22222222222222,
                "_CumLiftBest_": 2.22222222222222,
                "_Lift_": 0.08368368368368,
                "_CumPctResp_": 30.4349006103392,
                "_NEventsBest_": 0.0,
                "_CumPctRespBest_": 31.8979266347687,
                "_Value_": 0.0,
                "_NEvents_": 2.51051051051051,
                "_LiftBest_": 0.0,
                "_PartInd_": "1",
                "_Resp_": 0.41841841841841,
                "_Column_": "actual"
            },
            "rowNumber": 31
        },
        {
            "dataMap": {
                "_NObs_": 209.0,
                "_Depth_": 50.0,
                "_CumRespBest_": 100.0,
                "_formattedPartition_": "           1",
                "_column_": "predict",
                "_RespBest_": 0.0,
                "_DataRole_": "TRAIN",
                "_CumResp_": 95.8318318318318,
                "_PctRespBest_": 0.0,
                "_Gain_": 0.91663663663663,
                "_CumLift_": 1.91663663663663,
                "_Event_": "1",
                "_TargetName_": null,
                "_PctResp_": 1.2012012012012,
                "_GainBest_": 1.0,
                "_CumLiftBest_": 2.0,
                "_Lift_": 0.08368368368368,
                "_CumPctResp_": 27.5115306694254,
                "_NEventsBest_": 0.0,
                "_CumPctRespBest_": 28.7081339712918,
                "_Value_": 0.0,
                "_NEvents_": 2.51051051051051,
                "_LiftBest_": 0.0,
                "_PartInd_": "1",
                "_Resp_": 0.41841841841841,
                "_Column_": "actual"
            },
            "rowNumber": 32
        },
        {
            "dataMap": {
                "_NObs_": 209.0,
                "_Depth_": 55.0,
                "_CumRespBest_": 100.0,
                "_formattedPartition_": "           1",
                "_column_": "predict",
                "_RespBest_": 0.0,
                "_DataRole_": "TRAIN",
                "_CumResp_": 96.2502502502502,
                "_PctRespBest_": 0.0,
                "_Gain_": 0.75000455000454,
                "_CumLift_": 1.75000455000454,
                "_Event_": "1",
                "_TargetName_": null,
                "_PctResp_": 1.2012012012012,
                "_GainBest_": 0.81818181818181,
                "_CumLiftBest_": 1.81818181818181,
                "_Lift_": 0.08368368368368,
                "_CumPctResp_": 25.1196825359504,
                "_NEventsBest_": 0.0,
                "_CumPctRespBest_": 26.0983036102653,
                "_Value_": 0.0,
                "_NEvents_": 2.51051051051051,
                "_LiftBest_": 0.0,
                "_PartInd_": "1",
                "_Resp_": 0.41841841841841,
                "_Column_": "actual"
            },
            "rowNumber": 33
        },
        {
            "dataMap": {
                "_NObs_": 209.0,
                "_Depth_": 60.0,
                "_CumRespBest_": 100.0,
                "_formattedPartition_": "           1",
                "_column_": "predict",
                "_RespBest_": 0.0,
                "_DataRole_": "TRAIN",
                "_CumResp_": 96.6686686686686,
                "_PctRespBest_": 0.0,
                "_Gain_": 0.61114447781114,
                "_CumLift_": 1.61114447781114,
                "_Event_": "1",
                "_TargetName_": null,
                "_PctResp_": 1.2012012012012,
                "_GainBest_": 0.66666666666666,
                "_CumLiftBest_": 1.66666666666666,
                "_Lift_": 0.08368368368368,
                "_CumPctResp_": 23.1264757580546,
                "_NEventsBest_": 0.0,
                "_CumPctRespBest_": 23.9234449760765,
                "_Value_": 0.0,
                "_NEvents_": 2.51051051051051,
                "_LiftBest_": 0.0,
                "_PartInd_": "1",
                "_Resp_": 0.41841841841841,
                "_Column_": "actual"
            },
            "rowNumber": 34
        },
        {
            "dataMap": {
                "_NObs_": 209.0,
                "_Depth_": 65.0,
                "_CumRespBest_": 100.0,
                "_formattedPartition_": "           1",
                "_column_": "predict",
                "_RespBest_": 0.0,
                "_DataRole_": "TRAIN",
                "_CumResp_": 97.087087087087,
                "_PctRespBest_": 0.0,
                "_Gain_": 0.49364749364749,
                "_CumLift_": 1.49364749364749,
                "_Event_": "1",
                "_TargetName_": null,
                "_PctResp_": 1.2012012012012,
                "_GainBest_": 0.53846153846153,
                "_CumLiftBest_": 1.53846153846153,
                "_Lift_": 0.08368368368368,
                "_CumPctResp_": 21.4399161767582,
                "_NEventsBest_": 0.0,
                "_CumPctRespBest_": 22.0831799779168,
                "_Value_": 0.0,
                "_NEvents_": 2.51051051051051,
                "_LiftBest_": 0.0,
                "_PartInd_": "1",
                "_Resp_": 0.41841841841841,
                "_Column_": "actual"
            },
            "rowNumber": 35
        },
        {
            "dataMap": {
                "_NObs_": 209.0,
                "_Depth_": 70.0,
                "_CumRespBest_": 100.0,
                "_formattedPartition_": "           1",
                "_column_": "predict",
                "_RespBest_": 0.0,
                "_DataRole_": "TRAIN",
                "_CumResp_": 97.5055055055054,
                "_PctRespBest_": 0.0,
                "_Gain_": 0.39293579293579,
                "_CumLift_": 1.39293579293579,
                "_Event_": "1",
                "_TargetName_": null,
                "_PctResp_": 1.2012012012012,
                "_GainBest_": 0.42857142857142,
                "_CumLiftBest_": 1.42857142857142,
                "_Lift_": 0.08368368368368,
                "_CumPctResp_": 19.9942936785041,
                "_NEventsBest_": 0.0,
                "_CumPctRespBest_": 20.5058099794941,
                "_Value_": 0.0,
                "_NEvents_": 2.51051051051051,
                "_LiftBest_": 0.0,
                "_PartInd_": "1",
                "_Resp_": 0.41841841841841,
                "_Column_": "actual"
            },
            "rowNumber": 36
        },
        {
            "dataMap": {
                "_NObs_": 209.0,
                "_Depth_": 75.0,
                "_CumRespBest_": 100.0,
                "_formattedPartition_": "           1",
                "_column_": "predict",
                "_RespBest_": 0.0,
                "_DataRole_": "TRAIN",
                "_CumResp_": 97.9239239239238,
                "_PctRespBest_": 0.0,
                "_Gain_": 0.30565231898565,
                "_CumLift_": 1.30565231898565,
                "_Event_": "1",
                "_TargetName_": null,
                "_PctResp_": 1.2012012012012,
                "_GainBest_": 0.33333333333333,
                "_CumLiftBest_": 1.33333333333333,
                "_Lift_": 0.08368368368368,
                "_CumPctResp_": 18.7414208466839,
                "_NEventsBest_": 0.0,
                "_CumPctRespBest_": 19.1387559808612,
                "_Value_": 0.0,
                "_NEvents_": 2.51051051051051,
                "_LiftBest_": 0.0,
                "_PartInd_": "1",
                "_Resp_": 0.41841841841841,
                "_Column_": "actual"
            },
            "rowNumber": 37
        },
        {
            "dataMap": {
                "_NObs_": 209.0,
                "_Depth_": 80.0,
                "_CumRespBest_": 100.0,
                "_formattedPartition_": "           1",
                "_column_": "predict",
                "_RespBest_": 0.0,
                "_DataRole_": "TRAIN",
                "_CumResp_": 98.3423423423422,
                "_PctRespBest_": 0.0,
                "_Gain_": 0.22927927927927,
                "_CumLift_": 1.22927927927927,
                "_Event_": "1",
                "_TargetName_": null,
                "_PctResp_": 1.2012012012012,
                "_GainBest_": 0.25,
                "_CumLiftBest_": 1.25,
                "_Lift_": 0.08368368368368,
                "_CumPctResp_": 17.6451571188413,
                "_NEventsBest_": 0.0,
                "_CumPctRespBest_": 17.9425837320574,
                "_Value_": 0.0,
                "_NEvents_": 2.51051051051051,
                "_LiftBest_": 0.0,
                "_PartInd_": "1",
                "_Resp_": 0.41841841841841,
                "_Column_": "actual"
            },
            "rowNumber": 38
        },
        {
            "dataMap": {
                "_NObs_": 209.0,
                "_Depth_": 85.0,
                "_CumRespBest_": 100.0,
                "_formattedPartition_": "           1",
                "_column_": "predict",
                "_RespBest_": 0.0,
                "_DataRole_": "TRAIN",
                "_CumResp_": 98.7607607607607,
                "_PctRespBest_": 0.0,
                "_Gain_": 0.16189130306777,
                "_CumLift_": 1.16189130306777,
                "_Event_": "1",
                "_TargetName_": null,
                "_PctResp_": 1.2012012012012,
                "_GainBest_": 0.17647058823529,
                "_CumLiftBest_": 1.17647058823529,
                "_Lift_": 0.08368368368368,
                "_CumPctResp_": 16.6778655942742,
                "_NEventsBest_": 0.0,
                "_CumPctRespBest_": 16.8871376301716,
                "_Value_": 0.0,
                "_NEvents_": 2.51051051051051,
                "_LiftBest_": 0.0,
                "_PartInd_": "1",
                "_Resp_": 0.41841841841841,
                "_Column_": "actual"
            },
            "rowNumber": 39
        },
        {
            "dataMap": {
                "_NObs_": 209.0,
                "_Depth_": 90.0,
                "_CumRespBest_": 100.0,
                "_formattedPartition_": "           1",
                "_column_": "predict",
                "_RespBest_": 0.0,
                "_DataRole_": "TRAIN",
                "_CumResp_": 99.1791791791791,
                "_PctRespBest_": 0.0,
                "_Gain_": 0.10199087976865,
                "_CumLift_": 1.10199087976865,
                "_Event_": "1",
                "_TargetName_": null,
                "_PctResp_": 1.2012012012012,
                "_GainBest_": 0.11111111111111,
                "_CumLiftBest_": 1.11111111111111,
                "_Lift_": 0.08368368368368,
                "_CumPctResp_": 15.8180509057701,
                "_NEventsBest_": 0.0,
                "_CumPctRespBest_": 15.9489633173843,
                "_Value_": 0.0,
                "_NEvents_": 2.51051051051051,
                "_LiftBest_": 0.0,
                "_PartInd_": "1",
                "_Resp_": 0.41841841841841,
                "_Column_": "actual"
            },
            "rowNumber": 40
        },
        {
            "dataMap": {
                "_NObs_": 209.0,
                "_Depth_": 95.0,
                "_CumRespBest_": 100.0,
                "_formattedPartition_": "           1",
                "_column_": "predict",
                "_RespBest_": 0.0,
                "_DataRole_": "TRAIN",
                "_CumResp_": 99.5975975975975,
                "_PctRespBest_": 0.0,
                "_Gain_": 0.04839576418523,
                "_CumLift_": 1.04839576418523,
                "_Event_": "1",
                "_TargetName_": null,
                "_PctResp_": 1.2012012012012,
                "_GainBest_": 0.05263157894736,
                "_CumLiftBest_": 1.05263157894736,
                "_Lift_": 0.08368368368368,
                "_CumPctResp_": 15.0487430265823,
                "_NEventsBest_": 0.0,
                "_CumPctRespBest_": 15.1095441954167,
                "_Value_": 0.0,
                "_NEvents_": 2.51051051051051,
                "_LiftBest_": 0.0,
                "_PartInd_": "1",
                "_Resp_": 0.41841841841841,
                "_Column_": "actual"
            },
            "rowNumber": 41
        },
        {
            "dataMap": {
                "_NObs_": 201.0,
                "_Depth_": 100.0,
                "_CumRespBest_": 100.0,
                "_formattedPartition_": "           1",
                "_column_": "predict",
                "_RespBest_": 0.0,
                "_DataRole_": "TRAIN",
                "_CumResp_": 99.9999999999999,
                "_PctRespBest_": 0.0,
                "_Gain_": -9.9920072216264e-16,
                "_CumLift_": 1.0,
                "_Event_": "1",
                "_TargetName_": null,
                "_PctResp_": 1.2012012012012,
                "_GainBest_": 0.0,
                "_CumLiftBest_": 1.0,
                "_Lift_": 0.08048048048048,
                "_CumPctResp_": 14.3815915627996,
                "_NEventsBest_": 0.0,
                "_CumPctRespBest_": 14.3815915627996,
                "_Value_": 0.0,
                "_NEvents_": 2.41441441441441,
                "_LiftBest_": 0.0,
                "_PartInd_": "1",
                "_Resp_": 0.4024024024024,
                "_Column_": "actual"
            },
            "rowNumber": 42
        },
        {
            "dataMap": {
                "_NObs_": "0",
                "_Depth_": "0",
                "_CumRespBest_": "0",
                "_formattedPartition_": "           2",
                "_column_": "predict",
                "_RespBest_": "0",
                "_DataRole_": "TEST",
                "_CumResp_": "0",
                "_Event_": null,
                "_TargetName_": null,
                "_NEventsBest_": "0",
                "_Value_": "0",
                "_NEvents_": "0",
                "_PartInd_": "2",
                "_Resp_": "0"
            },
            "rowNumber": 43
        },
        {
            "dataMap": {
                "_NObs_": 90.0,
                "_Depth_": 5.0,
                "_CumRespBest_": 98.9010989010989,
                "_formattedPartition_": "           2",
                "_column_": "predict",
                "_RespBest_": 98.9010989010989,
                "_DataRole_": "TEST",
                "_CumResp_": 25.3665642714634,
                "_PctRespBest_": 100.0,
                "_Gain_": 4.07331285429268,
                "_CumLift_": 5.07331285429268,
                "_Event_": "1",
                "_TargetName_": null,
                "_PctResp_": 25.6484149855907,
                "_GainBest_": 18.7802197802197,
                "_CumLiftBest_": 19.7802197802197,
                "_Lift_": 5.07331285429268,
                "_CumPctResp_": 25.6484149855907,
                "_NEventsBest_": 90.0,
                "_CumPctRespBest_": 100.0,
                "_Value_": 1.0,
                "_NEvents_": 23.0835734870317,
                "_LiftBest_": 19.7802197802197,
                "_PartInd_": "2",
                "_Resp_": 25.3665642714634,
                "_Column_": "actual"
            },
            "rowNumber": 44
        },
        {
            "dataMap": {
                "_NObs_": 90.0,
                "_Depth_": 10.0,
                "_CumRespBest_": 100.0,
                "_formattedPartition_": "           2",
                "_column_": "predict",
                "_RespBest_": 1.09890109890109,
                "_DataRole_": "TEST",
                "_CumResp_": 50.7331285429268,
                "_PctRespBest_": 1.11111111111111,
                "_Gain_": 4.07331285429268,
                "_CumLift_": 5.07331285429268,
                "_Event_": "1",
                "_TargetName_": null,
                "_PctResp_": 25.6484149855907,
                "_GainBest_": 9.0,
                "_CumLiftBest_": 10.0,
                "_Lift_": 5.07331285429268,
                "_CumPctResp_": 25.6484149855907,
                "_NEventsBest_": 1.0,
                "_CumPctRespBest_": 50.5555555555555,
                "_Value_": 1.0,
                "_NEvents_": 23.0835734870317,
                "_LiftBest_": 0.21978021978021,
                "_PartInd_": "2",
                "_Resp_": 25.3665642714634,
                "_Column_": "actual"
            },
            "rowNumber": 45
        },
        {
            "dataMap": {
                "_NObs_": 90.0,
                "_Depth_": 15.0,
                "_CumRespBest_": 100.0,
                "_formattedPartition_": "           2",
                "_column_": "predict",
                "_RespBest_": 0.0,
                "_DataRole_": "TEST",
                "_CumResp_": 76.0996928143902,
                "_PctRespBest_": 0.0,
                "_Gain_": 4.07331285429268,
                "_CumLift_": 5.07331285429268,
                "_Event_": "1",
                "_TargetName_": null,
                "_PctResp_": 25.6484149855907,
                "_GainBest_": 5.66666666666666,
                "_CumLiftBest_": 6.66666666666666,
                "_Lift_": 5.07331285429268,
                "_CumPctResp_": 25.6484149855907,
                "_NEventsBest_": 0.0,
                "_CumPctRespBest_": 33.7037037037037,
                "_Value_": 1.0,
                "_NEvents_": 23.0835734870317,
                "_LiftBest_": 0.0,
                "_PartInd_": "2",
                "_Resp_": 25.3665642714634,
                "_Column_": "actual"
            },
            "rowNumber": 46
        },
        {
            "dataMap": {
                "_NObs_": 90.0,
                "_Depth_": 20.0,
                "_CumRespBest_": 100.0,
                "_formattedPartition_": "           2",
                "_column_": "predict",
                "_RespBest_": 0.0,
                "_DataRole_": "TEST",
                "_CumResp_": 97.8220253029413,
                "_PctRespBest_": 0.0,
                "_Gain_": 3.89110126514706,
                "_CumLift_": 4.89110126514706,
                "_Event_": "1",
                "_TargetName_": null,
                "_PctResp_": 21.9636917384239,
                "_GainBest_": 4.0,
                "_CumLiftBest_": 5.0,
                "_Lift_": 4.34446649771022,
                "_CumPctResp_": 24.727234173799,
                "_NEventsBest_": 0.0,
                "_CumPctRespBest_": 25.2777777777777,
                "_Value_": 0.0,
                "_NEvents_": 19.7673225645815,
                "_LiftBest_": 0.0,
                "_PartInd_": "2",
                "_Resp_": 21.7223324885511,
                "_Column_": "actual"
            },
            "rowNumber": 47
        },
        {
            "dataMap": {
                "_NObs_": 90.0,
                "_Depth_": 25.0,
                "_CumRespBest_": 100.0,
                "_formattedPartition_": "           2",
                "_column_": "predict",
                "_RespBest_": 0.0,
                "_DataRole_": "TEST",
                "_CumResp_": 97.9592926157811,
                "_PctRespBest_": 0.0,
                "_Gain_": 2.91837170463124,
                "_CumLift_": 3.91837170463124,
                "_Event_": "1",
                "_TargetName_": null,
                "_PctResp_": 0.13879250520471,
                "_GainBest_": 3.0,
                "_CumLiftBest_": 4.0,
                "_Lift_": 0.02745346256796,
                "_CumPctResp_": 19.8095458400801,
                "_NEventsBest_": 0.0,
                "_CumPctRespBest_": 20.2222222222222,
                "_Value_": 0.0,
                "_NEvents_": 0.12491325468424,
                "_LiftBest_": 0.0,
                "_PartInd_": "2",
                "_Resp_": 0.13726731283983,
                "_Column_": "actual"
            },
            "rowNumber": 48
        },
        {
            "dataMap": {
                "_NObs_": 90.0,
                "_Depth_": 30.0,
                "_CumRespBest_": 100.0,
                "_formattedPartition_": "           2",
                "_column_": "predict",
                "_RespBest_": 0.0,
                "_DataRole_": "TEST",
                "_CumResp_": 98.096559928621,
                "_PctRespBest_": 0.0,
                "_Gain_": 2.26988533095403,
                "_CumLift_": 3.26988533095403,
                "_Event_": "1",
                "_TargetName_": null,
                "_PctResp_": 0.13879250520471,
                "_GainBest_": 2.33333333333333,
                "_CumLiftBest_": 3.33333333333333,
                "_Lift_": 0.02745346256796,
                "_CumPctResp_": 16.5310869509342,
                "_NEventsBest_": 0.0,
                "_CumPctRespBest_": 16.8518518518518,
                "_Value_": 0.0,
                "_NEvents_": 0.12491325468424,
                "_LiftBest_": 0.0,
                "_PartInd_": "2",
                "_Resp_": 0.13726731283983,
                "_Column_": "actual"
            },
            "rowNumber": 49
        },
        {
            "dataMap": {
                "_NObs_": 90.0,
                "_Depth_": 35.0,
                "_CumRespBest_": 100.0,
                "_formattedPartition_": "           2",
                "_column_": "predict",
                "_RespBest_": 0.0,
                "_DataRole_": "TEST",
                "_CumResp_": 98.2338272414608,
                "_PctRespBest_": 0.0,
                "_Gain_": 1.80668077832745,
                "_CumLift_": 2.80668077832745,
                "_Event_": "1",
                "_TargetName_": null,
                "_PctResp_": 0.13879250520471,
                "_GainBest_": 1.85714285714285,
                "_CumLiftBest_": 2.85714285714285,
                "_Lift_": 0.02745346256796,
                "_CumPctResp_": 14.1893306015443,
                "_NEventsBest_": 0.0,
                "_CumPctRespBest_": 14.4444444444444,
                "_Value_": 0.0,
                "_NEvents_": 0.12491325468424,
                "_LiftBest_": 0.0,
                "_PartInd_": "2",
                "_Resp_": 0.13726731283983,
                "_Column_": "actual"
            },
            "rowNumber": 50
        },
        {
            "dataMap": {
                "_NObs_": 90.0,
                "_Depth_": 40.0,
                "_CumRespBest_": 100.0,
                "_formattedPartition_": "           2",
                "_column_": "predict",
                "_RespBest_": 0.0,
                "_DataRole_": "TEST",
                "_CumResp_": 98.3710945543007,
                "_PctRespBest_": 0.0,
                "_Gain_": 1.45927736385751,
                "_CumLift_": 2.45927736385751,
                "_Event_": "1",
                "_TargetName_": null,
                "_PctResp_": 0.13879250520471,
                "_GainBest_": 1.5,
                "_CumLiftBest_": 2.5,
                "_Lift_": 0.02745346256796,
                "_CumPctResp_": 12.4330133395018,
                "_NEventsBest_": 0.0,
                "_CumPctRespBest_": 12.6388888888888,
                "_Value_": 0.0,
                "_NEvents_": 0.12491325468424,
                "_LiftBest_": 0.0,
                "_PartInd_": "2",
                "_Resp_": 0.13726731283983,
                "_Column_": "actual"
            },
            "rowNumber": 51
        },
        {
            "dataMap": {
                "_NObs_": 90.0,
                "_Depth_": 45.0,
                "_CumRespBest_": 100.0,
                "_formattedPartition_": "           2",
                "_column_": "predict",
                "_RespBest_": 0.0,
                "_DataRole_": "TEST",
                "_CumResp_": 98.5083618671405,
                "_PctRespBest_": 0.0,
                "_Gain_": 1.18907470815867,
                "_CumLift_": 2.18907470815867,
                "_Event_": "1",
                "_TargetName_": null,
                "_PctResp_": 0.13879250520471,
                "_GainBest_": 1.22222222222222,
                "_CumLiftBest_": 2.22222222222222,
                "_Lift_": 0.02745346256796,
                "_CumPctResp_": 11.0669888023577,
                "_NEventsBest_": 0.0,
                "_CumPctRespBest_": 11.2345679012345,
                "_Value_": 0.0,
                "_NEvents_": 0.12491325468424,
                "_LiftBest_": 0.0,
                "_PartInd_": "2",
                "_Resp_": 0.13726731283983,
                "_Column_": "actual"
            },
            "rowNumber": 52
        },
        {
            "dataMap": {
                "_NObs_": 90.0,
                "_Depth_": 50.0,
                "_CumRespBest_": 100.0,
                "_formattedPartition_": "           2",
                "_column_": "predict",
                "_RespBest_": 0.0,
                "_DataRole_": "TEST",
                "_CumResp_": 98.6456291799803,
                "_PctRespBest_": 0.0,
                "_Gain_": 0.9729125835996,
                "_CumLift_": 1.9729125835996,
                "_Event_": "1",
                "_TargetName_": null,
                "_PctResp_": 0.13879250520471,
                "_GainBest_": 1.0,
                "_CumLiftBest_": 2.0,
                "_Lift_": 0.02745346256796,
                "_CumPctResp_": 9.97416917264245,
                "_NEventsBest_": 0.0,
                "_CumPctRespBest_": 10.1111111111111,
                "_Value_": 0.0,
                "_NEvents_": 0.12491325468424,
                "_LiftBest_": 0.0,
                "_PartInd_": "2",
                "_Resp_": 0.13726731283983,
                "_Column_": "actual"
            },
            "rowNumber": 53
        },
        {
            "dataMap": {
                "_NObs_": 90.0,
                "_Depth_": 55.0,
                "_CumRespBest_": 100.0,
                "_formattedPartition_": "           2",
                "_column_": "predict",
                "_RespBest_": 0.0,
                "_DataRole_": "TEST",
                "_CumResp_": 98.7828964928202,
                "_PctRespBest_": 0.0,
                "_Gain_": 0.79605266350582,
                "_CumLift_": 1.79605266350582,
                "_Event_": "1",
                "_TargetName_": null,
                "_PctResp_": 0.13879250520471,
                "_GainBest_": 0.81818181818181,
                "_CumLiftBest_": 1.81818181818181,
                "_Lift_": 0.02745346256796,
                "_CumPctResp_": 9.0800440210572,
                "_NEventsBest_": 0.0,
                "_CumPctRespBest_": 9.19191919191919,
                "_Value_": 0.0,
                "_NEvents_": 0.12491325468424,
                "_LiftBest_": 0.0,
                "_PartInd_": "2",
                "_Resp_": 0.13726731283983,
                "_Column_": "actual"
            },
            "rowNumber": 54
        },
        {
            "dataMap": {
                "_NObs_": 90.0,
                "_Depth_": 60.0,
                "_CumRespBest_": 100.0,
                "_formattedPartition_": "           2",
                "_column_": "predict",
                "_RespBest_": 0.0,
                "_DataRole_": "TEST",
                "_CumResp_": 98.92016380566,
                "_PctRespBest_": 0.0,
                "_Gain_": 0.64866939676099,
                "_CumLift_": 1.648669396761,
                "_Event_": "1",
                "_TargetName_": null,
                "_PctResp_": 0.13879250520471,
                "_GainBest_": 0.66666666666666,
                "_CumLiftBest_": 1.66666666666666,
                "_Lift_": 0.02745346256796,
                "_CumPctResp_": 8.33493972806949,
                "_NEventsBest_": 0.0,
                "_CumPctRespBest_": 8.42592592592592,
                "_Value_": 0.0,
                "_NEvents_": 0.12491325468424,
                "_LiftBest_": 0.0,
                "_PartInd_": "2",
                "_Resp_": 0.13726731283983,
                "_Column_": "actual"
            },
            "rowNumber": 55
        },
        {
            "dataMap": {
                "_NObs_": 90.0,
                "_Depth_": 65.0,
                "_CumRespBest_": 100.0,
                "_formattedPartition_": "           2",
                "_column_": "predict",
                "_RespBest_": 0.0,
                "_DataRole_": "TEST",
                "_CumResp_": 99.0574311184999,
                "_PctRespBest_": 0.0,
                "_Gain_": 0.52396047874615,
                "_CumLift_": 1.52396047874615,
                "_Event_": "1",
                "_TargetName_": null,
                "_PctResp_": 0.13879250520471,
                "_GainBest_": 0.53846153846153,
                "_CumLiftBest_": 1.53846153846153,
                "_Lift_": 0.02745346256796,
                "_CumPctResp_": 7.7044668647722,
                "_NEventsBest_": 0.0,
                "_CumPctRespBest_": 7.77777777777777,
                "_Value_": 0.0,
                "_NEvents_": 0.12491325468424,
                "_LiftBest_": 0.0,
                "_PartInd_": "2",
                "_Resp_": 0.13726731283983,
                "_Column_": "actual"
            },
            "rowNumber": 56
        },
        {
            "dataMap": {
                "_NObs_": 90.0,
                "_Depth_": 70.0,
                "_CumRespBest_": 100.0,
                "_formattedPartition_": "           2",
                "_column_": "predict",
                "_RespBest_": 0.0,
                "_DataRole_": "TEST",
                "_CumResp_": 99.1946984313397,
                "_PctRespBest_": 0.0,
                "_Gain_": 0.4170671204477,
                "_CumLift_": 1.4170671204477,
                "_Event_": "1",
                "_TargetName_": null,
                "_PctResp_": 0.13879250520471,
                "_GainBest_": 0.42857142857142,
                "_CumLiftBest_": 1.42857142857142,
                "_Lift_": 0.02745346256796,
                "_CumPctResp_": 7.16406155337453,
                "_NEventsBest_": 0.0,
                "_CumPctRespBest_": 7.22222222222222,
                "_Value_": 0.0,
                "_NEvents_": 0.12491325468424,
                "_LiftBest_": 0.0,
                "_PartInd_": "2",
                "_Resp_": 0.13726731283983,
                "_Column_": "actual"
            },
            "rowNumber": 57
        },
        {
            "dataMap": {
                "_NObs_": 90.0,
                "_Depth_": 75.0,
                "_CumRespBest_": 100.0,
                "_formattedPartition_": "           2",
                "_column_": "predict",
                "_RespBest_": 0.0,
                "_DataRole_": "TEST",
                "_CumResp_": 99.3319657441795,
                "_PctRespBest_": 0.0,
                "_Gain_": 0.32442620992239,
                "_CumLift_": 1.32442620992239,
                "_Event_": "1",
                "_TargetName_": null,
                "_PctResp_": 0.13879250520471,
                "_GainBest_": 0.33333333333333,
                "_CumLiftBest_": 1.33333333333333,
                "_Lift_": 0.02745346256796,
                "_CumPctResp_": 6.69571028349654,
                "_NEventsBest_": 0.0,
                "_CumPctRespBest_": 6.74074074074074,
                "_Value_": 0.0,
                "_NEvents_": 0.12491325468424,
                "_LiftBest_": 0.0,
                "_PartInd_": "2",
                "_Resp_": 0.13726731283983,
                "_Column_": "actual"
            },
            "rowNumber": 58
        },
        {
            "dataMap": {
                "_NObs_": 90.0,
                "_Depth_": 80.0,
                "_CumRespBest_": 100.0,
                "_formattedPartition_": "           2",
                "_column_": "predict",
                "_RespBest_": 0.0,
                "_DataRole_": "TEST",
                "_CumResp_": 99.4692330570194,
                "_PctRespBest_": 0.0,
                "_Gain_": 0.24336541321274,
                "_CumLift_": 1.24336541321274,
                "_Event_": "1",
                "_TargetName_": null,
                "_PctResp_": 0.13879250520471,
                "_GainBest_": 0.25,
                "_CumLiftBest_": 1.25,
                "_Lift_": 0.02745346256796,
                "_CumPctResp_": 6.2859029223533,
                "_NEventsBest_": 0.0,
                "_CumPctRespBest_": 6.31944444444444,
                "_Value_": 0.0,
                "_NEvents_": 0.12491325468424,
                "_LiftBest_": 0.0,
                "_PartInd_": "2",
                "_Resp_": 0.13726731283983,
                "_Column_": "actual"
            },
            "rowNumber": 59
        },
        {
            "dataMap": {
                "_NObs_": 90.0,
                "_Depth_": 85.0,
                "_CumRespBest_": 100.0,
                "_formattedPartition_": "           2",
                "_column_": "predict",
                "_RespBest_": 0.0,
                "_DataRole_": "TEST",
                "_CumResp_": 99.6065003698592,
                "_PctRespBest_": 0.0,
                "_Gain_": 0.17184118082187,
                "_CumLift_": 1.17184118082187,
                "_Event_": "1",
                "_TargetName_": null,
                "_PctResp_": 0.13879250520471,
                "_GainBest_": 0.17647058823529,
                "_CumLiftBest_": 1.17647058823529,
                "_Lift_": 0.02745346256796,
                "_CumPctResp_": 5.92430819193279,
                "_NEventsBest_": 0.0,
                "_CumPctRespBest_": 5.94771241830065,
                "_Value_": 0.0,
                "_NEvents_": 0.12491325468424,
                "_LiftBest_": 0.0,
                "_PartInd_": "2",
                "_Resp_": 0.13726731283983,
                "_Column_": "actual"
            },
            "rowNumber": 60
        },
        {
            "dataMap": {
                "_NObs_": 90.0,
                "_Depth_": 90.0,
                "_CumRespBest_": 100.0,
                "_formattedPartition_": "           2",
                "_column_": "predict",
                "_RespBest_": 0.0,
                "_DataRole_": "TEST",
                "_CumResp_": 99.7437676826991,
                "_PctRespBest_": 0.0,
                "_Gain_": 0.10826408536332,
                "_CumLift_": 1.10826408536332,
                "_Event_": "1",
                "_TargetName_": null,
                "_PctResp_": 0.13879250520471,
                "_GainBest_": 0.11111111111111,
                "_CumLiftBest_": 1.11111111111111,
                "_Lift_": 0.02745346256796,
                "_CumPctResp_": 5.60289065378123,
                "_NEventsBest_": 0.0,
                "_CumPctRespBest_": 5.61728395061728,
                "_Value_": 0.0,
                "_NEvents_": 0.12491325468424,
                "_LiftBest_": 0.0,
                "_PartInd_": "2",
                "_Resp_": 0.13726731283983,
                "_Column_": "actual"
            },
            "rowNumber": 61
        },
        {
            "dataMap": {
                "_NObs_": 90.0,
                "_Depth_": 95.0,
                "_CumRespBest_": 100.0,
                "_formattedPartition_": "           2",
                "_column_": "predict",
                "_RespBest_": 0.0,
                "_DataRole_": "TEST",
                "_CumResp_": 99.8810349955389,
                "_PctRespBest_": 0.0,
                "_Gain_": 0.05137931574251,
                "_CumLift_": 1.05137931574251,
                "_Event_": "1",
                "_TargetName_": null,
                "_PctResp_": 0.13879250520471,
                "_GainBest_": 0.05263157894736,
                "_CumLiftBest_": 1.05263157894736,
                "_Lift_": 0.02745346256796,
                "_CumPctResp_": 5.31530654069826,
                "_NEventsBest_": 0.0,
                "_CumPctRespBest_": 5.32163742690058,
                "_Value_": 0.0,
                "_NEvents_": 0.12491325468424,
                "_LiftBest_": 0.0,
                "_PartInd_": "2",
                "_Resp_": 0.13726731283983,
                "_Column_": "actual"
            },
            "rowNumber": 62
        },
        {
            "dataMap": {
                "_NObs_": 78.0,
                "_Depth_": 100.0,
                "_CumRespBest_": 100.0,
                "_formattedPartition_": "           2",
                "_column_": "predict",
                "_RespBest_": 0.0,
                "_DataRole_": "TEST",
                "_CumResp_": 100.0,
                "_PctRespBest_": 0.0,
                "_Gain_": -2.2204460492503e-16,
                "_CumLift_": 1.0,
                "_Event_": "1",
                "_TargetName_": null,
                "_PctResp_": 0.13879250520471,
                "_GainBest_": 0.0,
                "_CumLiftBest_": 1.0,
                "_Lift_": 0.02379300089223,
                "_CumPctResp_": 5.08948545861297,
                "_NEventsBest_": 0.0,
                "_CumPctRespBest_": 5.08948545861297,
                "_Value_": 0.0,
                "_NEvents_": 0.10825815405968,
                "_LiftBest_": 0.0,
                "_PartInd_": "2",
                "_Resp_": 0.11896500446118,
                "_Column_": "actual"
            },
            "rowNumber": 63
        }
    ],
    "version": 1,
    "xInteger": false,
    "yInteger": false
}